a-Al(650K),a-Fe(650K),a-Al(700K),a-Fe(700K),a-Al(750K),a-Fe(750K),a-Al(800K),a-Fe(800K)
4.034891200018599e-12,2.53025959998796e-09,4.034891200018599e-12,9.120758836033088e-09,4.034891200018599e-12,2.771073712159197e-08,4.034891200018599e-12,7.327199999968679e-08
5.065533432412906e-12,2.53025959998796e-09,6.556415617336145e-12,1.4499748426936721e-08,8.199151808263445e-12,6.58359542904224e-08,9.970881904146108e-12,2.474161071231231e-07
7.400836022690207e-12,2.53025959998796e-09,1.0195352444084494e-11,1.8745968801758723e-08,1.345780332110371e-11,1.0633714372058376e-07,1.7158314300035102e-11,4.855567031131049e-07
1.5403341132691205e-11,2.53025959998796e-09,1.897432910090969e-11,1.9101606598999457e-08,2.2732353005861928e-11,1.1013382842961675e-07,2.6626409609095285e-11,5.101116253096129e-07
2.086120593619281e-11,2.53025959998796e-09,2.6277309390958208e-11,1.9101606598999457e-08,3.209643870424965e-11,1.1013382842961675e-07,3.823607513034652e-11,5.101116253096129e-07
2.618983533180468e-11,2.53025959998796e-09,3.4045245171386294e-11,1.9101606598999457e-08,4.2735652356027515e-11,1.1013382842961675e-07,5.214137452346253e-11,5.101116253096129e-07
3.2879569704886674e-11,2.53025959998796e-09,4.324929917497993e-11,1.9101606598999457e-08,5.4847684407283375e-11,1.1013382842961675e-07,6.752119451036515e-11,5.101116253096129e-07
4.024782750826058e-11,2.53025959998796e-09,5.355868320960481e-11,1.9101606598999457e-08,6.860761871531041e-11,1.1013382842961675e-07,8.520635627769756e-11,5.101116253096129e-07
4.803764640569524e-11,2.53025959998796e-09,6.465601228015189e-11,1.9101606598999457e-08,8.364355525481402e-11,1.1013382842961675e-07,1.0477993064416008e-10,5.101116253096129e-07
5.7335156083268926e-11,2.53025959998796e-09,7.882508029268349e-11,1.9101606598999457e-08,1.0386647386404004e-10,1.1013382842961675e-07,1.3222390637429003e-10,5.101116253096129e-07
6.672417879657785e-11,2.53025959998796e-09,9.185338655829051e-11,1.9101606598999457e-08,1.21171044211864e-10,1.1013382842961675e-07,1.5440614076294428e-10,5.101116253096129e-07
7.765071799249654e-11,2.53025959998796e-09,1.0598622960325892e-10,1.9101606598999457e-08,1.3878404692556848e-10,1.1013382842961675e-07,1.7570874988352878e-10,5.101116253096129e-07
9.036655247766756e-11,2.53025959998796e-09,1.2350376404890927e-10,1.9101606598999457e-08,1.6190602472875128e-10,1.1013382842961675e-07,2.0518611733492423e-10,5.101116253096129e-07
1.0253990545613527e-10,2.53025959998796e-09,1.4029401790054006e-10,1.9101606598999457e-08,1.8409100205029843e-10,1.1013382842961675e-07,2.3349457471206287e-10,5.101116253096129e-07
1.1933151408017008e-10,2.53025959998796e-09,1.6188008466878115e-10,1.9101606598999457e-08,2.1084983160211235e-10,1.1013382842961675e-07,2.6570860216129956e-10,5.101116253096129e-07
1.3202716865782839e-10,2.53025959998796e-09,1.7925884355341174e-10,1.9101606598999457e-08,2.33662436032713e-10,1.1013382842961675e-07,2.946515100346969e-10,5.101116253096129e-07
1.5364751767199948e-10,2.53025959998796e-09,2.0684015759407787e-10,1.9101606598999457e-08,2.676267972933056e-10,1.1013382842961675e-07,3.353030405634976e-10,5.101116253096129e-07
1.6999404462352927e-10,2.53025959998796e-09,2.2904563910121366e-10,1.9101606598999457e-08,2.9658230660194745e-10,1.1013382842961675e-07,3.718266793684155e-10,5.101116253096129e-07
1.9783172843099203e-10,2.53025959998796e-09,2.616976456522577e-10,1.9101606598999457e-08,3.335056299508873e-10,1.1013382842961675e-07,4.123287377823841e-10,5.101116253096129e-07
2.1887900423253437e-10,2.53025959998796e-09,2.8979239426677326e-10,1.9101606598999457e-08,3.6958880798161456e-10,1.1013382842961675e-07,4.572425741208296e-10,5.101116253096129e-07
2.421654952609746e-10,2.53025959998796e-09,3.2090327586080246e-10,1.9101606598999457e-08,4.0957595530062325e-10,1.1013382842961675e-07,5.070487512296158e-10,5.101116253096129e-07
2.74787809294099e-10,2.53025959998796e-09,3.6095796397293367e-10,1.9101606598999457e-08,4.5721580988976003e-10,1.1013382842961675e-07,5.622801783448396e-10,5.101116253096129e-07
3.04022426283921e-10,2.53025959998796e-09,3.9970887910994734e-10,1.9101606598999457e-08,5.066836388710722e-10,1.1013382842961675e-07,6.235278130412593e-10,5.101116253096129e-07
3.3636730800032283e-10,2.53025959998796e-09,4.382828546608155e-10,1.9101606598999457e-08,5.512768519428157e-10,1.1013382842961675e-07,6.738032830187477e-10,5.101116253096129e-07
3.8167962609187355e-10,2.53025959998796e-09,4.881580751966705e-10,1.9101606598999457e-08,6.04190340484693e-10,1.1013382842961675e-07,7.281324981998846e-10,5.101116253096129e-07
4.2228644089300605e-10,2.53025959998796e-09,5.405646544481314e-10,1.9101606598999457e-08,6.69559874496354e-10,1.1013382842961675e-07,8.07445970340439e-10,5.101116253096129e-07
4.672134061438159e-10,2.53025959998796e-09,5.985973816389361e-10,1.9101606598999457e-08,7.42001974371076e-10,1.1013382842961675e-07,8.953988410499933e-10,5.101116253096129e-07
5.169201417381373e-10,2.53025959998796e-09,6.628602561349516e-10,1.9101606598999457e-08,8.222818465409299e-10,1.1013382842961675e-07,9.929321762738328e-10,5.101116253096129e-07
5.57640841502082e-10,2.53025959998796e-09,7.085342920913761e-10,1.9101606598999457e-08,8.719662348674639e-10,1.1013382842961675e-07,1.0456133333315675e-09,5.101116253096129e-07
6.169681328439901e-10,2.53025959998796e-09,7.84599526730595e-10,1.9101606598999457e-08,9.663074095401012e-10,1.1013382842961675e-07,1.1595091204142867e-09,5.101116253096129e-07
6.826072421805881e-10,2.53025959998796e-09,8.68830802146254e-10,1.9101606598999457e-08,1.07085569646402e-09,1.1013382842961675e-07,1.2858112626013918e-09,5.101116253096129e-07
7.552296824951433e-10,2.53025959998796e-09,9.433425275581844e-10,1.9101606598999457e-08,1.1438815671064124e-09,1.1013382842961675e-07,1.3540314559744255e-09,5.101116253096129e-07
8.35578408895374e-10,2.53025959998796e-09,1.0446157778508027e-09,1.9101606598999457e-08,1.267642243164712e-09,1.1013382842961675e-07,1.501522381631998e-09,5.101116253096129e-07
9.244754193259816e-10,2.53025959998796e-09,1.1454266068836595e-09,1.9101606598999457e-08,1.3792074019966275e-09,1.1013382842961675e-07,1.6225911484766803e-09,5.101116253096129e-07
9.973015349092111e-10,2.53025959998796e-09,1.236467320723166e-09,1.9101606598999457e-08,1.489674249004747e-09,1.1013382842961675e-07,1.7534217720106783e-09,5.101116253096129e-07
1.0758645722104983e-09,2.53025959998796e-09,1.3347441259251372e-09,1.9101606598999457e-08,1.608988876462897e-09,1.1013382842961675e-07,1.8948013573520703e-09,5.101116253096129e-07
1.1903255768026991e-09,2.53025959998796e-09,1.463553842123457e-09,1.9101606598999457e-08,1.7505959430696563e-09,1.1013382842961675e-07,2.04758047443783e-09,5.101116253096129e-07
1.316964063496887e-09,2.53025959998796e-09,1.6206747714149112e-09,1.9101606598999457e-08,1.939999237649589e-09,1.1013382842961675e-07,2.2706177888227272e-09,5.101116253096129e-07
1.420708711653249e-09,2.53025959998796e-09,1.732346510817245e-09,1.9101606598999457e-08,2.057218991292488e-09,1.1013382842961675e-07,2.3910880235571282e-09,5.101116253096129e-07
1.5326259078080101e-09,2.53025959998796e-09,1.8885418918864207e-09,1.9101606598999457e-08,2.2632108769180676e-09,1.1013382842961675e-07,2.65154267131816e-09,5.101116253096129e-07
1.695681654416808e-09,2.53025959998796e-09,2.050504974375624e-09,1.9101606598999457e-08,2.417548146897596e-09,1.1013382842961675e-07,2.792223313209722e-09,5.101116253096129e-07
1.8760848674665062e-09,2.53025959998796e-09,2.2483893169116862e-09,1.9101606598999457e-08,2.630316492577757e-09,1.1013382842961675e-07,3.017362170559184e-09,5.101116253096129e-07
1.973361086295193e-09,2.53025959998796e-09,2.38941495970166e-09,1.9101606598999457e-08,2.8203213461880904e-09,1.1013382842961675e-07,3.26065412649817e-09,5.101116253096129e-07
2.1833065554506836e-09,2.53025959998796e-09,2.6200058698702e-09,1.9101606598999457e-08,3.0685377500206062e-09,1.1013382842961675e-07,3.523562877663831e-09,5.101116253096129e-07
2.3552978623442724e-09,2.53025959998796e-09,2.82824898490106e-09,1.9101606598999457e-08,3.314310568292498e-09,1.1013382842961675e-07,3.807670139544801e-09,5.101116253096129e-07
2.5408378894453444e-09,2.53025959998796e-09,3.053043663978581e-09,1.9101606598999457e-08,3.579768423256834e-09,1.1013382842961675e-07,4.11468516242109e-09,5.101116253096129e-07
2.811157095824917e-09,2.53025959998796e-09,3.3476781787591446e-09,1.9101606598999457e-08,3.8948237433801864e-09,1.1013382842961675e-07,4.446455014580726e-09,5.101116253096129e-07
2.9569174169902196e-09,2.53025959998796e-09,3.5227943016979674e-09,1.9101606598999457e-08,4.1001111450956645e-09,1.1013382842961675e-07,4.682366792414662e-09,5.101116253096129e-07
3.271503236420525e-09,2.53025959998796e-09,3.862762184240455e-09,1.9101606598999457e-08,4.4609618138057375e-09,1.1013382842961675e-07,5.059909198979382e-09,5.101116253096129e-07
3.441132803954193e-09,2.53025959998796e-09,4.105046078706543e-09,1.9101606598999457e-08,4.7832060755838246e-09,1.1013382842961675e-07,5.467893105553367e-09,5.101116253096129e-07
3.807234196127101e-09,2.53025959998796e-09,4.5012042712085815e-09,1.9101606598999457e-08,5.204175910271619e-09,1.1013382842961675e-07,5.908773030905109e-09,5.101116253096129e-07
4.107151394381789e-09,2.53025959998796e-09,4.858968660062078e-09,1.9101606598999457e-08,5.621001474904661e-09,1.1013382842961675e-07,6.3852014033142284e-09,5.101116253096129e-07
4.430694753039318e-09,2.53025959998796e-09,5.1937733300310574e-09,1.9101606598999457e-08,5.9606368702840035e-09,1.1013382842961675e-07,6.723975597575507e-09,5.101116253096129e-07
4.779725437310083e-09,2.53025959998796e-09,5.606584442192211e-09,1.9101606598999457e-08,6.438050753263024e-09,1.1013382842961675e-07,7.266134305198233e-09,5.101116253096129e-07
5.156251226830171e-09,2.53025959998796e-09,6.052206576994294e-09,1.9101606598999457e-08,6.953702834713269e-09,1.1013382842961675e-07,7.852007636704651e-09,5.101116253096129e-07
5.562438065302394e-09,2.53025959998796e-09,6.4692306755956794e-09,1.9101606598999457e-08,7.373863480847681e-09,1.1013382842961675e-07,8.26860492039837e-09,5.101116253096129e-07
6.000622519967086e-09,2.53025959998796e-09,6.983417595263145e-09,1.9101606598999457e-08,7.964468960355941e-09,1.1013382842961675e-07,8.935308136737006e-09,5.101116253096129e-07
6.473325222575493e-09,2.53025959998796e-09,7.538473082093367e-09,1.9101606598999457e-08,8.602378656077475e-09,1.1013382842961675e-07,9.655768085070389e-09,5.101116253096129e-07
6.983265369184071e-09,2.53025959998796e-09,8.05790758947462e-09,1.9101606598999457e-08,9.122156544253396e-09,1.1013382842961675e-07,1.0168065951085328e-08,5.101116253096129e-07
7.345352213959321e-09,2.53025959998796e-09,8.563323439301173e-09,1.9101606598999457e-08,9.781109192610404e-09,1.1013382842961675e-07,1.0987923997127436e-08,5.101116253096129e-07
8.126822684509245e-09,2.53025959998796e-09,9.38972847117671e-09,1.9101606598999457e-08,1.0641944342677417e-08,1.1013382842961675e-07,1.1873887752838769e-08,5.101116253096129e-07
8.548203718784003e-09,2.53025959998796e-09,9.88090257977344e-09,1.9101606598999457e-08,1.1202857299784174e-08,1.1013382842961675e-07,1.2503870505478117e-08,5.101116253096129e-07
9.2215936857201e-09,2.53025959998796e-09,1.066625575634114e-08,1.9101606598999457e-08,1.2100143901927917e-08,1.1013382842961675e-07,1.3512066055143205e-08,5.101116253096129e-07
9.948030358430586e-09,2.53025959998796e-09,1.1514030316680674e-08,1.9101606598999457e-08,1.306929817361719e-08,1.1013382842961675e-07,1.4601553094984751e-08,5.101116253096129e-07
1.0463842193407926e-08,2.53025959998796e-09,1.2116326069375918e-08,1.9101606598999457e-08,1.375815149306884e-08,1.1013382842961675e-07,1.53762552652482e-08,5.101116253096129e-07
1.1577088154180572e-08,2.53025959998796e-09,1.3285614243827278e-08,1.9101606598999457e-08,1.4969006026226322e-08,1.1013382842961675e-07,1.6616053144004626e-08,5.101116253096129e-07
1.2177367693882781e-08,2.53025959998796e-09,1.3980581063517968e-08,1.9101606598999457e-08,1.575798867495606e-08,1.1013382842961675e-07,1.7497636928149787e-08,5.101116253096129e-07
1.313664726869372e-08,2.53025959998796e-09,1.5091784585650737e-08,1.9101606598999457e-08,1.7020115981981796e-08,1.1013382842961675e-07,1.8908483247526305e-08,5.101116253096129e-07
1.4171494677685415e-08,2.53025959998796e-09,1.6291308704902545e-08,1.9101606598999457e-08,1.838333267116153e-08,1.1013382842961675e-07,2.043308706141904e-08,5.101116253096129e-07
1.4906295880606272e-08,2.53025959998796e-09,1.7143502573507762e-08,1.9101606598999457e-08,1.9352276799980785e-08,1.1013382842961675e-07,2.1517187964157887e-08,5.101116253096129e-07
1.6080548439436198e-08,2.53025959998796e-09,1.850610119189325e-08,1.9101606598999457e-08,2.090228660809772e-08,1.1013382842961675e-07,2.325213340663243e-08,5.101116253096129e-07
1.7347303460511677e-08,2.53025959998796e-09,1.9781254323233915e-08,1.9101606598999457e-08,2.2165256633664923e-08,1.1013382842961675e-07,2.4485802051069934e-08,5.101116253096129e-07
1.824677241139724e-08,2.53025959998796e-09,2.1021993231368217e-08,1.9101606598999457e-08,2.376639716325472e-08,1.1013382842961675e-07,2.6460108858474283e-08,5.101116253096129e-07
1.968417304842243e-08,2.53025959998796e-09,2.2470502575289035e-08,1.9101606598999457e-08,2.520242412985881e-08,1.1013382842961675e-07,2.7863980325072426e-08,5.101116253096129e-07
2.1234805798214523e-08,2.53025959998796e-09,2.4018820690734583e-08,1.9101606598999457e-08,2.6725219546667897e-08,1.1013382842961675e-07,2.9342335804766192e-08,5.101116253096129e-07
2.23358442701048e-08,2.53025959998796e-09,2.5525352322730063e-08,1.9101606598999457e-08,2.865575583079845e-08,1.1013382842961675e-07,3.170822821881375e-08,5.101116253096129e-07
2.4095364039326574e-08,2.53025959998796e-09,2.728416324705168e-08,1.9101606598999457e-08,3.038721044879465e-08,1.1013382842961675e-07,3.339054468587226e-08,5.101116253096129e-07
2.5344724313849584e-08,2.53025959998796e-09,2.8995506843536645e-08,1.9101606598999457e-08,3.2582276133567536e-08,1.1013382842961675e-07,3.608284692448236e-08,5.101116253096129e-07
2.7341270445547933e-08,2.53025959998796e-09,3.09934269328606e-08,1.9101606598999457e-08,3.455098122755972e-08,1.1013382842961675e-07,3.7997263811496905e-08,5.101116253096129e-07
2.8758933075334443e-08,2.53025959998796e-09,3.2937426542978906e-08,1.9101606598999457e-08,3.704682313432668e-08,1.1013382842961675e-07,4.106100893405058e-08,5.101116253096129e-07
3.1024435586717346e-08,2.53025959998796e-09,3.520696252784554e-08,1.9101606598999457e-08,3.9285287663992767e-08,1.1013382842961675e-07,4.323954792421728e-08,5.101116253096129e-07
3.263307272115853e-08,2.53025959998796e-09,3.741524758053896e-08,1.9101606598999457e-08,4.212311929098512e-08,1.1013382842961675e-07,4.672598196619069e-08,5.101116253096129e-07
3.52037629484441e-08,2.53025959998796e-09,3.999332545969323e-08,1.9101606598999457e-08,4.466830671690492e-08,1.1013382842961675e-07,4.920508260715808e-08,5.101116253096129e-07
3.7029100920915766e-08,2.53025959998796e-09,4.20853652926644e-08,1.9101606598999457e-08,4.7022672723974953e-08,1.1013382842961675e-07,5.1815714780036354e-08,5.101116253096129e-07
3.994609095357197e-08,2.53025959998796e-09,4.543039122048426e-08,1.9101606598999457e-08,5.078892744838578e-08,1.1013382842961675e-07,5.5993650965560537e-08,5.101116253096129e-07
4.201732171308341e-08,2.53025959998796e-09,4.780684246499264e-08,1.9101606598999457e-08,5.346589761154559e-08,1.1013382842961675e-07,5.8964458429794594e-08,5.101116253096129e-07
4.532726188413259e-08,2.53025959998796e-09,5.160662242319283e-08,1.9101606598999457e-08,5.774821883680596e-08,1.1013382842961675e-07,6.371880265875041e-08,5.101116253096129e-07
4.767750985127321e-08,2.53025959998796e-09,5.430615061979733e-08,1.9101606598999457e-08,6.079199760057007e-08,1.1013382842961675e-07,6.70994769188929e-08,5.101116253096129e-07
5.143333479865873e-08,2.53025959998796e-09,5.8048087254415295e-08,1.9101606598999457e-08,6.44652067667927e-08,1.1013382842961675e-07,7.065951673482635e-08,5.101116253096129e-07
5.410018661209503e-08,2.53025959998796e-09,6.10845667011273e-08,1.9101606598999457e-08,6.786302286070401e-08,1.1013382842961675e-07,7.440843855212498e-08,5.101116253096129e-07
5.690531642408364e-08,2.53025959998796e-09,6.491597179577792e-08,1.9101606598999457e-08,7.276521001597145e-08,1.1013382842961675e-07,8.040804136094406e-08,5.101116253096129e-07
6.138806746815337e-08,2.53025959998796e-09,6.93889725565036e-08,1.9101606598999457e-08,7.716187153331306e-08,1.1013382842961675e-07,8.467418234907995e-08,5.101116253096129e-07
6.457107863574883e-08,2.53025959998796e-09,7.37412546029058e-08,1.9101606598999457e-08,8.27357749576183e-08,1.1013382842961675e-07,9.150151903482593e-08,5.101116253096129e-07
6.965770477826877e-08,2.53025959998796e-09,7.88223568156761e-08,1.9101606598999457e-08,8.773488370455623e-08,1.1013382842961675e-07,9.63562372225117e-08,5.101116253096129e-07
7.326950201122946e-08,2.53025959998796e-09,8.294553257792305e-08,1.9101606598999457e-08,9.23591921462746e-08,1.1013382842961675e-07,1.0146852805959625e-07,5.101116253096129e-07
7.706857327645334e-08,2.53025959998796e-09,8.728439052798074e-08,1.9101606598999457e-08,9.722723748785809e-08,1.1013382842961675e-07,1.0685205735883305e-07,5.101116253096129e-07
8.106462885414129e-08,2.53025959998796e-09,9.275912623640656e-08,1.9101606598999457e-08,1.0425059269166937e-07,1.1013382842961675e-07,1.1546761113112512e-07,5.101116253096129e-07
8.745054448502658e-08,2.53025959998796e-09,9.915064485257981e-08,1.9101606598999457e-08,1.1054968217339989e-07,1.1013382842961675e-07,1.2159387786155554e-07,5.101116253096129e-07
9.198491201260069e-08,2.53025959998796e-09,1.0433718775973169e-07,1.9101606598999457e-08,1.1637650734165625e-07,1.1013382842961675e-07,1.280451807097743e-07,5.101116253096129e-07
9.923107961652344e-08,2.53025959998796e-09,1.1263010849037193e-07,1.9101606598999457e-08,1.2569761873740394e-07,1.1013382842961675e-07,1.3836955037523866e-07,5.101116253096129e-07
1.043762755417052e-07,2.53025959998796e-09,1.1852175842558913e-07,1.9101606598999457e-08,1.3232285758069728e-07,1.1013382842961675e-07,1.457109057965938e-07,5.101116253096129e-07
1.097882532172298e-07,2.53025959998796e-09,1.247215989452284e-07,1.9101606598999457e-08,1.392972978660838e-07,1.1013382842961675e-07,1.534417652618411e-07,5.101116253096129e-07
1.1548084545011785e-07,2.53025959998796e-09,1.3124575141382544e-07,1.9101606598999457e-08,1.4663934521636956e-07,1.1013382842961675e-07,1.6158279435539853e-07,5.101116253096129e-07
1.214686022874177e-07,2.53025959998796e-09,1.381111805000535e-07,1.9101606598999457e-08,1.5436837537335485e-07,1.1013382842961675e-07,1.7015575509800305e-07,5.101116253096129e-07
1.2776682820556721e-07,2.53025959998796e-09,1.453357382897272e-07,1.9101606598999457e-08,1.6250478533062144e-07,1.1013382842961675e-07,1.791835641193951e-07,5.101116253096129e-07
1.3783173810375033e-07,2.53025959998796e-09,1.568873028166652e-07,1.9101606598999457e-08,1.755205154037178e-07,1.1013382842961675e-07,1.9363125628312534e-07,5.101116253096129e-07
1.4497840324125274e-07,2.53025959998796e-09,1.6509403439017885e-07,1.9101606598999457e-08,1.847718070998399e-07,1.1013382842961675e-07,2.039045849829949e-07,5.101116253096129e-07
1.5249562760764033e-07,2.53025959998796e-09,1.7544922161044445e-07,1.9101606598999457e-08,1.9811907548308865e-07,1.1013382842961675e-07,2.2034554980633385e-07,5.101116253096129e-07
1.6450856377655174e-07,2.53025959998796e-09,1.8753845758770368e-07,1.9101606598999457e-08,2.100899406099343e-07,1.1013382842961675e-07,2.3203623603213575e-07,5.101116253096129e-07
1.7303843965084084e-07,2.53025959998796e-09,1.9734854262008924e-07,1.9101606598999457e-08,2.211633089767771e-07,1.1013382842961675e-07,2.443471850431415e-07,5.101116253096129e-07
1.8201059512906324e-07,2.53025959998796e-09,2.0767179049694133e-07,1.9101606598999457e-08,2.328203296909513e-07,1.1013382842961675e-07,2.573113055938317e-07,5.101116253096129e-07
1.914479626959285e-07,2.53025959998796e-09,2.18535044625231e-07,1.9101606598999457e-08,2.4509176575529984e-07,1.1013382842961675e-07,2.709632524504523e-07,5.101116253096129e-07
2.0137466390037025e-07,2.53025959998796e-09,2.2996655258314965e-07,1.9101606598999457e-08,2.580100016213727e-07,1.1013382842961675e-07,2.853395190276774e-07,5.101116253096129e-07
2.118160710093029e-07,2.53025959998796e-09,2.419960395719197e-07,1.9101606598999457e-08,2.7160912865234136e-07,1.1013382842961675e-07,3.004785349402105e-07,5.101116253096129e-07
2.227988718581575e-07,2.53025959998796e-09,2.546547857098455e-07,1.9101606598999457e-08,2.8592503509047255e-07,1.1013382842961675e-07,3.1642076873010095e-07,5.101116253096129e-07
2.3435113806396425e-07,2.53025959998796e-09,2.679757073696028e-07,1.9101606598999457e-08,3.009955007665885e-07,1.1013382842961675e-07,3.3320883604438094e-07,5.101116253096129e-07
2.4650239677532864e-07,2.53025959998796e-09,2.8199344277024665e-07,1.9101606598999457e-08,3.168602968014392e-07,1.1013382842961675e-07,3.508876135521786e-07,5.101116253096129e-07
2.592837061426895e-07,2.53025959998796e-09,2.996809074055344e-07,1.9101606598999457e-08,3.397491751849231e-07,1.1013382842961675e-07,3.791799195434244e-07,5.101116253096129e-07
2.727277347017545e-07,2.53025959998796e-09,3.153571330823708e-07,1.9101606598999457e-08,3.576565902578732e-07,1.1013382842961675e-07,3.992977456869664e-07,5.101116253096129e-07
2.868688448730264e-07,2.53025959998796e-09,3.318533778041261e-07,1.9101606598999457e-08,3.765078649131765e-07,1.1013382842961675e-07,4.204829462031528e-07,5.101116253096129e-07
3.017431807908281e-07,2.53025959998796e-09,3.492125365410497e-07,1.9101606598999457e-08,3.963527478670819e-07,1.1013382842961675e-07,4.427921518652709e-07,5.101116253096129e-07
3.173887606863211e-07,2.53025959998796e-09,3.6747974808746297e-07,1.9101606598999457e-08,4.172436099788058e-07,1.1013382842961675e-07,4.662849980573274e-07,5.101116253096129e-07
3.3384557406064504e-07,2.53025959998796e-09,3.867025124355794e-07,1.9101606598999457e-08,4.392355824577963e-07,1.1013382842961675e-07,4.910242841871276e-07,5.101116253096129e-07
3.511556838965428e-07,2.53025959998796e-09,4.029434456909031e-07,1.9101606598999457e-08,4.539652085764329e-07,1.1013382842961675e-07,5.03881873337747e-07,5.101116253096129e-07
3.693633341697351e-07,2.53025959998796e-09,4.282172530378538e-07,1.9101606598999457e-08,4.86758065726188e-07,1.1013382842961675e-07,5.445102101422135e-07,5.101116253096129e-07
3.885150629348147e-07,2.53025959998796e-09,4.506171795311763e-07,1.9101606598999457e-08,5.124139888592478e-07,1.1013382842961675e-07,5.733998247457906e-07,5.101116253096129e-07
4.086598212747317e-07,2.53025959998796e-09,4.74188840006134e-07,1.9101606598999457e-08,5.394221780114199e-07,1.1013382842961675e-07,6.038222110337126e-07,5.101116253096129e-07
4.298490984178793e-07,2.53025959998796e-09,5.039313696751288e-07,1.9101606598999457e-08,5.783881474133669e-07,1.1013382842961675e-07,6.525088049716761e-07,5.101116253096129e-07
4.521370533425826e-07,2.53025959998796e-09,5.250957414517955e-07,1.9101606598999457e-08,5.977842107176607e-07,1.1013382842961675e-07,6.695949051945526e-07,5.101116253096129e-07
4.755806532053677e-07,2.53025959998796e-09,5.525633549751524e-07,1.9101606598999457e-08,6.292920723027564e-07,1.1013382842961675e-07,7.051210319618292e-07,5.101116253096129e-07
5.002398189468252e-07,2.53025959998796e-09,5.814677917920729e-07,1.9101606598999457e-08,6.624606424242559e-07,1.1013382842961675e-07,7.425320381887529e-07,5.101116253096129e-07
5.261775784472287e-07,2.53025959998796e-09,6.118842117330638e-07,1.9101606598999457e-08,6.973774532948841e-07,1.1013382842961675e-07,7.81927928319956e-07,5.101116253096129e-07
5.534602276233843e-07,2.53025959998796e-09,6.43891706218661e-07,1.9101606598999457e-08,7.341346507534856e-07,1.1013382842961675e-07,8.234140126507478e-07,5.101116253096129e-07
5.821574998784352e-07,2.53025959998796e-09,6.70934205007949e-07,1.9101606598999457e-08,7.587536237106073e-07,1.1013382842961675e-07,8.449753069013016e-07,5.101116253096129e-07
6.123427443377705e-07,2.53025959998796e-09,7.060305883680697e-07,1.9101606598999457e-08,7.987458211029786e-07,1.1013382842961675e-07,8.898064423166347e-07,5.101116253096129e-07
6.440931133265674e-07,2.53025959998796e-09,7.429628538694891e-07,1.9101606598999457e-08,8.408459172945001e-07,1.1013382842961675e-07,9.370161451128284e-07,5.101116253096129e-07
6.774897595681715e-07,2.53025959998796e-09,7.818270360010663e-07,1.9101606598999457e-08,8.851650148911108e-07,1.1013382842961675e-07,9.867306129142108e-07,5.101116253096129e-07
6.948319415711091e-07,2.53025959998796e-09,8.099513953395404e-07,1.9101606598999457e-08,9.250408604469724e-07,1.1013382842961675e-07,1.0390827389050106e-06,5.101116253096129e-07
7.308594290102624e-07,2.53025959998796e-09,8.523197296139353e-07,1.9101606598999457e-08,9.737976841786182e-07,1.1013382842961675e-07,1.0942124670699885e-06,5.101116253096129e-07
7.495677519885135e-07,2.53025959998796e-09,8.82979895153287e-07,1.9101606598999457e-08,1.017666347539356e-06,1.1013382842961675e-07,1.1522671662827433e-06,5.101116253096129e-07
7.884333267467732e-07,2.53025959998796e-09,9.291683301268964e-07,1.9101606598999457e-08,1.071305252420411e-06,1.1013382842961675e-07,1.213402024241734e-06,5.101116253096129e-07
8.293141067980631e-07,2.53025959998796e-09,9.587050597416018e-07,1.9101606598999457e-08,1.0870650268366e-06,1.1013382842961675e-07,1.213402024241734e-06,5.101116253096129e-07
8.723145818456269e-07,2.53025959998796e-09,1.0088546572056034e-06,1.9101606598999457e-08,1.144361780055368e-06,1.1013382842961675e-07,1.2777804623069977e-06,5.101116253096129e-07
9.175446594516896e-07,2.53025959998796e-09,1.0616275662921382e-06,1.9101606598999457e-08,1.2046785163003273e-06,1.1013382842961675e-07,1.3455745723465243e-06,5.101116253096129e-07
9.651199459569572e-07,2.53025959998796e-09,1.1062143530124202e-06,1.9101606598999457e-08,1.245077028731778e-06,1.1013382842961675e-07,1.3808087666214429e-06,5.101116253096129e-07
9.898248001943394e-07,2.53025959998796e-09,1.1347784532043969e-06,1.9101606598999457e-08,1.2774682969142169e-06,1.1013382842961675e-07,1.4169655767600348e-06,5.101116253096129e-07
1.0151620419659831e-06,2.53025959998796e-09,1.1755993963515131e-06,1.9101606598999457e-08,1.3350170337636112e-06,1.1013382842961675e-07,1.492144312909794e-06,5.101116253096129e-07
1.0677988531536447e-06,2.53025959998796e-09,1.23709467678932e-06,1.9101606598999457e-08,1.4053827797291522e-06,1.1013382842961675e-07,1.5713117432535238e-06,5.101116253096129e-07
1.1231649171871257e-06,2.53025959998796e-09,1.2764198773922342e-06,1.9101606598999457e-08,1.426057107169333e-06,1.1013382842961675e-07,1.5713117432535238e-06,5.101116253096129e-07
1.1814017475990343e-06,2.53025959998796e-09,1.343189049407999e-06,1.9101606598999457e-08,1.5012213706937786e-06,1.1013382842961675e-07,1.6546794925429508e-06,5.101116253096129e-07
1.2426581954905598e-06,2.53025959998796e-09,1.4134508984108864e-06,1.9101606598999457e-08,1.5803473735362144e-06,1.1013382842961675e-07,1.7424704135240684e-06,5.101116253096129e-07
1.27446739155483e-06,2.53025959998796e-09,1.4499483032481102e-06,1.9101606598999457e-08,1.6214608584181566e-06,1.1013382842961675e-07,1.7880974209974184e-06,5.101116253096129e-07
1.3070908299891475e-06,2.53025959998796e-09,1.4873881253715355e-06,1.9101606598999457e-08,1.6636439300678263e-06,1.1013382842961675e-07,1.8349191826512785e-06,5.101116253096129e-07
1.3748643384331972e-06,2.53025959998796e-09,1.5651929882980163e-06,1.9101606598999457e-08,1.751330860795773e-06,1.1013382842961675e-07,1.9322729274077954e-06,5.101116253096129e-07
1.4461519473065595e-06,2.53025959998796e-09,1.630928777534409e-06,1.9101606598999457e-08,1.810061186433793e-06,1.1013382842961675e-07,1.9828699594234378e-06,5.101116253096129e-07
1.5211358649987778e-06,2.53025959998796e-09,1.6994253726387288e-06,1.9101606598999457e-08,1.8707610149377504e-06,1.1013382842961675e-07,2.034791886909321e-06,5.101116253096129e-07
1.5211358649987778e-06,2.53025959998796e-09,1.7332254649748149e-06,1.9101606598999457e-08,1.940813668777483e-06,1.1013382842961675e-07,2.1427501075567226e-06,5.101116253096129e-07
1.6000077475227345e-06,2.53025959998796e-09,1.806018369566488e-06,1.9101606598999457e-08,2.0058982403576483e-06,1.1013382842961675e-07,2.1988585352305533e-06,5.101116253096129e-07
1.6829691883800445e-06,2.53025959998796e-09,1.881868468427441e-06,1.9101606598999457e-08,2.073165402428555e-06,1.1013382842961675e-07,2.256436175597425e-06,5.101116253096129e-07
1.7702322338263142e-06,2.53025959998796e-09,1.9803084893837e-06,1.9101606598999457e-08,2.1824372891254457e-06,1.1013382842961675e-07,2.376153988553685e-06,5.101116253096129e-07
1.7702322338263142e-06,2.53025959998796e-09,1.999904837133684e-06,1.9101606598999457e-08,2.222923612100272e-06,1.1013382842961675e-07,2.4383741530695926e-06,5.101116253096129e-07
1.8620199248532315e-06,2.53025959998796e-09,2.083897880706938e-06,1.9101606598999457e-08,2.297468651264239e-06,1.1013382842961675e-07,2.502223567579833e-06,5.101116253096129e-07
1.958566867272739e-06,2.53025959998796e-09,2.192906004541923e-06,1.9101606598999457e-08,2.418563057844877e-06,1.1013382842961675e-07,2.6349819129201105e-06,5.101116253096129e-07
2.008701681264344e-06,2.53025959998796e-09,2.249530099731741e-06,1.9101606598999457e-08,2.481483120471516e-06,1.1013382842961675e-07,2.7039795489774064e-06,5.101116253096129e-07
2.0601198313605155e-06,2.53025959998796e-09,2.3076163132929907e-06,1.9101606598999457e-08,2.546040078306692e-06,1.1013382842961675e-07,2.774783904753788e-06,5.101116253096129e-07
2.1669383825912816e-06,2.53025959998796e-09,2.428327086681627e-06,1.9101606598999457e-08,2.6802361258755727e-06,1.1013382842961675e-07,2.922003251835648e-06,5.101116253096129e-07
2.222407028853924e-06,2.53025959998796e-09,2.466621396930883e-06,1.9101606598999457e-08,2.6998783814112074e-06,1.1013382842961675e-07,2.922003251835648e-06,5.101116253096129e-07
2.279295545078226e-06,2.53025959998796e-09,2.555352207359345e-06,1.9101606598999457e-08,2.821505345362117e-06,1.1013382842961675e-07,3.0770334904676906e-06,5.101116253096129e-07
2.397478499412112e-06,2.53025959998796e-09,2.689021977092665e-06,1.9101606598999457e-08,2.9702205477535502e-06,1.1013382842961675e-07,3.24028903647241e-06,5.101116253096129e-07
2.458848443234489e-06,2.53025959998796e-09,2.7314274019724573e-06,1.9101606598999457e-08,2.991987969822421e-06,1.1013382842961675e-07,3.24028903647241e-06,5.101116253096129e-07
2.521789316683841e-06,2.53025959998796e-09,2.8296839756424565e-06,1.9101606598999457e-08,3.126774194065944e-06,1.1013382842961675e-07,3.412206292979743e-06,5.101116253096129e-07
2.652545730566569e-06,2.53025959998796e-09,2.948526515073136e-06,1.9101606598999457e-08,3.231629576178379e-06,1.1013382842961675e-07,3.501555736632864e-06,5.101116253096129e-07
2.7204448097495886e-06,2.53025959998796e-09,3.0246618559009697e-06,1.9101606598999457e-08,3.315701949094062e-06,1.1013382842961675e-07,3.593244816988943e-06,5.101116253096129e-07
2.790081949430778e-06,2.53025959998796e-09,3.133466838327573e-06,1.9101606598999457e-08,3.4650711815050472e-06,1.1013382842961675e-07,3.783888547823661e-06,5.101116253096129e-07
2.934749510567984e-06,2.53025959998796e-09,3.2330745840496867e-06,1.9101606598999457e-08,3.516045205979558e-06,1.1013382842961675e-07,3.783888547823661e-06,5.101116253096129e-07
3.009872358443563e-06,2.53025959998796e-09,3.34937671634098e-06,1.9101606598999457e-08,3.674439712362434e-06,1.1013382842961675e-07,3.984647100764221e-06,5.101116253096129e-07
3.086918178706602e-06,2.53025959998796e-09,3.435862605667672e-06,1.9101606598999457e-08,3.770032000547662e-06,1.1013382842961675e-07,4.088986044848519e-06,5.101116253096129e-07
3.246976891116358e-06,2.53025959998796e-09,3.580163750497723e-06,1.9101606598999457e-08,3.896458829432125e-06,1.1013382842961675e-07,4.196057129314969e-06,5.101116253096129e-07
3.3300920429098902e-06,2.53025959998796e-09,3.708951586135387e-06,1.9101606598999457e-08,4.071990609250968e-06,1.1013382842961675e-07,4.418683759748285e-06,5.101116253096129e-07
3.415334751717013e-06,2.53025959998796e-09,3.7674411296231343e-06,1.9101606598999457e-08,4.101832412856799e-06,1.1013382842961675e-07,4.418683759748285e-06,5.101116253096129e-07
3.592422076732276e-06,2.53025959998796e-09,3.9645149368385125e-06,1.9101606598999457e-08,4.318030776066148e-06,1.1013382842961675e-07,4.653122101760041e-06,5.101116253096129e-07
3.592422076732276e-06,2.53025959998796e-09,4.003746204986271e-06,1.9101606598999457e-08,4.398134424169186e-06,1.1013382842961675e-07,4.77496522475576e-06,5.101116253096129e-07
3.7786914945615e-06,2.53025959998796e-09,4.171897620597438e-06,1.9101606598999457e-08,4.545624468862317e-06,1.1013382842961675e-07,4.8999988392745134e-06,5.101116253096129e-07
3.97461910268056e-06,2.53025959998796e-09,4.39012843539087e-06,1.9101606598999457e-08,4.785214113444597e-06,1.1013382842961675e-07,5.159973905651403e-06,5.101116253096129e-07
3.97461910268056e-06,2.53025959998796e-09,4.39012843539087e-06,1.9101606598999457e-08,4.785214113444597e-06,1.1013382842961675e-07,5.159973905651403e-06,5.101116253096129e-07
4.180705684528616e-06,2.53025959998796e-09,4.619774843963555e-06,1.9101606598999457e-08,5.037431989457844e-06,1.1013382842961675e-07,5.433742247772757e-06,5.101116253096129e-07
4.2877221491435545e-06,2.53025959998796e-09,4.739064302781358e-06,1.9101606598999457e-08,5.168483166819542e-06,1.1013382842961675e-07,5.57602609731367e-06,5.101116253096129e-07
4.397477989491415e-06,2.53025959998796e-09,4.8614339928800505e-06,1.9101606598999457e-08,5.302943702585259e-06,1.1013382842961675e-07,5.722035683725629e-06,5.101116253096129e-07
4.625490079252455e-06,2.53025959998796e-09,5.115734265277132e-06,1.9101606598999457e-08,5.5824499410889934e-06,1.1013382842961675e-07,6.025624859046281e-06,5.101116253096129e-07
4.625490079252455e-06,2.53025959998796e-09,5.115734265277132e-06,1.9101606598999457e-08,5.5824499410889934e-06,1.1013382842961675e-07,6.025624859046281e-06,5.101116253096129e-07
4.865324743953366e-06,2.53025959998796e-09,5.38333691484028e-06,1.9101606598999457e-08,5.876688324933884e-06,1.1013382842961675e-07,6.345321306754965e-06,5.101116253096129e-07
4.989865884275274e-06,2.53025959998796e-09,5.468231233700307e-06,1.9101606598999457e-08,5.919755953441399e-06,1.1013382842961675e-07,6.345321306754965e-06,5.101116253096129e-07
5.117594991783124e-06,2.53025959998796e-09,5.664937785253038e-06,1.9101606598999457e-08,6.186435352374568e-06,1.1013382842961675e-07,6.681979616688474e-06,5.101116253096129e-07
5.382945615803439e-06,2.53025959998796e-09,5.902856788898475e-06,1.9101606598999457e-08,6.393895502205084e-06,1.1013382842961675e-07,6.856948862387638e-06,5.101116253096129e-07
5.382945615803439e-06,2.53025959998796e-09,5.961269119590248e-06,1.9101606598999457e-08,6.512508449142644e-06,1.1013382842961675e-07,7.036499719928909e-06,5.101116253096129e-07
5.662054842015002e-06,2.53025959998796e-09,6.273101464360183e-06,1.9101606598999457e-08,6.855768125641964e-06,1.1013382842961675e-07,7.409829294435556e-06,5.101116253096129e-07
5.955636062877193e-06,2.53025959998796e-09,6.472513019608858e-06,1.9101606598999457e-08,6.956622068872156e-06,1.1013382842961675e-07,7.409829294435556e-06,5.101116253096129e-07
5.955636062877193e-06,2.53025959998796e-09,6.601245673146676e-06,1.9101606598999457e-08,7.21712024784492e-06,1.1013382842961675e-07,7.80296629831034e-06,5.101116253096129e-07
6.264439660711664e-06,2.53025959998796e-09,6.811088391894254e-06,1.9101606598999457e-08,7.323289975645256e-06,1.1013382842961675e-07,7.80296629831034e-06,5.101116253096129e-07
6.264439660711664e-06,2.53025959998796e-09,6.946555015060983e-06,1.9101606598999457e-08,7.597518427882302e-06,1.1013382842961675e-07,8.216961637468435e-06,5.101116253096129e-07
6.58925492565083e-06,2.53025959998796e-09,7.23830004573966e-06,1.9101606598999457e-08,7.852298801653388e-06,1.1013382842961675e-07,8.432124757100838e-06,5.101116253096129e-07
6.757924719652195e-06,2.53025959998796e-09,7.425203720568199e-06,1.9101606598999457e-08,8.056580071376961e-06,1.1013382842961675e-07,8.652921974845473e-06,5.101116253096129e-07
6.930912073033081e-06,2.53025959998796e-09,7.616933526317459e-06,1.9101606598999457e-08,8.266175815016275e-06,1.1013382842961675e-07,8.87950082091845e-06,5.101116253096129e-07
7.290284365401296e-06,2.53025959998796e-09,7.936833462400168e-06,1.9101606598999457e-08,8.543379402450584e-06,1.1013382842961675e-07,9.112012688650124e-06,5.101116253096129e-07
7.290284365401296e-06,2.53025959998796e-09,8.015373219916083e-06,1.9101606598999457e-08,8.701867355120554e-06,1.1013382842961675e-07,9.35061293564165e-06,5.101116253096129e-07
7.668290344528354e-06,2.53025959998796e-09,8.352007033493522e-06,1.9101606598999457e-08,8.993681720335839e-06,1.1013382842961675e-07,9.595460987570442e-06,5.101116253096129e-07
7.86458096726921e-06,2.53025959998796e-09,8.652450528270706e-06,1.9101606598999457e-08,9.398838563665011e-06,1.1013382842961675e-07,1.0104559191261e-05,5.101116253096129e-07
8.065896179174634e-06,2.53025959998796e-09,8.788898219672428e-06,1.9101606598999457e-08,9.46771846085891e-06,1.1013382842961675e-07,1.0104559191261e-05,5.101116253096129e-07
8.272364598188383e-06,2.53025959998796e-09,9.10505783086168e-06,1.9101606598999457e-08,9.89423021037494e-06,1.1013382842961675e-07,1.0640668184879891e-05,5.101116253096129e-07
8.484118134578175e-06,2.53025959998796e-09,9.24864306339677e-06,1.9101606598999457e-08,9.966740612068408e-06,1.1013382842961675e-07,1.0640668184879891e-05,5.101116253096129e-07
8.92402516998974e-06,2.53025959998796e-09,9.732437033194538e-06,1.9101606598999457e-08,1.0492065098780108e-05,1.1013382842961675e-07,1.1205221056910404e-05,5.101116253096129e-07
8.92402516998974e-06,2.53025959998796e-09,9.732437033194538e-06,1.9101606598999457e-08,1.0492065098780108e-05,1.1013382842961675e-07,1.1205221056910404e-05,5.101116253096129e-07
9.386741670891389e-06,2.53025959998796e-09,1.0241538132222864e-05,1.9101606598999457e-08,1.104507825795556e-05,1.1013382842961675e-07,1.1799726929991226e-05,5.101116253096129e-07
9.6270207011972e-06,2.53025959998796e-09,1.040304546820571e-05,1.9101606598999457e-08,1.112602271186371e-05,1.1013382842961675e-07,1.1799726929991226e-05,5.101116253096129e-07
9.873450322882737e-06,2.53025959998796e-09,1.0777270169437327e-05,1.9101606598999457e-08,1.1627239497260324e-05,1.1013382842961675e-07,1.2425774994996018e-05,5.101116253096129e-07
1.0126187976962605e-05,2.53025959998796e-09,1.0947225909655388e-05,1.9101606598999457e-08,1.1712450351324406e-05,1.1013382842961675e-07,1.2425774994996018e-05,5.101116253096129e-07
1.0385395134579832e-05,2.53025959998796e-09,1.134102620187526e-05,1.9101606598999457e-08,1.2240085146456434e-05,1.1013382842961675e-07,1.3085038759145535e-05,5.101116253096129e-07
1.0923884617253412e-05,2.53025959998796e-09,1.1817332519182205e-05,1.9101606598999457e-08,1.2650552524483335e-05,1.1013382842961675e-07,1.342767365074472e-05,5.101116253096129e-07
1.0923884617253412e-05,2.53025959998796e-09,1.193427215700356e-05,1.9101606598999457e-08,1.2885232511793062e-05,1.1013382842961675e-07,1.3779280519508216e-05,5.101116253096129e-07
1.1490295129333448e-05,2.53025959998796e-09,1.2435493926502824e-05,1.9101606598999457e-08,1.331733470234965e-05,1.1013382842961675e-07,1.4140094298819055e-05,5.101116253096129e-07
1.1490295129333448e-05,2.53025959998796e-09,1.2558550644551033e-05,1.9101606598999457e-08,1.3564384144095235e-05,1.1013382842961675e-07,1.451035607384757e-05,5.101116253096129e-07
1.2086074394328343e-05,2.53025959998796e-09,1.3085991186680258e-05,1.9101606598999457e-08,1.401926146950243e-05,1.1013382842961675e-07,1.4890313242637264e-05,5.101116253096129e-07
1.2086074394328343e-05,2.53025959998796e-09,1.3215484967736166e-05,1.9101606598999457e-08,1.4279332331813585e-05,1.1013382842961675e-07,1.5280219681409026e-05,5.101116253096129e-07
1.2712745201150692e-05,2.53025959998796e-09,1.377051577926598e-05,1.9101606598999457e-08,1.475818521821782e-05,1.1013382842961675e-07,1.5680335914193744e-05,5.101116253096129e-07
1.3038162283728982e-05,2.53025959998796e-09,1.4126090981615305e-05,1.9101606598999457e-08,1.514212639154128e-05,1.1013382842961675e-07,1.6090929286906768e-05,5.101116253096129e-07
1.3371909296307278e-05,2.53025959998796e-09,1.4490847664640618e-05,1.9101606598999457e-08,1.553605597620349e-05,1.1013382842961675e-07,1.6512274145980697e-05,5.101116253096129e-07
1.3714199465964077e-05,2.53025959998796e-09,1.4865022907831288e-05,1.9101606598999457e-08,1.5940233825452822e-05,1.1013382842961675e-07,1.6944652021675545e-05,5.101116253096129e-07
1.4065251477901398e-05,2.53025959998796e-09,1.52488599124218e-05,1.9101606598999457e-08,1.6354926552742886e-05,1.1013382842961675e-07,1.7388351816188944e-05,5.101116253096129e-07
1.442528961516022e-05,2.53025959998796e-09,1.5642608159464185e-05,1.9101606598999457e-08,1.678040770760248e-05,1.1013382842961675e-07,1.784366999669217e-05,5.101116253096129e-07
1.4794543901912317e-05,2.53025959998796e-09,1.604652357198256e-05,1.9101606598999457e-08,1.721695795608086e-05,1.1013382842961675e-07,1.831091079342077e-05,5.101116253096129e-07
1.5173250250420004e-05,2.53025959998796e-09,1.6460868681314017e-05,1.9101606598999457e-08,1.7664865265887388e-05,1.1013382842961675e-07,1.8790386402952388e-05,5.101116253096129e-07
1.5561650611757752e-05,2.53025959998796e-09,1.6885912797745526e-05,1.9101606598999457e-08,1.8124425096347705e-05,1.1013382842961675e-07,1.928241719680713e-05,5.101116253096129e-07
1.636853230271726e-05,2.53025959998796e-09,1.7595096146403207e-05,1.9101606598999457e-08,1.873222195057928e-05,1.1013382842961675e-07,1.978733193551056e-05,5.101116253096129e-07
1.636853230271726e-05,2.53025959998796e-09,1.7769210242579516e-05,1.9101606598999457e-08,1.907972278907127e-05,1.1013382842961675e-07,2.0305467988261807e-05,5.101116253096129e-07
1.7217251333394077e-05,2.53025959998796e-09,1.8515490776760524e-05,1.9101606598999457e-08,1.971955524881342e-05,1.1013382842961675e-07,2.083717155835369e-05,5.101116253096129e-07
1.7217251333394077e-05,2.850202930358829e-09,1.8515490776760524e-05,2.0562754134790128e-08,1.971955524881342e-05,1.1398806548290932e-07,2.083717155835369e-05,5.101116253096129e-07
1.810997699702435e-05,8.564118329519864e-09,1.948403099657875e-05,4.174995938631864e-08,2.075892866510584e-05,1.6477816759883386e-07,2.194271162819413e-05,5.477883972961925e-07
1.810997699702435e-05,5.036604970953739e-08,1.948403099657875e-05,1.612968993182584e-07,2.075892866510584e-05,4.422987690351872e-07,2.194271162819413e-05,1.069163757318779e-06
1.9048991066107458e-05,1.6725601901596277e-07,2.05032352883741e-05,5.063182703629297e-07,2.1853085117063272e-05,1.3222894414189746e-06,2.3106907396222748e-05,3.062785586998645e-06
1.9048991066107458e-05,4.017653835009884e-07,2.05032352883741e-05,1.1692270068244713e-06,2.1853085117063272e-05,2.9509939449384382e-06,2.3106907396222748e-05,6.634055700458786e-06
2.003669362452892e-05,8.13017445306826e-07,2.15757538757891e-05,2.280714861236183e-06,2.300491209531204e-05,5.57586995999171e-06,2.4332870907876733e-05,1.2190571759434582e-05
2.003669362452892e-05,1.4398300366310445e-06,2.15757538757891e-05,3.994916613973448e-06,2.300491209531204e-05,9.674117164919067e-06,2.4332870907876733e-05,2.097500215276668e-05
2.1075609202082247e-05,2.454568573961743e-06,2.2704375614934685e-05,6.791725620378502e-06,2.421744928361652e-05,1.6407828209459575e-05,2.562387932173835e-05,3.55008046829032e-05
2.1075609202082247e-05,3.662040347001816e-06,2.2704375614934685e-05,1.0499254326630586e-05,2.421744928361652e-05,2.61578719488791e-05,2.562387932173835e-05,5.8142120756551785e-05
2.2168393227070563e-05,4.60264702970664e-06,2.3892035246216283e-05,1.432446387394187e-05,2.549389658063736e-05,3.831830777856328e-05,2.698338366980232e-05,9.063966114486516e-05
2.2168393227070563e-05,4.60264702970664e-06,2.3892035246216283e-05,1.5735784856235464e-05,2.549389658063736e-05,4.5665166883183925e-05,2.698338366980232e-05,0.0001159964262171
2.331783881347889e-05,4.60264702970664e-06,2.5141821025501138e-05,1.5735784856235464e-05,2.6837622544498388e-05,4.5665166883183925e-05,2.8415018082529765e-05,0.0001159964262171
2.331783881347889e-05,4.60264702970664e-06,2.5141821025501138e-05,1.5735784856235464e-05,2.6837622544498388e-05,4.5665166883183925e-05,2.8415018082529765e-05,0.0001159964262171
2.452688390006665e-05,4.60264702970664e-06,2.6197740302106512e-05,1.5735784856235464e-05,2.773761371502592e-05,4.5665166883183925e-05,2.9159072175124004e-05,0.0001159964262171
2.452688390006665e-05,4.60264702970664e-06,2.645698275446984e-05,1.5735784856235464e-05,2.8252173282447625e-05,4.5665166883183925e-05,2.992260950334731e-05,0.0001159964262171
2.579861875962592e-05,4.60264702970664e-06,2.756813687743199e-05,1.5735784856235464e-05,2.9199600963877267e-05,4.5665166883183925e-05,3.070614024041736e-05,0.0001159964262171
2.579861875962592e-05,4.60264702970664e-06,2.7840940231033446e-05,1.5735784856235464e-05,2.9741281809072736e-05,4.5665166883183925e-05,3.151018791856056e-05,0.0001159964262171
2.645900415384797e-05,4.60264702970664e-06,2.8559834723798304e-05,1.5735784856235464e-05,3.051501533152672e-05,4.5665166883183925e-05,3.233528977882062e-05,0.0001159964262171
2.7136293897599893e-05,4.60264702970664e-06,2.929729214178896e-05,1.5735784856235464e-05,3.130887789776599e-05,4.5665166883183925e-05,3.3181997130027364e-05,0.0001159964262171
2.783092070340924e-05,4.60264702970664e-06,2.975930551753801e-05,1.5735784856235464e-05,3.153832670425906e-05,4.5665166883183925e-05,3.3181997130027364e-05,0.0001159964262171
2.8543328360250405e-05,4.60264702970664e-06,3.082982541963771e-05,1.5735784856235464e-05,3.2959098451438985e-05,4.5665166883183925e-05,3.494250609938735e-05,0.0001159964262171
2.9273972017076484e-05,4.60264702970664e-06,3.131600658774529e-05,1.5735784856235464e-05,3.3200640988589816e-05,4.5665166883183925e-05,3.494250609938735e-05,0.0001159964262171
3.002331847360836e-05,4.60264702970664e-06,3.24425250908974e-05,1.5735784856235464e-05,3.469629841985367e-05,4.5665166883183925e-05,3.6796420894172974e-05,0.0001159964262171
3.079184647856794e-05,4.60264702970664e-06,3.295413826192123e-05,1.5735784856235464e-05,3.495057212101154e-05,4.5665166883183925e-05,3.6796420894172974e-05,0.0001159964262171
3.1580047035544926e-05,4.60264702970664e-06,3.413958463751422e-05,1.5735784856235464e-05,3.6525062292381336e-05,4.5665166883183925e-05,3.874869726773438e-05,0.0001159964262171
3.1580047035544926e-05,4.60264702970664e-06,3.413958463751422e-05,1.5735784856235464e-05,3.6525062292381336e-05,4.5665166883183925e-05,3.874869726773438e-05,0.0001159964262171
3.321749298445781e-05,4.60264702970664e-06,3.557339667036127e-05,1.5735784856235464e-05,3.774991868611022e-05,4.5665166883183925e-05,3.976334123878576e-05,0.0001159964262171
3.321749298445781e-05,5.463501670040609e-06,3.592541690131906e-05,1.7497854683058314e-05,3.845021619651959e-05,4.798402787645615e-05,4.080455390660834e-05,0.0001159964262171
3.493984156928492e-05,7.410550559596964e-06,3.70674266867418e-05,2.1131676543079583e-05,3.901585025099832e-05,5.24010074736387e-05,4.080455390660834e-05,0.0001159964262171
3.493984156928492e-05,1.0051476674287316e-05,3.7804665558683184e-05,2.552014298951136e-05,4.047684063409475e-05,5.722457462975135e-05,4.296948638073925e-05,0.0001159964262171
3.675149504683968e-05,1.33762861725172e-05,3.900641356125305e-05,3.0458634578616053e-05,4.1072287987715065e-05,6.214916896156759e-05,4.296948638073925e-05,0.0001159964262171
3.675149504683968e-05,1.78008702170879e-05,3.978221719540891e-05,3.822109354459982e-05,4.261028388876016e-05,7.411681243640502e-05,4.524928183384746e-05,0.000132305730451
3.769224892094789e-05,2.324198432890272e-05,4.040957607800749e-05,4.92150553308225e-05,4.2922555660828575e-05,9.429299888785891e-05,4.524928183384746e-05,0.0001665571323678
3.865708393381023e-05,3.034625998376224e-05,4.186321401325503e-05,6.258229842754452e-05,4.485617614017459e-05,0.0001171885011264,4.765003445320987e-05,0.0002028917105296
3.964661650727721e-05,3.887437611753578e-05,4.2523389866107496e-05,7.914142900136478e-05,4.5184907055182734e-05,0.0001465476805724,4.765003445320987e-05,0.0002512506118109
4.066147884218256e-05,5.07569365711293e-05,4.362140704996532e-05,0.0001006369391327,4.636041379769617e-05,0.0001821312635337,4.889776208245826e-05,0.000306061143568
4.066147884218256e-05,6.379401678012183e-05,4.405306720113739e-05,0.0001249877088681,4.722044432210692e-05,0.0002238771062833,5.017816176020908e-05,0.0003728286388121
4.276980292833737e-05,8.172185316035074e-05,4.545344159233165e-05,0.0001570720879539,4.7915095588557134e-05,0.000276710126321,5.017816176020908e-05,0.0004541615191593
4.276980292833737e-05,0.0001027123704463,4.635747100577277e-05,0.0001938600122641,4.97093277636779e-05,0.0003361798314159,5.284042176519555e-05,0.0005442139210147
4.498744498764098e-05,0.0001242681616697,4.7831098595438864e-05,0.0002336866007502,5.044059253640809e-05,0.0004039595600032,5.284042176519555e-05,0.0006521221621206
4.498744498764098e-05,0.0001561868332949,4.878241753835417e-05,0.0002884184445341,5.232939465501607e-05,0.0004907773292806,5.56439310325207e-05,0.0007814267476583
4.732007322799949e-05,0.0001925995434651,5.033313018111646e-05,0.0003495986595028,5.309920274961425e-05,0.0005860873260836,5.56439310325207e-05,0.0009210979801073
4.732007322799949e-05,0.0002330195584119,5.083120688364139e-05,0.0004187884208391,5.4084244328100265e-05,0.0006960652993621,5.710098076912588e-05,0.0010857338726888
4.853135843301175e-05,0.0002873447115983,5.214374426154585e-05,0.0005044530182062,5.549127154171791e-05,0.0008215788277018,5.859618370403204e-05,0.0012589230598223
4.977364975757968e-05,0.0003543349916471,5.296604234950172e-05,0.0006114591569618,5.58979423290777e-05,0.0009811311761292,5.859618370403204e-05,0.0014839413815661
4.977364975757968e-05,0.0004286977102751,5.401949085681116e-05,0.0007278999523034,5.7991100767309496e-05,0.0011516914631791,6.170507153187968e-05,0.0017206500337432
5.235444582372949e-05,0.000508879051753,5.573668142780669e-05,0.0008563555305222,5.884419717860247e-05,0.0013444821351536,6.170507153187968e-05,0.0019951169065021
5.235444582372949e-05,0.0006275168718064,5.6845235536211895e-05,0.0010250841006179,6.104768129149264e-05,0.0015684681685827,6.497890497418848e-05,0.0022756338988897
5.506905784204444e-05,0.0007592110642302,5.865225187273277e-05,0.001220291918849,6.194574249637462e-05,0.0018411313838292,6.497890497418848e-05,0.0026386281786814
5.506905784204444e-05,0.0009012098669663,5.923265130553802e-05,0.001435641986582,6.309489594519086e-05,0.0021493328145334,6.668039325189819e-05,0.003059524938844
5.647869925778454e-05,0.0010697673711341,6.07621264763494e-05,0.0016784480282686,6.473633952526034e-05,0.002479956000515,6.842643540998413e-05,0.0034896995973726
5.7924424256553394e-05,0.0012942747212191,6.172033500412626e-05,0.0019855986418943,6.521076329379355e-05,0.0028772292421017,6.842643540998413e-05,0.0039803575794692
5.7924424256553394e-05,0.0015363489868399,6.294789877699981e-05,0.0023214172868786,6.765265030724322e-05,0.0033198217956562,7.205687853275784e-05,0.0045400029482097
6.092784327411402e-05,0.0018236995366339,6.494890871858506e-05,0.002748250394188,6.864787599580455e-05,0.0039211390372354,7.205687853275784e-05,0.0053514773557577
6.092784327411402e-05,0.0021647946061783,6.624068601411134e-05,0.0032130541586454,7.121846938297045e-05,0.0045243120183583,7.587993898520456e-05,0.0061039046084038
6.248745614232874e-05,0.0023811417944266,6.728529050551654e-05,0.0035833770329348,7.174039779105816e-05,0.0051066032894682,7.587993898520456e-05,0.0069621244736106
6.408699151834903e-05,0.0023811417944266,6.902269679952433e-05,0.0037675398670486,7.360675819345978e-05,0.0056073901630265,7.786687346413978e-05,0.0079410115812283
6.408699151834903e-05,0.0023811417944266,6.970571804413146e-05,0.0039611675018678,7.49722347641724e-05,0.0061572874684143,7.990583630098303e-05,0.0090575319605711
6.740994365080229e-05,0.0023811417944266,7.192154792092806e-05,0.0041387375686034,7.607513751265729e-05,0.0066825082426299,7.990583630098303e-05,0.0101625375948797
6.740994365080229e-05,0.0023811417944266,7.335200494470816e-05,0.0043514424091162,7.892385267799926e-05,0.0073378386492929,8.414533222284802e-05,0.0115914084905402
7.090519300946277e-05,0.0023811417944266,7.56837442716957e-05,0.0044618597550383,8.00848869503987e-05,0.0076892235122873,8.414533222284802e-05,0.0123795036972207
7.090519300946277e-05,0.0023811417944266,7.718902810816804e-05,0.0044618597550383,8.308375148656025e-05,0.0076892235122873,8.860975947017758e-05,0.0123795036972207
7.090519300946277e-05,0.0023811417944266,7.718902810816804e-05,0.0044618597550383,8.308375148656025e-05,0.0076892235122873,8.860975947017758e-05,0.0123795036972207
7.45816733174102e-05,0.0023811417944266,7.964274007674249e-05,0.0044618597550383,8.430598126478679e-05,0.0076892235122873,8.860975947017758e-05,0.0123795036972207
7.45816733174102e-05,0.0023811417944266,8.122676489585679e-05,0.0044618597550383,8.74629092074813e-05,0.0076892235122873,9.331105203279147e-05,0.0123795036972207
7.844878151706851e-05,0.0023811417944266,8.380882986128521e-05,0.0044618597550383,8.874955996904463e-05,0.0076892235122873,9.331105203279147e-05,0.0123795036972207
7.844878151706851e-05,0.0023811417944266,8.463816881695069e-05,0.0044618597550383,9.03959501616447e-05,0.0076892235122873,9.575442440537368e-05,0.0123795036972207
8.045689016780996e-05,0.0023811417944266,8.682365224298745e-05,0.0044618597550383,9.274764358841565e-05,0.0076892235122873,9.826177707204762e-05,0.0123795036972207
8.251640178842807e-05,0.0023811417944266,8.81928466543176e-05,0.0044618597550383,9.342734971508984e-05,0.0076892235122873,9.826177707204762e-05,0.0123795036972207
8.251640178842807e-05,0.0023811417944266,8.994692565551727e-05,0.0044618597550383,9.692583708808508e-05,0.0076892235122873,0.0001034751685144,0.0123795036972207
8.679493081263294e-05,0.0023811417944266,9.280619015756704e-05,0.0044618597550383,9.835169524023838e-05,0.0076892235122873,0.0001034751685144,0.0123795036972207
8.679493081263294e-05,0.0023811417944266,9.372456342386666e-05,0.0044618597550383,0.000100176214331,0.0076892235122873,0.0001061846907252,0.0123795036972207
8.901668171857222e-05,0.0023811417944266,9.614467107554334e-05,0.0044618597550383,0.0001027823459591,0.0076892235122873,0.0001089651624278,0.0123795036972207
9.129530434549562e-05,0.0023811417944266,9.766085638812855e-05,0.0044618597550383,0.0001035355919453,0.0076892235122873,0.0001089651624278,0.0123795036972207
9.129530434549562e-05,0.0023811417944266,9.960324586676372e-05,0.0044618597550383,0.0001074125932965,0.0076892235122873,0.0001147464342738,0.0123795036972207
9.36322544788562e-05,0.0023811417944266,0.0001011739723228,0.0044618597550383,0.000108199772301,0.0076892235122873,0.0001147464342738,0.0123795036972207
9.602902516887016e-05,0.0023811417944266,0.0001048134642082,0.0044618597550383,0.000113074069564,0.0076892235122873,0.0001208344381377,0.0123795036972207
9.602902516887016e-05,0.0023811417944266,0.0001048134642082,0.0044618597550383,0.000113074069564,0.0076892235122873,0.0001208344381377,0.0123795036972207
0.0001010081924913,0.0023811417944266,0.0001081453114654,0.0044618597550383,0.0001147374813923,0.0076892235122873,0.0001208344381377,0.0123795036972207
0.0001010081924913,0.0023811417944266,0.0001102962276352,0.0044618597550383,0.0001190339495153,0.0076892235122873,0.0001272454480391,0.0123795036972207
0.0001035937702557,0.0023811417944266,0.0001120355806175,0.0044618597550383,0.0001199062962579,0.0076892235122873,0.0001272454480391,0.0123795036972207
0.0001062455328732,0.0023811417944266,0.0001149285059725,0.0044618597550383,0.0001230257153053,0.0076892235122873,0.0001305774007446,0.0123795036972207
0.0001062455328732,0.0023811417944266,0.0001160657929061,0.0044618597550383,0.0001253079613377,0.0076892235122873,0.0001339966014343,0.0123795036972207
0.0001117544327554,0.0023811417944266,0.0001197553331448,0.0044618597550383,0.0001271513436965,0.0076892235122873,0.0001339966014343,0.0123795036972207
0.0001117544327554,0.0023811417944266,0.0001221371625462,0.0044618597550383,0.0001319126622157,0.0076892235122873,0.000141105945027,0.0123795036972207
0.0001117544327554,0.0023811417944266,0.0001221371625462,0.0044618597550383,0.0001319126622157,0.0076892235122873,0.000141105945027,0.0123795036972207
0.0001175489726743,0.0023811417944266,0.0001272667426268,0.0044618597550383,0.0001363363115563,0.0076892235122873,0.0001448008381846,0.0123795036972207
0.0001175489726743,0.0023811417944266,0.000128526123859,0.0044618597550383,0.0001388654820257,0.0076892235122873,0.0001485924830095,0.0123795036972207
0.0001205579564258,0.0023811417944266,0.0001305529592426,0.0044618597550383,0.0001398831652278,0.0076892235122873,0.0001485924830095,0.0123795036972207
0.0001236439632513,0.0023811417944266,0.0001352492899774,0.0044618597550383,0.000146184769334,0.0076892235122873,0.0001564762278635,0.0123795036972207
0.0001236439632513,0.0023811417944266,0.0001352492899774,0.0044618597550383,0.000146184769334,0.0076892235122873,0.0001564762278635,0.0123795036972207
0.0001300549830483,0.0023811417944266,0.000140929560006,0.0044618597550383,0.0001510870292659,0.0076892235122873,0.0001605735955793,0.0123795036972207
0.0001300549830483,0.0023811417944266,0.0001423241430625,0.0044618597550383,0.0001538898398184,0.0076892235122873,0.0001647782538556,0.0123795036972207
0.0001300549830483,0.0023811417944266,0.0001423241430625,0.0044618597550383,0.0001538898398184,0.0076892235122873,0.0001647782538556,0.0123795036972207
0.0001367984183854,0.0023811417944266,0.0001483015464508,0.0044618597550383,0.0001590504868481,0.0076892235122873,0.0001690930121217,0.0123795036972207
0.0001367984183854,0.0023811417944266,0.0001497690797628,0.0044618597550383,0.0001620010272425,0.0076892235122873,0.0001735207533722,0.0123795036972207
0.0001403001437412,0.0024269396114807,0.0001521309129926,0.0045147919004728,0.0001631882605402,0.0077316585956821,0.0001735207533722,0.0123795036972207
0.0001438915052244,0.0036208199156703,0.0001576034590501,0.005783569986064,0.0001705397371173,0.0086789367336463,0.000182727096242,0.0123795036972207
0.0001438915052244,0.0074680632465679,0.0001576034590501,0.0099456977478834,0.0001705397371173,0.0127488855881251,0.000182727096242,0.0158427135437444
0.0001475747973141,0.0156993893916907,0.0001616730148126,0.0184248104468206,0.0001749764090928,0.0211667376393661,0.0001875118492691,0.0238986551582701
0.0001513523732227,0.0278031578945915,0.0001658476525588,0.0306954782331088,0.0001795285031895,0.0334444438382481,0.0001924218922067,0.0360510033080431
0.0001513523732227,0.036301627515928,0.0001658476525588,0.0397731457855797,0.0001795285031895,0.0430492188274521,0.0001924218922067,0.0461363987073356
0.0001592000920723,0.036301627515928,0.0001728130085343,0.0397731457855797,0.0001855489346738,0.0430492188274521,0.0001974605058013,0.0461363987073356
0.0001592000920723,0.036301627515928,0.0001745230975579,0.0397731457855797,0.0001889910469096,0.0430492188274521,0.0002026310567065,0.0461363987073356
0.0001592000920723,0.036301627515928,0.0001745230975579,0.0397731457855797,0.0001889910469096,0.0430492188274521,0.0002026310567065,0.0461363987073356
0.0001674547202411,0.036301627515928,0.0001836523526941,0.0397731457855797,0.000198952340032,0.0430492188274521,0.0002133818801547,0.0461363987073356
0.0001674547202411,0.036301627515928,0.0001836523526941,0.0397731457855797,0.000198952340032,0.0430492188274521,0.0002133818801547,0.0461363987073356
0.0001717411765228,0.036301627515928,0.0001883945296407,0.0397731457855797,0.0002041281793196,0.0430492188274521,0.0002189693360821,0.0461363987073356
0.0001761373562415,0.036301627515928,0.0001932591566505,0.0397731457855797,0.0002094386705161,0.0430492188274521,0.0002247031008889,0.0461363987073356
0.0001761373562415,0.036301627515928,0.0001932591566505,0.0397731457855797,0.0002094386705161,0.0430492188274521,0.0002247031008889,0.0461363987073356
0.0001806460680653,0.036301627515928,0.0001982493955662,0.0397731457855797,0.0002148873166543,0.0430492188274521,0.0002305870057081,0.0461363987073356
0.0001852701925576,0.036301627515928,0.0002033684898743,0.0397731457855797,0.0002204777119007,0.0430492188274521,0.0002366249819923,0.0461363987073356
0.0001852701925576,0.036301627515928,0.0002033684898743,0.0397731457855797,0.0002204777119007,0.0430492188274521,0.0002366249819923,0.0461363987073356
0.0001900126840177,0.036301627515928,0.0002106841853209,0.0397731457855797,0.0002304100240011,0.0430492188274521,0.0002491793921907,0.0461363987073356
0.0001948765723681,0.036301627515928,0.0002140066395329,0.0397731457855797,0.0002320985963346,0.0430492188274521,0.0002491793921907,0.0461363987073356
0.0001948765723681,0.036301627515928,0.0002140066395329,0.0397731457855797,0.0002320985963346,0.0430492188274521,0.0002491793921907,0.0461363987073356
0.0002049810492108,0.036301627515928,0.0002252012678685,0.0397731457855797,0.0002443319914566,0.0430492188274521,0.0002623998910417,0.0461363987073356
0.0002049810492108,0.036301627515928,0.0002252012678685,0.0397731457855797,0.0002443319914566,0.0430492188274521,0.0002623998910417,0.0461363987073356
0.0002049810492108,0.036301627515928,0.0002274297703379,0.0397731457855797,0.0002488645862617,0.0430492188274521,0.0002692708953908,0.0461363987073356
0.0002156094497403,0.036301627515928,0.0002369814841271,0.0397731457855797,0.0002572101813278,0.0430492188274521,0.0002763218186438,0.0461363987073356
0.0002156094497403,0.036301627515928,0.0002369814841271,0.0397731457855797,0.0002572101813278,0.0430492188274521,0.0002763218186438,0.0461363987073356
0.0002211285565108,0.036301627515928,0.0002431006985794,0.0397731457855797,0.0002639016259296,0.0430492188274521,0.0002835573720205,0.0461363987073356
0.0002267889397401,0.036301627515928,0.0002493779202517,0.0397731457855797,0.0002707671516296,0.0430492188274521,0.0002909823901051,0.0461363987073356
0.0002267889397401,0.036301627515928,0.0002493779202517,0.0397731457855797,0.0002707671516296,0.0430492188274521,0.0002909823901051,0.0461363987073356
0.000238548093557,0.036301627515928,0.0002624228105336,0.0397731457855797,0.0002850386793521,0.0430492188274521,0.0003064207950238,0.0461363987073356
0.000238548093557,0.036301627515928,0.0002624228105336,0.0397731457855797,0.0002850386793521,0.0430492188274521,0.0003064207950238,0.0461363987073356
0.000238548093557,0.036301627515928,0.0002624228105336,0.0397731457855797,0.0002850386793521,0.0430492188274521,0.0003064207950238,0.0461363987073356
0.0002509169671364,0.036301627515928,0.0002761500754311,0.0397731457855797,0.0003000624272103,0.0430492188274521,0.0003226783022475,0.0461363987073356
0.0002509169671364,0.036301627515928,0.0002761500754311,0.0397731457855797,0.0003000624272103,0.0430492188274521,0.0003226783022475,0.0461363987073356
0.0002573398652692,0.036301627515928,0.0002832806811778,0.0397731457855797,0.0003078686932701,0.0430492188274521,0.0003311277113129,0.0461363987073356
0.0002639271748441,0.036301627515928,0.0002905954097722,0.0397731457855797,0.000315878043036,0.0430492188274521,0.0003397983701897,0.0461363987073356
0.0002639271748441,0.036301627515928,0.0002905954097722,0.0397731457855797,0.000315878043036,0.0430492188274521,0.0003397983701897,0.0461363987073356
0.0002776119702711,0.036301627515928,0.0003027999869411,0.0397731457855797,0.0003264709131468,0.0430492188274521,0.0003486960723577,0.0461363987073356
0.0002776119702711,0.036301627515928,0.0003057963755718,0.0397731457855797,0.0003325272644094,0.0430492188274521,0.0003578267630001,0.0461363987073356
0.0002776119702711,0.036301627515928,0.0003057963755718,0.0397731457855797,0.0003325272644094,0.0430492188274521,0.0003578267630001,0.0461363987073356
0.0002920063312288,0.036301627515928,0.0003186393708089,0.0397731457855797,0.0003436784608849,0.0430492188274521,0.0003671965429762,0.0461363987073356
0.0002920063312288,0.036301627515928,0.000321792499703,0.0397731457855797,0.0003500540288044,0.0430492188274521,0.0003768116728978,0.0461363987073356
0.0002994810227214,0.036301627515928,0.000326867113369,0.0397731457855797,0.0003526194187037,0.0430492188274521,0.0003768116728978,0.0461363987073356
0.0003071470491508,0.036301627515928,0.0003353073084816,0.0397731457855797,0.0003617929797718,0.0430492188274521,0.0003866785773123,0.0461363987073356
0.0003071470491508,0.036301627515928,0.0003386253766792,0.0397731457855797,0.0003685045895405,0.0430492188274521,0.0003968038489955,0.0461363987073356
0.0003230728231303,0.036301627515928,0.0003493897192287,0.0397731457855797,0.0003739255927413,0.0430492188274521,0.0003968038489955,0.0461363987073356
0.0003230728231303,0.036301627515928,0.0003563387768109,0.0397731457855797,0.0003879276378454,0.0430492188274521,0.0004178567329583,0.0461363987073356
0.000331342745472,0.036301627515928,0.0003619581794638,0.0397731457855797,0.0003907705865387,0.0430492188274521,0.0004178567329583,0.0461363987073356
0.000339824358834,0.036301627515928,0.0003676661991527,0.0397731457855797,0.0003936343699355,0.0430492188274521,0.0004178567329583,0.0461363987073356
0.000339824358834,0.036301627515928,0.0003749787600219,0.0397731457855797,0.0004083744313524,0.0430492188274521,0.0004400266018603,0.0461363987073356
0.0003574444725434,0.036301627515928,0.0003868987167046,0.0397731457855797,0.0004143819524589,0.0430492188274521,0.0004400266018603,0.0461363987073356
0.0003574444725434,0.036301627515928,0.0003868987167046,0.0397731457855797,0.0004143819524589,0.0430492188274521,0.0004400266018603,0.0461363987073356
0.0003665942301762,0.036301627515928,0.0004008164734911,0.0397731457855797,0.0004330494669442,0.0430492188274521,0.0004633727186205,0.0461363987073356
0.0003759782005923,0.036301627515928,0.0004071372819494,0.0397731457855797,0.0004362230934047,0.0430492188274521,0.0004633727186205,0.0461363987073356
0.0003759782005923,0.036301627515928,0.0004071372819494,0.0397731457855797,0.0004362230934047,0.0430492188274521,0.0004633727186205,0.0461363987073356
0.0003954729144775,0.036301627515928,0.0004284345209646,0.0397731457855797,0.0004592154317783,0.0430492188274521,0.0004879574904198,0.0461363987073356
0.0003954729144775,0.036301627515928,0.0004284345209646,0.0397731457855797,0.0004592154317783,0.0430492188274521,0.0004879574904198,0.0461363987073356
0.0004055961128923,0.036301627515928,0.0004351908613922,0.0397731457855797,0.0004625808169284,0.0430492188274521,0.0004879574904198,0.0461363987073356
0.0004159784419388,0.036301627515928,0.0004508458126833,0.0397731457855797,0.0004834196446076,0.0430492188274521,0.0005138466355242,0.0461363987073356
0.0004159784419388,0.036301627515928,0.0004508458126833,0.0397731457855797,0.0004834196446076,0.0430492188274521,0.0005138466355242,0.0461363987073356
0.000426626534766,0.036301627515928,0.0004579555754167,0.0397731457855797,0.0004869624116417,0.0430492188274521,0.0005138466355242,0.0461363987073356
0.0004375471943165,0.036301627515928,0.0004744294328954,0.0397731457855797,0.0005088996070702,0.0430492188274521,0.0005411093589573,0.0461363987073356
0.0004375471943165,0.036301627515928,0.0004744294328954,0.0397731457855797,0.0005088996070702,0.0430492188274521,0.0005411093589573,0.0461363987073356
0.0004602343005132,0.036301627515928,0.0004895107625386,0.0397731457855797,0.0005163859355371,0.0430492188274521,0.0005411093589573,0.0461363987073356
0.0004602343005132,0.036301627515928,0.0004992467057814,0.0397731457855797,0.0005357225610606,0.0430492188274521,0.0005698185374952,0.0461363987073356
0.0004720152416873,0.036301627515928,0.0005071197424687,0.0397731457855797,0.0005396486328492,0.0430492188274521,0.0005698185374952,0.0461363987073356
0.0004840977479007,0.036301627515928,0.000515116935622,0.0397731457855797,0.0005436034770674,0.0430492188274521,0.0005698185374952,0.0461363987073356
0.0004840977479007,0.036301627515928,0.0005253621633726,0.0397731457855797,0.0005639592926425,0.0430492188274521,0.0006000509144747,0.0461363987073356
0.0005091985305336,0.036301627515928,0.0005420625605624,0.0397731457855797,0.0005722555940112,0.0430492188274521,0.0006000509144747,0.0461363987073356
0.0005091985305336,0.036301627515928,0.0005420625605624,0.0397731457855797,0.0005722555940112,0.0430492188274521,0.0006000509144747,0.0461363987073356
0.0005222328435508,0.036301627515928,0.0005615619658467,0.0397731457855797,0.0005980351665219,0.0430492188274521,0.0006318873049387,0.0461363987073356
0.0005356008050482,0.036301627515928,0.0005704177037176,0.0397731457855797,0.0006024178996127,0.0430492188274521,0.0006318873049387,0.0461363987073356
0.0005356008050482,0.036301627515928,0.0005760623311808,0.0397731457855797,0.0006135933344217,0.0430492188274521,0.0006484334262162,0.0461363987073356
0.0005633720546436,0.036301627515928,0.0006002560965967,0.0397731457855797,0.0006341699925202,0.0430492188274521,0.0006654128116648,0.0461363987073356
0.0005633720546436,0.036301627515928,0.0006002560965967,0.0397731457855797,0.0006341699925202,0.0430492188274521,0.0006654128116648,0.0461363987073356
0.0005777930854696,0.036301627515928,0.0006157556019478,0.0397731457855797,0.0006506682250207,0.0430492188274521,0.000682836806411,0.0461363987073356
0.0005925832615671,0.036301627515928,0.0006316553275841,0.0397731457855797,0.000667595666848,0.0430492188274521,0.0007007170526564,0.0461363987073356
0.0005925832615671,0.036301627515928,0.0006316553275841,0.0397731457855797,0.000667595666848,0.0430492188274521,0.0007007170526564,0.0461363987073356
0.0006077520322073,0.036301627515928,0.0006479656077886,0.0397731457855797,0.0006849634840861,0.0430492188274521,0.0007190654974565,0.0461363987073356
0.0006233090885411,0.036301627515928,0.0006646970436911,0.0397731457855797,0.0007027831333096,0.0430492188274521,0.0007378944007031,0.0461363987073356
0.0006233090885411,0.036301627515928,0.0006646970436911,0.0397731457855797,0.0007027831333096,0.0430492188274521,0.0007378944007031,0.0461363987073356
0.0006556280695991,0.036301627515928,0.0006926133358652,0.0397731457855797,0.0007263507430606,0.0430492188274521,0.0007572163433163,0.0461363987073356
0.0006556280695991,0.036301627515928,0.0006994671628617,0.0397731457855797,0.0007398252520067,0.0430492188274521,0.0007770442356509,0.0461363987073356
0.0006724106425438,0.036301627515928,0.0007104976425243,0.0397731457855797,0.0007452471014144,0.0430492188274521,0.0007770442356509,0.0461363987073356
0.000689622810815,0.036301627515928,0.0007288437485859,0.0397731457855797,0.0007646350574742,0.0430492188274521,0.0007973913261219,0.0461363987073356
0.000689622810815,0.036301627515928,0.0007360560973837,0.0397731457855797,0.0007788197774884,0.0430492188274521,0.0008182712100579,0.0461363987073356
0.0007253802014413,0.036301627515928,0.0007594541074372,0.0397731457855797,0.0007902768519089,0.0430492188274521,0.0008182712100579,0.0461363987073356
0.0007253802014413,0.036301627515928,0.0007745589889869,0.0397731457855797,0.0008198696167261,0.0430492188274521,0.0008616855289438,0.0461363987073356
0.0007439482687767,0.036301627515928,0.0007867736541337,0.0397731457855797,0.0008258780755937,0.0430492188274521,0.0008616855289438,0.0461363987073356
0.0007629916359948,0.036301627515928,0.000799180942498,0.0397731457855797,0.0008319305677773,0.0430492188274521,0.0008616855289438,0.0461363987073356
0.0007629916359948,0.036301627515928,0.0008150759562389,0.0397731457855797,0.0008630831006866,0.0430492188274521,0.0009074032443824,0.0461363987073356
0.0008025532478571,0.036301627515928,0.0008409858773525,0.0397731457855797,0.0008757797573477,0.0430492188274521,0.0009074032443824,0.0461363987073356
0.0008025532478571,0.036301627515928,0.0008409858773525,0.0397731457855797,0.0008757797573477,0.0430492188274521,0.0009074032443824,0.0461363987073356
0.0008230967679544,0.036301627515928,0.0008712383346406,0.0397731457855797,0.0009152328059403,0.0430492188274521,0.0009555465657232,0.0461363987073356
0.0008441661549883,0.036301627515928,0.0008849776168282,0.0397731457855797,0.0009219401391022,0.0430492188274521,0.0009555465657232,0.0461363987073356
0.0008441661549883,0.036301627515928,0.0008937350044894,0.0397731457855797,0.0009390430205555,0.0430492188274521,0.0009805677827017,0.0461363987073356
0.0008879367183804,0.036301627515928,0.000931270552072,0.0397731457855797,0.0009705335307839,0.0430492188274521,0.0010062441862734,0.0461363987073356
0.0008879367183804,0.036301627515928,0.000931270552072,0.0397731457855797,0.0009705335307839,0.0430492188274521,0.0010062441862734,0.0461363987073356
0.0008879367183804,0.036301627515928,0.0009404860362683,0.0397731457855797,0.0009885378666616,0.0430492188274521,0.0010325929326572,0.0461363987073356
0.0009339768139119,0.036301627515928,0.0009799850580006,0.0397731457855797,0.0010216881708755,0.0430492188274521,0.0010596316273114,0.0461363987073356
0.0009339768139119,0.036301627515928,0.0009799850580006,0.0397731457855797,0.0010216881708755,0.0430492188274521,0.0010596316273114,0.0461363987073356
0.000982404118298,0.036301627515928,0.0010211429801924,0.0397731457855797,0.0010559501600399,0.0430492188274521,0.0010873783366977,0.0461363987073356
0.000982404118298,0.036301627515928,0.0010312478063089,0.0397731457855797,0.0010755390570212,0.0430492188274521,0.0011158516003525,0.0461363987073356
0.000982404118298,0.036301627515928,0.0010312478063089,0.0397731457855797,0.0010755390570212,0.0430492188274521,0.0011158516003525,0.0461363987073356
0.0010333424098684,0.036301627515928,0.0010851920948537,0.0397731457855797,0.001132228302288,0.0430492188274521,0.0011750543886354,0.0461363987073356
0.0010333424098684,0.036301627515928,0.0010851920948537,0.0397731457855797,0.001132228302288,0.0430492188274521,0.0011750543886354,0.0461363987073356
0.0010597936025103,0.036301627515928,0.0011023053919001,0.0397731457855797,0.0011405258986913,0.0430492188274521,0.0011750543886354,0.0461363987073356
0.0010869218849393,0.036301627515928,0.0011419581942657,0.0397731457855797,0.0011919055102029,0.0430492188274521,0.0012373982488489,0.0461363987073356
0.0010869218849393,0.036301627515928,0.0011419581942657,0.0397731457855797,0.0011919055102029,0.0430492188274521,0.0012373982488489,0.0461363987073356
0.0011432794905906,0.036301627515928,0.0011899187484825,0.0397731457855797,0.001231875683921,0.0430492188274521,0.0012697998200375,0.0461363987073356
0.0011432794905906,0.036301627515928,0.0012016937126936,0.0397731457855797,0.0012547281695583,0.0430492188274521,0.0013030498341719,0.0461363987073356
0.0011725448200306,0.036301627515928,0.0012206442206835,0.0397731457855797,0.0012639235128701,0.0430492188274521,0.0013030498341719,0.0461363987073356
0.0012025592746971,0.036301627515928,0.0012521630702839,0.0397731457855797,0.0012968050812573,0.0430492188274521,0.0013371705079351,0.0461363987073356
0.0012025592746971,0.036301627515928,0.0012645539796278,0.0397731457855797,0.001320862070027,0.0430492188274521,0.0013721846397592,0.0461363987073356
0.0012649127541098,0.036301627515928,0.0013047520662053,0.0397731457855797,0.0013402930288611,0.0430492188274521,0.0013721846397592,0.0461363987073356
0.0012649127541098,0.036301627515928,0.0013307024498018,0.0397731457855797,0.0013904817396825,0.0430492188274521,0.0014449874718627,0.0461363987073356
0.0012649127541098,0.036301627515928,0.0013307024498018,0.0397731457855797,0.0013904817396825,0.0430492188274521,0.0014449874718627,0.0461363987073356
0.0013304993019263,0.036301627515928,0.0013730032872098,0.0397731457855797,0.0014109368606648,0.0430492188274521,0.0014449874718627,0.0461363987073356
0.0013304993019263,0.036301627515928,0.0014003111282204,0.0397731457855797,0.0014637709055805,0.0430492188274521,0.001521652941842,0.0461363987073356
0.00136455702859,0.036301627515928,0.0014223937994898,0.0397731457855797,0.0014744982298993,0.0430492188274521,0.001521652941842,0.0461363987073356
0.0013994865548433,0.036301627515928,0.0014591221233362,0.0397731457855797,0.0015128579992124,0.0430492188274521,0.0015614977906328,0.0461363987073356
0.0013994865548433,0.036301627515928,0.0014735610174237,0.0397731457855797,0.001540922978617,0.0430492188274521,0.0016023859863863,0.0461363987073356
0.0014720508416288,0.036301627515928,0.0015204030932147,0.0397731457855797,0.0015635912129796,0.0430492188274521,0.0016023859863863,0.0461363987073356
0.0014720508416288,0.036301627515928,0.0015354483994862,0.0397731457855797,0.0015925973425783,0.0430492188274521,0.001644344849394,0.0461363987073356
0.0015097319626384,0.036301627515928,0.0015750959612838,0.0397731457855797,0.0016340295162025,0.0430492188274521,0.0016874024153358,0.0461363987073356
0.001548377633812,0.036301627515928,0.0015999349600103,0.0397731457855797,0.0016460045899657,0.0430492188274521,0.0016874024153358,0.0461363987073356
0.001548377633812,0.036301627515928,0.0016317562745857,0.0397731457855797,0.0017076409982716,0.0430492188274521,0.0017769294885701,0.0461363987073356
0.0016286620197415,0.036301627515928,0.0016836271168398,0.0397731457855797,0.0017327617907403,0.0430492188274521,0.0017769294885701,0.0461363987073356
0.0016286620197415,0.036301627515928,0.0016836271168398,0.0397731457855797,0.0017327617907403,0.0430492188274521,0.0017769294885701,0.0461363987073356
0.0016703520272563,0.036301627515928,0.0017441915791129,0.0397731457855797,0.0018108210682651,0.0430492188274521,0.0018712065235023,0.0461363987073356
0.0017131092032233,0.036301627515928,0.0017716971873282,0.0397731457855797,0.0018240917684877,0.0430492188274521,0.0018712065235023,0.0461363987073356
0.0017131092032233,0.036301627515928,0.0017892292003336,0.0397731457855797,0.0018579304353959,0.0430492188274521,0.0019202045170231,0.0461363987073356
0.0017569608647039,0.036301627515928,0.0018354297599318,0.0397731457855797,0.0019062653750088,0.0430492188274521,0.001970485534806,0.0461363987073356
0.001801935028014,0.036301627515928,0.0018643741789324,0.0397731457855797,0.0019202355439999,0.0430492188274521,0.001970485534806,0.0461363987073356
0.001801935028014,0.036301627515928,0.0018828232867064,0.0397731457855797,0.0019558577709521,0.0430492188274521,0.0020220831731503,0.0461363987073356
0.0018953665295094,0.036301627515928,0.0019618990784265,0.0397731457855797,0.0020214468417331,0.0430492188274521,0.0020750319080826,0.0461363987073356
0.0018953665295094,0.036301627515928,0.0019618990784265,0.0397731457855797,0.0020214468417331,0.0430492188274521,0.0020750319080826,0.0461363987073356
0.0018953665295094,0.036301627515928,0.0020009195444455,0.0397731457855797,0.002097142088068,0.0430492188274521,0.0021851251092716,0.0461363987073356
0.0019936425150378,0.036301627515928,0.0020645254785361,0.0397731457855797,0.0021279927593887,0.0430492188274521,0.0021851251092716,0.0461363987073356
0.0019936425150378,0.036301627515928,0.0020645254785361,0.0397731457855797,0.0021279927593887,0.0430492188274521,0.0021851251092716,0.0461363987073356
0.0020446751850617,0.036301627515928,0.002138791849163,0.0397731457855797,0.0022238568177167,0.0430492188274521,0.0023010594316987,0.0461363987073356
0.0020970141742426,0.036301627515928,0.0021725202373524,0.0397731457855797,0.0022401544727877,0.0430492188274521,0.0023010594316987,0.0461363987073356
0.0020970141742426,0.036301627515928,0.002194018636361,0.0397731457855797,0.0022817115053543,0.0430492188274521,0.0023613132271559,0.0461363987073356
0.0022057457211134,0.036301627515928,0.0022861641722399,0.0397731457855797,0.002358227977896,0.0430492188274521,0.00242314478276,0.0461363987073356
0.0022057457211134,0.036301627515928,0.0022861641722399,0.0397731457855797,0.002358227977896,0.0430492188274521,0.00242314478276,0.0461363987073356
0.0022057457211134,0.036301627515928,0.0023316339888975,0.0397731457855797,0.0024465343552962,0.0430492188274521,0.0025517075123447,0.0461363987073356
0.0022622077461219,0.036301627515928,0.0023684034652371,0.0397731457855797,0.0024644639147553,0.0430492188274521,0.0025517075123447,0.0461363987073356
0.0023201150693067,0.036301627515928,0.0024057527900421,0.0397731457855797,0.0024825248719616,0.0430492188274521,0.0025517075123447,0.0461363987073356
0.0023201150693067,0.036301627515928,0.002429559165931,0.0397731457855797,0.0025285781098988,0.0430492188274521,0.0026185245881653,0.0461363987073356
0.0023201150693067,0.036301627515928,0.002429559165931,0.0397731457855797,0.0025285781098988,0.0430492188274521,0.0026185245881653,0.0461363987073356
0.0023201150693067,0.036301627515928,0.002429559165931,0.0397731457855797,0.0025285781098988,0.0430492188274521,0.0026185245881653,0.0461363987073356
0.0023201150693067,0.036301627515928,0.002429559165931,0.0397731457855797,0.0025285781098988,0.0430492188274521,0.0026185245881653,0.0461363987073356
0.0023201150693067,0.036301627515928,0.002429559165931,0.0397731457855797,0.0025285781098988,0.0430492188274521,0.0026185245881653,0.0461363987073356
0.0023201150693067,0.036301627515928,0.002429559165931,0.0397731457855797,0.0025285781098988,0.0430492188274521,0.0026185245881653,0.0461363987073356
0.0023201150693067,0.036301627515928,0.002429559165931,0.0397731457855797,0.0025285781098988,0.0430492188274521,0.0026185245881653,0.0461363987073356
0.0023201150693067,0.036301627515928,0.002429559165931,0.0397731457855797,0.0025285781098988,0.0430492188274521,0.0026185245881653,0.0461363987073356
0.0023201150693067,0.036301627515928,0.002429559165931,0.0397731457855797,0.0025285781098988,0.0430492188274521,0.0026185245881653,0.0461363987073356
0.0023201150693067,0.036301627515928,0.002429559165931,0.0397731457855797,0.0025285781098988,0.0430492188274521,0.0026185245881653,0.0461363987073356
0.0023201150693067,0.036301627515928,0.002429559165931,0.0397731457855797,0.0025285781098988,0.0430492188274521,0.0026185245881653,0.0461363987073356
0.0023201150693067,0.036301627515928,0.002429559165931,0.0397731457855797,0.0025285781098988,0.0430492188274521,0.0026185245881653,0.0461363987073356
0.0023201150693067,0.036301627515928,0.002429559165931,0.0397731457855797,0.0025285781098988,0.0430492188274521,0.0026185245881653,0.0461363987073356
0.0023201150693067,0.036301627515928,0.002429559165931,0.0397731457855797,0.0025285781098988,0.0430492188274521,0.0026185245881653,0.0461363987073356
0.0023201150693067,0.036301627515928,0.002429559165931,0.0397731457855797,0.0025285781098988,0.0430492188274521,0.0026185245881653,0.0461363987073356
0.0023201150693067,0.036301627515928,0.002429559165931,0.0397731457855797,0.0025285781098988,0.0430492188274521,0.0026185245881653,0.0461363987073356
0.0023201150693067,0.036301627515928,0.002429559165931,0.0397731457855797,0.0025285781098988,0.0430492188274521,0.0026185245881653,0.0461363987073356
0.0023201150693067,0.036301627515928,0.002429559165931,0.0397731457855797,0.0025285781098988,0.0430492188274521,0.0026185245881653,0.0461363987073356
0.0023201150693067,0.036301627515928,0.002429559165931,0.0397731457855797,0.0025285781098988,0.0430492188274521,0.0026185245881653,0.0461363987073356
0.0023201150693067,0.036301627515928,0.002429559165931,0.0397731457855797,0.0025285781098988,0.0430492188274521,0.0026185245881653,0.0461363987073356
0.0023201150693067,0.036301627515928,0.002429559165931,0.0397731457855797,0.0025285781098988,0.0430492188274521,0.0026185245881653,0.0461363987073356
0.0023201150693067,0.036301627515928,0.002429559165931,0.0397731457855797,0.0025285781098988,0.0430492188274521,0.0026185245881653,0.0461363987073356
0.0023201150693067,0.036301627515928,0.002429559165931,0.0397731457855797,0.0025285781098988,0.0430492188274521,0.0026185245881653,0.0461363987073356
0.0023201150693067,0.036301627515928,0.002429559165931,0.0397731457855797,0.0025285781098988,0.0430492188274521,0.0026185245881653,0.0461363987073356
0.0023201150693067,0.036301627515928,0.002429559165931,0.0397731457855797,0.0025285781098988,0.0430492188274521,0.0026185245881653,0.0461363987073356
0.0023201150693067,0.036301627515928,0.002429559165931,0.0397731457855797,0.0025285781098988,0.0430492188274521,0.0026185245881653,0.0461363987073356
0.0023201150693067,0.036301627515928,0.002429559165931,0.0397731457855797,0.0025285781098988,0.0430492188274521,0.0026185245881653,0.0461363987073356
0.0023201150693067,0.036301627515928,0.002429559165931,0.0397731457855797,0.0025285781098988,0.0430492188274521,0.0026185245881653,0.0461363987073356
0.0023201150693067,0.036301627515928,0.002429559165931,0.0397731457855797,0.0025285781098988,0.0430492188274521,0.0026185245881653,0.0461363987073356
0.0023201150693067,0.036301627515928,0.002429559165931,0.0397731457855797,0.0025285781098988,0.0430492188274521,0.0026185245881653,0.0461363987073356
0.0023201150693067,0.036301627515928,0.002429559165931,0.0397731457855797,0.0025285781098988,0.0430492188274521,0.0026185245881653,0.0461363987073356
0.0023201150693067,0.036301627515928,0.002429559165931,0.0397731457855797,0.0025285781098988,0.0430492188274521,0.0026185245881653,0.0461363987073356
0.0023201150693067,0.036301627515928,0.002429559165931,0.0397731457855797,0.0025285781098988,0.0430492188274521,0.0026185245881653,0.0461363987073356
0.0023201150693067,0.036301627515928,0.002429559165931,0.0397731457855797,0.0025285781098988,0.0430492188274521,0.0026185245881653,0.0461363987073356
0.0023201150693067,0.036301627515928,0.002429559165931,0.0397731457855797,0.0025285781098988,0.0430492188274521,0.0026185245881653,0.0461363987073356
0.0023201150693067,0.036301627515928,0.002429559165931,0.0397731457855797,0.0025285781098988,0.0430492188274521,0.0026185245881653,0.0461363987073356
0.0023201150693067,0.036301627515928,0.002429559165931,0.0397731457855797,0.0025285781098988,0.0430492188274521,0.0026185245881653,0.0461363987073356
0.0023201150693067,0.036301627515928,0.002429559165931,0.0397731457855797,0.0025285781098988,0.0430492188274521,0.0026185245881653,0.0461363987073356
0.0023201150693067,0.036301627515928,0.002429559165931,0.0397731457855797,0.0025285781098988,0.0430492188274521,0.0026185245881653,0.0461363987073356
0.0023201150693067,0.036301627515928,0.002429559165931,0.0397731457855797,0.0025285781098988,0.0430492188274521,0.0026185245881653,0.0461363987073356
0.0023201150693067,0.036301627515928,0.002429559165931,0.0397731457855797,0.0025285781098988,0.0430492188274521,0.0026185245881653,0.0461363987073356
0.0023201150693067,0.036301627515928,0.002429559165931,0.0397731457855797,0.0025285781098988,0.0430492188274521,0.0026185245881653,0.0461363987073356
0.0023201150693067,0.036301627515928,0.002429559165931,0.0397731457855797,0.0025285781098988,0.0430492188274521,0.0026185245881653,0.0461363987073356
0.0023201150693067,0.036301627515928,0.002429559165931,0.0397731457855797,0.0025285781098988,0.0430492188274521,0.0026185245881653,0.0461363987073356
0.0023201150693067,0.036301627515928,0.002429559165931,0.0397731457855797,0.0025285781098988,0.0430492188274521,0.0026185245881653,0.0461363987073356
0.0023201150693067,0.036301627515928,0.002429559165931,0.0400230895802239,0.0025285781098988,0.0435555855829197,0.0026185245881653,0.046901361202454
0.0023201150693067,0.036301627515928,0.002429559165931,0.0400230895802239,0.0025285781098988,0.0435555855829197,0.0026185245881653,0.046901361202454
0.0023201150693067,0.036301627515928,0.002429559165931,0.0400230895802239,0.0025285781098988,0.0435555855829197,0.0026185245881653,0.046901361202454
0.0023201150693067,0.036301627515928,0.002429559165931,0.0400230895802239,0.0025285781098988,0.0435555855829197,0.0026185245881653,0.046901361202454
0.0023201150693067,0.036301627515928,0.002429559165931,0.0400230895802239,0.0025285781098988,0.0435555855829197,0.0026185245881653,0.046901361202454
0.0023201150693067,0.0369998367950355,0.002429559165931,0.0404978933873142,0.0025285781098988,0.0437959589969017,0.0026185245881653,0.046901361202454
0.0023201150693067,0.0377114751193617,0.002429559165931,0.0412358473642509,0.0025285781098988,0.0445556522673796,0.0026185245881653,0.0476790071240065
0.0023201150693067,0.0377114751193617,0.002429559165931,0.0414949831193444,0.0025285781098988,0.0450797384573476,0.0026185245881653,0.0484695467689778
0.0023201150693067,0.0377114751193617,0.002429559165931,0.0414949831193444,0.0025285781098988,0.0450797384573476,0.0026185245881653,0.0484695467689778
0.0023201150693067,0.0377114751193617,0.002429559165931,0.0414949831193444,0.0025285781098988,0.0450797384573476,0.0026185245881653,0.0484695467689778
0.0023201150693067,0.0377114751193617,0.002429559165931,0.0414949831193444,0.0025285781098988,0.0450797384573476,0.0026185245881653,0.0484695467689778
0.0023201150693067,0.0384368007771607,0.002429559165931,0.0419872483634035,0.0025285781098988,0.04532852332591,0.0026185245881653,0.0484695467689778
0.0023201150693067,0.0384368007771607,0.002429559165931,0.0422511060989519,0.0025285781098988,0.0458617004174311,0.0026185245881653,0.0492731939211723
0.0023201150693067,0.0391760770244871,0.002429559165931,0.0430210071769538,0.0025285781098988,0.0466572264426122,0.0026185245881653,0.050090165909027
0.0023201150693067,0.0391760770244871,0.002429559165931,0.0430210071769538,0.0025285781098988,0.0466572264426122,0.0026185245881653,0.050090165909027
0.0023201150693067,0.0391760770244871,0.002429559165931,0.0430210071769538,0.0025285781098988,0.0466572264426122,0.0026185245881653,0.050090165909027
0.0023201150693067,0.0391760770244871,0.002429559165931,0.0430210071769538,0.0025285781098988,0.0466572264426122,0.0026185245881653,0.050090165909027
0.0023201150693067,0.0391760770244871,0.002429559165931,0.0430210071769538,0.0025285781098988,0.0466572264426122,0.0026185245881653,0.050090165909027
0.0023201150693067,0.0406975597260732,0.002429559165931,0.0443246062213491,0.0025285781098988,0.0477285089688391,0.0026185245881653,0.0509206836643839
0.0023201150693067,0.0406975597260732,0.002429559165931,0.0446031524629465,0.0025285781098988,0.0482899159092699,0.0026185245881653,0.051764971782235
0.0023201150693067,0.0406975597260732,0.002429559165931,0.0446031524629465,0.0025285781098988,0.0482899159092699,0.0026185245881653,0.051764971782235
0.0023201150693067,0.0406975597260732,0.002429559165931,0.0446031524629465,0.0025285781098988,0.0482899159092699,0.0026185245881653,0.051764971782235
0.0023201150693067,0.0406975597260732,0.002429559165931,0.0446031524629465,0.0025285781098988,0.0482899159092699,0.0026185245881653,0.051764971782235
0.0023201150693067,0.0406975597260732,0.002429559165931,0.0446031524629465,0.0025285781098988,0.0482899159092699,0.0026185245881653,0.051764971782235
0.0023201150693067,0.0414803184006066,0.002429559165931,0.0454159126089905,0.0025285781098988,0.0491275622352886,0.0026185245881653,0.0526232585814597
0.0023201150693067,0.0422781323056423,0.002429559165931,0.0462434828977827,0.0025285781098988,0.0499797385383073,0.0026185245881653,0.0534957761665684
0.0023201150693067,0.0422781323056423,0.002429559165931,0.0462434828977827,0.0025285781098988,0.0499797385383073,0.0026185245881653,0.0534957761665684
0.0023201150693067,0.0422781323056423,0.002429559165931,0.0462434828977827,0.0025285781098988,0.0499797385383073,0.0026185245881653,0.0534957761665684
0.0023201150693067,0.0422781323056423,0.002429559165931,0.0462434828977827,0.0025285781098988,0.0499797385383073,0.0026185245881653,0.0534957761665684
0.0023201150693067,0.043091291006755,0.002429559165931,0.0467920807687434,0.0025285781098988,0.0502555653977467,0.0026185245881653,0.0534957761665684
0.0023201150693067,0.043091291006755,0.002429559165931,0.047086133200243,0.0025285781098988,0.0508466968581488,0.0026185245881653,0.0543827604904698
0.0023201150693067,0.0439200896388942,0.002429559165931,0.0479441383048881,0.0025285781098988,0.051728693606568,0.0026185245881653,0.0552844514182796
0.0023201150693067,0.0439200896388942,0.002429559165931,0.0479441383048881,0.0025285781098988,0.051728693606568,0.0026185245881653,0.0552844514182796
0.0023201150693067,0.0439200896388942,0.002429559165931,0.0479441383048881,0.0025285781098988,0.051728693606568,0.0026185245881653,0.0552844514182796
0.0023201150693067,0.0439200896388942,0.002429559165931,0.0479441383048881,0.0025285781098988,0.051728693606568,0.0026185245881653,0.0552844514182796
0.0023201150693067,0.0447648290135034,0.002429559165931,0.0488177780074405,0.0025285781098988,0.0526259896430883,0.0026185245881653,0.0562010927921859
0.0023201150693067,0.0456258157276988,0.002429559165931,0.04970733720207,0.0025285781098988,0.0535388503521535,0.0026185245881653,0.0571329324973916
0.0023201150693067,0.0456258157276988,0.002429559165931,0.04970733720207,0.0025285781098988,0.0535388503521535,0.0026185245881653,0.0571329324973916
0.0023201150693067,0.0456258157276988,0.002429559165931,0.04970733720207,0.0025285781098988,0.0535388503521535,0.0026185245881653,0.0571329324973916
0.0023201150693067,0.0456258157276988,0.002429559165931,0.04970733720207,0.0025285781098988,0.0535388503521535,0.0026185245881653,0.0571329324973916
0.0023201150693067,0.0456258157276988,0.002429559165931,0.05001970979007,0.0025285781098988,0.0541686014761621,0.0026185245881653,0.0580802225291487
0.0023201150693067,0.0465033622755484,0.002429559165931,0.0509311706261136,0.0025285781098988,0.0551082206317915,0.0026185245881653,0.059043219060906
0.0023201150693067,0.0473977871614915,0.002429559165931,0.0515353796955901,0.0025285781098988,0.0554123504225968,0.0026185245881653,0.059043219060906
0.0023201150693067,0.0473977871614915,0.002429559165931,0.0515353796955901,0.0025285781098988,0.0554123504225968,0.0026185245881653,0.059043219060906
0.0023201150693067,0.0473977871614915,0.002429559165931,0.0515353796955901,0.0025285781098988,0.0554123504225968,0.0026185245881653,0.059043219060906
0.0023201150693067,0.0473977871614915,0.002429559165931,0.0515353796955901,0.0025285781098988,0.0554123504225968,0.0026185245881653,0.059043219060906
0.0023201150693067,0.0483094150159392,0.002429559165931,0.0524744591196871,0.0025285781098988,0.0563735438907062,0.0026185245881653,0.0600221825135838
0.0023201150693067,0.0492385767130995,0.002429559165931,0.0534306504806706,0.0025285781098988,0.0573514104087062,0.0026185245881653,0.0610173776260005
0.0023201150693067,0.0492385767130995,0.002429559165931,0.0534306504806706,0.0025285781098988,0.0573514104087062,0.0026185245881653,0.0610173776260005
0.0023201150693067,0.0492385767130995,0.002429559165931,0.0534306504806706,0.0025285781098988,0.0573514104087062,0.0026185245881653,0.0610173776260005
0.0023201150693067,0.0492385767130995,0.002429559165931,0.0534306504806706,0.0025285781098988,0.0573514104087062,0.0026185245881653,0.0610173776260005
0.0023201150693067,0.0501856094910664,0.002429559165931,0.0544042655928305,0.0025285781098988,0.0583462391905808,0.0026185245881653,0.0620290735264642
0.0023201150693067,0.0511508570742208,0.002429559165931,0.0553956219523473,0.0025285781098988,0.0593583244670767,0.0026185245881653,0.063057543805553
0.0023201150693067,0.0511508570742208,0.002429559165931,0.0553956219523473,0.0025285781098988,0.0593583244670767,0.0026185245881653,0.063057543805553
0.0023201150693067,0.0511508570742208,0.002429559165931,0.0553956219523473,0.0025285781098988,0.0593583244670767,0.0026185245881653,0.063057543805553
0.0023201150693067,0.0511508570742208,0.002429559165931,0.0553956219523473,0.0025285781098988,0.0593583244670767,0.0026185245881653,0.063057543805553
0.0023201150693067,0.0511508570742208,0.002429559165931,0.0557437410584419,0.0025285781098988,0.0600565271984864,0.0026185245881653,0.0641030665901015
0.0023201150693067,0.0521346697979849,0.002429559165931,0.0567595053849956,0.0025285781098988,0.0610982794652697,0.0026185245881653,0.0651659246184138
0.0023201150693067,0.0531374047359758,0.002429559165931,0.0574328574307274,0.0025285781098988,0.0614354670343711,0.0026185245881653,0.0651659246184138
0.0023201150693067,0.0531374047359758,0.002429559165931,0.0574328574307274,0.0025285781098988,0.0614354670343711,0.0026185245881653,0.0651659246184138
0.0023201150693067,0.0531374047359758,0.002429559165931,0.0574328574307274,0.0025285781098988,0.0614354670343711,0.0026185245881653,0.0651659246184138
0.0023201150693067,0.0531374047359758,0.002429559165931,0.0581569686918703,0.0025285781098988,0.062889237308016,0.0026185245881653,0.0673448008769226
0.0023201150693067,0.0541594258296049,0.002429559165931,0.0588468991903237,0.0025285781098988,0.0632363087679019,0.0026185245881653,0.0673448008769226
0.0023201150693067,0.0552011040201698,0.002429559165931,0.0595450145048601,0.0025285781098988,0.063585295636583,0.0026185245881653,0.0673448008769226
0.0023201150693067,0.0552011040201698,0.002429559165931,0.0595450145048601,0.0025285781098988,0.063585295636583,0.0026185245881653,0.0673448008769226
0.0023201150693067,0.0552011040201698,0.002429559165931,0.0599192093688451,0.0025285781098988,0.0643332181476974,0.0026185245881653,0.068461408335577
0.0023201150693067,0.0552011040201698,0.002429559165931,0.0602957557612896,0.0025285781098988,0.0650899381028912,0.0026185245881653,0.0695965296542546
0.0023201150693067,0.0562628173834877,0.002429559165931,0.061011059219546,0.0025285781098988,0.0654491547321311,0.0026185245881653,0.0695965296542546
0.0023201150693067,0.057344951267117,0.002429559165931,0.061734848499581,0.0025285781098988,0.0658103537966057,0.0026185245881653,0.0695965296542546
0.0023201150693067,0.057344951267117,0.002429559165931,0.061734848499581,0.0025285781098988,0.0658103537966057,0.0026185245881653,0.0695965296542546
0.0023201150693067,0.057344951267117,0.002429559165931,0.0621228047949909,0.0025285781098988,0.0665844485708158,0.0026185245881653,0.0707504718011833
0.0023201150693067,0.0584478984302186,0.002429559165931,0.063254808635746,0.0025285781098988,0.0677394354384699,0.0026185245881653,0.0719235468342642
0.0023201150693067,0.0595720591861076,0.002429559165931,0.0640052160698551,0.0025285781098988,0.0681132740435452,0.0026185245881653,0.0719235468342642
0.0023201150693067,0.0595720591861076,0.002429559165931,0.0640052160698551,0.0025285781098988,0.0681132740435452,0.0026185245881653,0.0719235468342642
0.0023201150693067,0.0595720591861076,0.002429559165931,0.0640052160698551,0.0025285781098988,0.0681132740435452,0.0026185245881653,0.0719235468342642
0.0023201150693067,0.0595720591861076,0.002429559165931,0.0648121913763504,0.0025285781098988,0.0697250637445942,0.0026185245881653,0.0743283697465848
0.0023201150693067,0.0607178415475466,0.002429559165931,0.0655810744269622,0.0025285781098988,0.0701098605826597,0.0026185245881653,0.0743283697465848
0.0023201150693067,0.0618856613748329,0.002429559165931,0.0663590789273037,0.0025285781098988,0.0704967810273399,0.0026185245881653,0.0743283697465848
0.0023201150693067,0.0618856613748329,0.002429559165931,0.0663590789273037,0.0025285781098988,0.0704967810273399,0.0026185245881653,0.0743283697465848
0.0023201150693067,0.0618856613748329,0.002429559165931,0.0667760949733968,0.0025285781098988,0.0713259999365797,0.0026185245881653,0.0755607679565126
0.0023201150693067,0.0618856613748329,0.002429559165931,0.0671957316463207,0.0025285781098988,0.0721649725393842,0.0026185245881653,0.0768135998898358
0.0023201150693067,0.0630759425267358,0.002429559165931,0.0679928912244671,0.0025285781098988,0.0725632346815882,0.0026185245881653,0.0768135998898358
0.0023201150693067,0.0642891170143339,0.002429559165931,0.0687995077037805,0.0025285781098988,0.0729636947423715,0.0026185245881653,0.0768135998898358
0.0023201150693067,0.0642891170143339,0.002429559165931,0.0692318599777958,0.0025285781098988,0.0738219307424649,0.0026185245881653,0.078087204346991
0.0023201150693067,0.0642891170143339,0.002429559165931,0.0696669292551021,0.0025285781098988,0.0746902617498693,0.0026185245881653,0.0793819257458808
0.0023201150693067,0.0655256251578141,0.002429559165931,0.070493405261466,0.0025285781098988,0.0751024603913924,0.0026185245881653,0.0793819257458808
0.0023201150693067,0.0667859157462847,0.002429559165931,0.071329685957033,0.0025285781098988,0.0755169338638785,0.0026185245881653,0.0793819257458808
0.0023201150693067,0.0667859157462847,0.002429559165931,0.071329685957033,0.0025285781098988,0.0755169338638785,0.0026185245881653,0.0793819257458808
0.0023201150693067,0.0667859157462847,0.002429559165931,0.0722290078986162,0.0025285781098988,0.0773039191169849,0.0026185245881653,0.0820361256881853
0.0023201150693067,0.0667859157462847,0.002429559165931,0.0722290078986162,0.0025285781098988,0.0773039191169849,0.0026185245881653,0.0820361256881853
0.0023201150693067,0.0680704462006638,0.002429559165931,0.0730858784773822,0.0025285781098988,0.077730541941673,0.0026185245881653,0.0820361256881853
0.0023201150693067,0.0693796827396986,0.002429559165931,0.0739529143236787,0.0025285781098988,0.078159519201125,0.0026185245881653,0.0820361256881853
0.0023201150693067,0.0693796827396986,0.002429559165931,0.0748853098277801,0.0025285781098988,0.080009036932526,0.0026185245881653,0.0847790709874148
0.0023201150693067,0.0693796827396986,0.002429559165931,0.0748853098277801,0.0025285781098988,0.080009036932526,0.0026185245881653,0.0847790709874148
0.0023201150693067,0.0707141005491793,0.002429559165931,0.0757736927730821,0.0025285781098988,0.0804505886898838,0.0026185245881653,0.0847790709874148
0.0023201150693067,0.0720741839544067,0.002429559165931,0.0766726148249097,0.0025285781098988,0.080894577271404,0.0026185245881653,0.0847790709874148
0.0023201150693067,0.0720741839544067,0.002429559165931,0.0771544435542224,0.0025285781098988,0.0818461003360158,0.0026185245881653,0.0861847465818137
0.0023201150693067,0.0720741839544067,0.002429559165931,0.0776393002084979,0.0025285781098988,0.0828088156977262,0.0026185245881653,0.0876137289175306
0.0023201150693067,0.0720741839544067,0.002429559165931,0.0776393002084979,0.0025285781098988,0.0828088156977262,0.0026185245881653,0.0876137289175306
0.0023201150693067,0.0748733316089569,0.002429559165931,0.0794923353305457,0.0025285781098988,0.0837253439991091,0.0026185245881653,0.0876137289175306
0.0023201150693067,0.0748733316089569,0.002429559165931,0.0804945716419954,0.0025285781098988,0.0857065679098592,0.0026185245881653,0.0905431659657373
0.0023201150693067,0.0748733316089569,0.002429559165931,0.0804945716419954,0.0025285781098988,0.0857065679098592,0.0026185245881653,0.0905431659657373
0.0023201150693067,0.0748733316089569,0.002429559165931,0.0804945716419954,0.0025285781098988,0.0857065679098592,0.0026185245881653,0.0905431659657373
0.0023201150693067,0.0777811898608678,0.002429559165931,0.0824157541872559,0.0025285781098988,0.0866551685442471,0.0026185245881653,0.0905431659657373
0.0023201150693067,0.0777811898608678,0.002429559165931,0.0834548488513958,0.0025285781098988,0.0887057219813496,0.0026185245881653,0.0935705511497607
0.0023201150693067,0.0777811898608678,0.002429559165931,0.0834548488513958,0.0025285781098988,0.0887057219813496,0.0026185245881653,0.0935705511497607
0.0023201150693067,0.0777811898608678,0.002429559165931,0.0834548488513958,0.0025285781098988,0.0887057219813496,0.0026185245881653,0.0935705511497607
0.0023201150693067,0.0808019807074888,0.002429559165931,0.0859836520652619,0.0025285781098988,0.0907424673513694,0.0026185245881653,0.0951219934877546
0.0023201150693067,0.0808019807074888,0.002429559165931,0.0865239935406488,0.0025285781098988,0.0918098262960231,0.0026185245881653,0.0966991594460388
0.0023201150693067,0.0808019807074888,0.002429559165931,0.0865239935406488,0.0025285781098988,0.0918098262960231,0.0026185245881653,0.0966991594460388
0.0023201150693067,0.0808019807074888,0.002429559165931,0.0865239935406488,0.0025285781098988,0.0918098262960231,0.0026185245881653,0.0966991594460388
0.0023201150693067,0.0823560898910364,0.002429559165931,0.0881006366643569,0.0025285781098988,0.0934023774993378,0.0026185245881653,0.0983024755339485
0.0023201150693067,0.0839400901160314,0.002429559165931,0.0897060094321533,0.0025285781098988,0.0950225534073003,0.0026185245881653,0.0999323753325389
0.0023201150693067,0.0839400901160314,0.002429559165931,0.0897060094321533,0.0025285781098988,0.0950225534073003,0.0026185245881653,0.0999323753325389
0.0023201150693067,0.0839400901160314,0.002429559165931,0.0897060094321533,0.0025285781098988,0.0950225534073003,0.0026185245881653,0.0999323753325389
0.0023201150693067,0.085554556293406,0.002429559165931,0.0913406353565801,0.0025285781098988,0.0966708332034401,0.0026185245881653,0.1015892996118355
0.0023201150693067,0.0872000743916721,0.002429559165931,0.0930050474896426,0.0025285781098988,0.0983477043832983,0.0026185245881653,0.1032736964500319
0.0023201150693067,0.0872000743916721,0.002429559165931,0.0930050474896426,0.0025285781098988,0.0983477043832983,0.0026185245881653,0.1032736964500319
0.0023201150693067,0.0872000743916721,0.002429559165931,0.0930050474896426,0.0025285781098988,0.0983477043832983,0.0026185245881653,0.1032736964500319
0.0023201150693067,0.0888772416495976,0.002429559165931,0.0946997885966373,0.0025285781098988,0.1000536628986086,0.0026185245881653,0.1049860213546619
0.0023201150693067,0.0905866667929743,0.002429559165931,0.0964254113331486,0.0025285781098988,0.1017892133039811,0.0026185245881653,0.1067267373857823
0.0023201150693067,0.0905866667929743,0.002429559165931,0.0964254113331486,0.0025285781098988,0.1017892133039811,0.0026185245881653,0.1067267373857823
0.0023201150693067,0.0905866667929743,0.002429559165931,0.0964254113331486,0.0025285781098988,0.1017892133039811,0.0026185245881653,0.1067267373857823
0.0023201150693067,0.0923289702555533,0.002429559165931,0.098799480192177,0.0025285781098988,0.1047729338190141,0.0026185245881653,0.110295233583752
0.0023201150693067,0.0941047844042323,0.002429559165931,0.0999715628531058,0.0025285781098988,0.1053511519156813,0.0026185245881653,0.110295233583752
0.0023201150693067,0.0941047844042323,0.002429559165931,0.0999715628531058,0.0025285781098988,0.1053511519156813,0.0026185245881653,0.110295233583752
0.0023201150693067,0.0941047844042323,0.002429559165931,0.0999715628531058,0.0025285781098988,0.1053511519156813,0.0026185245881653,0.110295233583752
0.0023201150693067,0.0959147537685702,0.002429559165931,0.1024329407292961,0.0025285781098988,0.1084392826031091,0.0026185245881653,0.1139830453855415
0.0023201150693067,0.0977595352747199,0.002429559165931,0.1036481280309218,0.0025285781098988,0.1090377344484974,0.0026185245881653,0.1139830453855415
0.0023201150693067,0.0977595352747199,0.002429559165931,0.1036481280309218,0.0025285781098988,0.1090377344484974,0.0026185245881653,0.1139830453855415
0.0023201150693067,0.0977595352747199,0.002429559165931,0.1042994772243571,0.0025285781098988,0.1103202916079554,0.0026185245881653,0.1158729361711754
0.0023201150693067,0.0996397984838581,0.002429559165931,0.1062000258102806,0.0025285781098988,0.1122339289628919,0.0026185245881653,0.117794162206447
0.0023201150693067,0.1015562258352017,0.002429559165931,0.1074599029736045,0.0025285781098988,0.1128533226022692,0.0026185245881653,0.117794162206447
0.0023201150693067,0.1015562258352017,0.002429559165931,0.1074599029736045,0.0025285781098988,0.1128533226022692,0.0026185245881653,0.117794162206447
0.0023201150693067,0.1015562258352017,0.002429559165931,0.1081352062565313,0.0025285781098988,0.1141807606456607,0.0026185245881653,0.1197472430440613
0.0023201150693067,0.103509512893699,0.002429559165931,0.1101056496260342,0.0025285781098988,0.1161613624515646,0.0026185245881653,0.1217327068511435
0.0023201150693067,0.105500368602484,0.002429559165931,0.11141186017032,0.0025285781098988,0.1168024307070269,0.0026185245881653,0.1217327068511435
0.0023201150693067,0.105500368602484,0.002429559165931,0.11141186017032,0.0025285781098988,0.1168024307070269,0.0026185245881653,0.1217327068511435
0.0023201150693067,0.105500368602484,0.002429559165931,0.1121119984809648,0.0025285781098988,0.1181763201637648,0.0026185245881653,0.1237510905520709
0.0023201150693067,0.107529515540185,0.002429559165931,0.1141549070922871,0.0025285781098988,0.1202262297265311,0.0026185245881653,0.1258029399736707
0.0023201150693067,0.1095976901831848,0.002429559165931,0.1155091549790425,0.0025285781098988,0.1208897310640238,0.0026185245881653,0.1258029399736707
0.0023795046869819,0.1095976901831848,0.0025418635573675,0.1155091549790425,0.0026915088705171,0.1208897310640238,0.0028296579996413,0.1258029399736707
0.0045908129419591,0.1095976901831848,0.005716971758014,0.1162350416531129,0.006914152746681,0.1223116974214992,0.0081656409033478,0.1278888099928275
0.0080054264377188,0.1117056431729251,0.0120780999073575,0.1183530804959479,0.0172503354462127,0.124433340046985,0.0235638693336359,0.1300092646865374
0.0090838440501822,0.1138541395883483,0.0134525499688361,0.1197571323517571,0.0189060832320301,0.1251200594736664,0.0254638400814657,0.1300092646865374
0.0090838440501822,0.1138541395883483,0.0134525499688361,0.1197571323517571,0.0189060832320301,0.1251200594736664,0.0254638400814657,0.1300092646865374
0.0090838440501822,0.1138541395883483,0.0134525499688361,0.120509714313895,0.0189060832320301,0.1265917851004083,0.0254638400814657,0.1321648774844497
0.0090838440501822,0.1138541395883483,0.0134525499688361,0.1212670256779368,0.0189060832320301,0.128080821910741,0.0254638400814657,0.134356231323939
0.0090838440501822,0.1182758968709715,0.0134525499688361,0.12416133380699,0.0189060832320301,0.1294984209568868,0.0254638400814657,0.134356231323939
0.0090838440501822,0.1182758968709715,0.0134525499688361,0.12416133380699,0.0189060832320301,0.1294984209568868,0.0254638400814657,0.134356231323939
0.0090838440501822,0.1182758968709715,0.0134525499688361,0.1249415928060422,0.0189060832320301,0.1310216470930205,0.0254638400814657,0.1365839188077463
0.0090838440501822,0.1182758968709715,0.0134525499688361,0.125726755136002,0.0189060832320301,0.132562790187868,0.0254638400814657,0.1388485423642359
0.0090838440501822,0.1205507626095346,0.0134525499688361,0.1272182827171503,0.0189060832320301,0.1332943742090212,0.0254638400814657,0.1388485423642359
0.0090838440501822,0.122869382098992,0.0134525499688361,0.1287275046587625,0.0189060832320301,0.1340299956767251,0.0254638400814657,0.1388485423642359
0.0090838440501822,0.122869382098992,0.0134525499688361,0.1295364585484786,0.0189060832320301,0.1356065244940812,0.0254638400814657,0.1411507144103086
0.0090838440501822,0.122869382098992,0.0134525499688361,0.1303504960945387,0.0189060832320301,0.1372015972433342,0.0254638400814657,0.143491057517017
0.0090838440501822,0.1252325968794327,0.0134525499688361,0.1318968762578621,0.0189060832320301,0.1379587817902018,0.0254638400814657,0.143491057517017
0.0090838440501822,0.1276412646767532,0.0134525499688361,0.1334616015113939,0.0189060832320301,0.1387201450671247,0.0254638400814657,0.143491057517017
0.0090838440501822,0.1276412646767532,0.0134525499688361,0.1351442802585054,0.0189060832320301,0.1420027313806865,0.0254638400814657,0.1482887989802573
0.0090838440501822,0.1276412646767532,0.0134525499688361,0.1351442802585054,0.0189060832320301,0.1420027313806865,0.0254638400814657,0.1482887989802573
0.0090838440501822,0.1300962597139645,0.0134525499688361,0.136747530268592,0.0189060832320301,0.1427864122996756,0.0254638400814657,0.1482887989802573
0.0090838440501822,0.1325984730284944,0.0134525499688361,0.1383698000299398,0.0189060832320301,0.1435744181761979,0.0254638400814657,0.1482887989802573
0.0090838440501822,0.1325984730284944,0.0134525499688361,0.1401143611555049,0.0189060832320301,0.1469718729572228,0.0254638400814657,0.1532469568732485
0.0090838440501822,0.1325984730284944,0.0134525499688361,0.1401143611555049,0.0189060832320301,0.1469718729572228,0.0254638400814657,0.1532469568732485
0.0090838440501822,0.1351488127955847,0.0134525499688361,0.1417765724640872,0.0189060832320301,0.1477829774433466,0.0254638400814657,0.1532469568732485
0.0090838440501822,0.1377482046579144,0.0134525499688361,0.143458502996392,0.0189060832320301,0.1485985582314604,0.0254638400814657,0.1532469568732485
0.0090838440501822,0.1377482046579144,0.0134525499688361,0.1452672222935588,0.0189060832320301,0.152114901104585,0.0254638400814657,0.1583708948511882
0.0090838440501822,0.1377482046579144,0.0134525499688361,0.1452672222935588,0.0189060832320301,0.152114901104585,0.0254638400814657,0.1583708948511882
0.0090838440501822,0.1403975920615598,0.0134525499688361,0.1469905632678266,0.0189060832320301,0.152954388798452,0.0254638400814657,0.1583708948511882
0.0090838440501822,0.1430979365984186,0.0134525499688361,0.1487343486621552,0.0189060832320301,0.1537985094348057,0.0254638400814657,0.1583708948511882
0.0090838440501822,0.1430979365984186,0.0134525499688361,0.1506095856188907,0.0189060832320301,0.1574379006845235,0.0254638400814657,0.1636661559074939
0.0090838440501822,0.1430979365984186,0.0134525499688361,0.1506095856188907,0.0189060832320301,0.1574379006845235,0.0254638400814657,0.1636661559074939
0.0090838440501822,0.1430979365984186,0.0134525499688361,0.1506095856188907,0.0189060832320301,0.1574379006845235,0.0254638400814657,0.1636661559074939
0.0090838440501822,0.1486554362692274,0.0134525499688361,0.1542042194076985,0.0189060832320301,0.1591804239952588,0.0254638400814657,0.1636661559074939
0.0090838440501822,0.1486554362692274,0.0134525499688361,0.1561484202847581,0.0189060832320301,0.1629471694880707,0.0254638400814657,0.1691384683701253
0.0090838440501822,0.1486554362692274,0.0134525499688361,0.1561484202847581,0.0189060832320301,0.1629471694880707,0.0254638400814657,0.1691384683701253
0.0090838440501822,0.1486554362692274,0.0134525499688361,0.1561484202847581,0.0189060832320301,0.1629471694880707,0.0254638400814657,0.1691384683701253
0.0090838440501822,0.1515146084908413,0.0134525499688361,0.1580008476010877,0.0189060832320301,0.1638464380182566,0.0254638400814657,0.1691384683701253
0.0090838440501822,0.1544287727530964,0.0134525499688361,0.1618909517427631,0.0189060832320301,0.1686492256866335,0.0254638400814657,0.1747937520983958
0.0090838440501822,0.1544287727530964,0.0134525499688361,0.1618909517427631,0.0189060832320301,0.1686492256866335,0.0254638400814657,0.1747937520983958
0.0090838440501822,0.1544287727530964,0.0134525499688361,0.1618909517427631,0.0189060832320301,0.1686492256866335,0.0254638400814657,0.1747937520983958
0.0090838440501822,0.1573989867483249,0.0135856710702839,0.1638115041295758,0.0192568093654842,0.1695799625737896,0.0261306168672749,0.1747937520983958
0.0090838440501822,0.1604263285120397,0.013855878249732,0.1678446711685113,0.01997790125791,0.1745508155438276,0.0275170067578375,0.180638124886981
0.0090838440501822,0.1604263285120397,0.0141314596149268,0.1678446711685113,0.0207259952100983,0.1745508155438276,0.0289769531564006,0.180638124886981
0.0090838440501822,0.1604263285120397,0.0144125220537479,0.1678446711685113,0.0215021023431546,0.1745508155438276,0.0305143586879803,0.180638124886981
0.0090838440501822,0.1635118968142073,0.0146991745799815,0.1698358540008829,0.0223072716406994,0.175514121969033,0.0321333330358458,0.180638124886981
0.0095548472638185,0.1666568115580441,0.015468084351291,0.1740173452339037,0.0234830377693372,0.1806589213971715,0.0338382039272319,0.1866779090840517
0.0103075361906071,0.1666568115580441,0.0166975175010085,0.1740173452339037,0.0253638985715601,0.1806589213971715,0.0365666012337416,0.1866779090840517
0.0111195186471474,0.1666568115580441,0.0178480511280673,0.1740173452339037,0.0268964506902836,0.1806589213971715,0.0385066842612565,0.1866779090840517
0.0119954655174465,0.1666568115580441,0.0190778616672128,0.1740173452339037,0.0285216035576649,0.1806589213971715,0.0405497006221045,0.1866779090840517
0.0126174381951553,0.1698622141864862,0.0202744817029157,0.1771882951582166,0.030581904332875,0.183792666381428,0.0438192504538582,0.1897731138056485
0.013959804779669,0.1731292680964713,0.022013239824503,0.1804170262388216,0.0326674049257046,0.1869807699190867,0.0461441311158736,0.1929196384306857
0.0146836297238927,0.1731292680964713,0.0231647463330583,0.1804170262388216,0.0343892303842722,0.1869807699190867,0.048592360991685,0.1929196384306857
0.0158403416202817,0.1731292680964713,0.0247609009480698,0.1804170262388216,0.0364671163109168,0.1869807699190867,0.0511704845155044,0.1929196384306857
0.0170881742025233,0.1764591590611944,0.0267289450672428,0.1837045913658943,0.0393879296363917,0.1902241749242466,0.0552963953476852,0.1961183338665265
0.0189061814465472,0.1798530956604815,0.0290212438790266,0.18705206261541,0.0420739478029819,0.1935238406669787,0.0582302091142706,0.1993700651289659
0.0198864792334447,0.1798530956604815,0.0308415423219254,0.18705206261541,0.0451132224741755,0.1935238406669787,0.0629253503234949,0.1993700651289659
0.0220021975586473,0.1798530956604815,0.033486541241272,0.18705206261541,0.0481896709252032,0.1935238406669787,0.0662639270586604,0.1993700651289659
0.0231430257917097,0.1798530956604815,0.0355869163710782,0.18822754173336,0.0516707240210987,0.1958001662769029,0.0716068323882222,0.2026757115761545
0.0256052074173948,0.1868380567555678,0.0386388829154835,0.1939311098186731,0.0551943543485307,0.2002958749325118,0.0754060151255641,0.2060361671464012
0.028329340026172,0.1868380567555678,0.0423677350946336,0.1939311098186731,0.0600520079512901,0.2002958749325118,0.0814860532093127,0.2060361671464012
0.0297982347054301,0.1868380567555678,0.0450251650291802,0.1939311098186731,0.0643899547390582,0.2002958749325118,0.0880563288827056,0.2060361671464012
0.0329684626017256,0.1868380567555678,0.0488865644236237,0.1951498184857965,0.0687809595410786,0.2026518566456674,0.0927282585498514,0.2094523405999198
0.0364759703742891,0.1904316164343969,0.0536043709057863,0.1987058450492713,0.0748343698918217,0.2061670953861748,0.100205000855939,0.2129251557645815
0.0403566411579158,0.1940942930339944,0.0587774701307615,0.201063141617577,0.0814205407204493,0.2073048849005498,0.1082845979593218,0.2129251557645815
0.043535760204326,0.1940942930339944,0.06282750067541,0.201063141617577,0.0863401796251978,0.2073048849005498,0.1140297616757764,0.2129251557645815
0.0469653162945849,0.1940942930339944,0.067821151491505,0.2023266696485233,0.0932555481183648,0.2097433101453938,0.1232240586097149,0.2164555517857443
0.051961946375101,0.1978274159183242,0.0743662436227844,0.2060134730355425,0.101462966334256,0.2133815586252707,0.1331596979341585,0.2200444833802236
0.0574901668744897,0.2016323400197412,0.0815429710192408,0.2084574618014044,0.1103927192007899,0.214559163128599,0.14389645458828,0.2200444833802236
0.0636065335851317,0.2016323400197412,0.0894122897530289,0.2084574618014044,0.1201083793706312,0.214559163128599,0.1554989232050912,0.2200444833802236
0.0703736192582133,0.2016323400197412,0.097080369620907,0.2084574618014044,0.1282990431584319,0.214559163128599,0.1637490971761046,0.2200444833802236
0.0778606537467032,0.2016323400197412,0.1054060710419583,0.2110856854753132,0.1370482605928333,0.2196363562932573,0.1724369936029971,0.2274018515670556
0.0861442322530034,0.2055104463307642,0.1122139543064136,0.2135898471514136,0.1411101024286226,0.2208484796085613,0.1724369936029971,0.2274018515670556
0.0953090989269229,0.2094631424053049,0.1194615397064702,0.2161237163166121,0.1452923292954048,0.2220672923579656,0.1724369936029971,0.2274018515670556
0.0977487929839675,0.2094631424053049,0.1213454281206235,0.2161237163166121,0.1463571119956441,0.2220672923579656,0.1724369936029971,0.2274018515670556
0.0977487929839675,0.2094631424053049,0.1213454281206235,0.2174818885381409,0.1463571119956441,0.224679360529922,0.1724369936029971,0.231172277795439
0.0977487929839675,0.2094631424053049,0.1213454281206235,0.2188485958330749,0.1463571119956441,0.2273221531731072,0.1724369936029971,0.2350052194072535
0.0977487929839675,0.2175980699425956,0.1213454281206235,0.2240719058500434,0.1463571119956441,0.2298381556682394,0.1724369936029971,0.2350052194072535
0.0977487929839675,0.2175980699425956,0.1213454281206235,0.2240719058500434,0.1463571119956441,0.2298381556682394,0.1724369936029971,0.2350052194072535
0.0977487929839675,0.2175980699425956,0.1213454281206235,0.2254800263623924,0.1463571119956441,0.2325416286774673,0.1724369936029971,0.2389017129360176
0.0977487929839675,0.2175980699425956,0.1213454281206235,0.2268969958349438,0.1463571119956441,0.2352769013080003,0.1724369936029971,0.2428628121014484
0.0977487929839675,0.2217832539672822,0.1213454281206235,0.2295887309950649,0.1463571119956441,0.2365753412495513,0.1724369936029971,0.2428628121014484
0.0977487929839675,0.2260489339509868,0.1213454281206235,0.2323123988749012,0.1463571119956441,0.2378809469871172,0.1724369936029971,0.2428628121014484
0.0977487929839675,0.2260489339509868,0.1213454281206235,0.233772304581901,0.1463571119956441,0.2406790233888336,0.1724369936029971,0.2468895880944144
0.0977487929839675,0.2260489339509868,0.1213454281206235,0.2352413846794355,0.1463571119956441,0.2435100121849598,0.1724369936029971,0.2509831298666169
0.0977487929839675,0.2260489339509868,0.1213454281206235,0.2352413846794355,0.1463571119956441,0.2435100121849598,0.1724369936029971,0.2509831298666169
0.0977487929839675,0.2303966581170077,0.1213454281206235,0.238032111387504,0.1463571119956441,0.2448538888011115,0.1724369936029971,0.2509831298666169
0.0977487929839675,0.2348280044664798,0.1213454281206235,0.2408559451764959,0.1463571119956441,0.2462051819679965,0.1724369936029971,0.2509831298666169
0.0977487929839675,0.2348280044664798,0.1213454281206235,0.2438926476847399,0.1463571119956441,0.2520312266298229,0.1724369936029971,0.2593749571314764
0.0977487929839675,0.2348280044664798,0.1213454281206235,0.2438926476847399,0.1463571119956441,0.2520312266298229,0.1724369936029971,0.2593749571314764
0.0977487929839675,0.2348280044664798,0.1213454281206235,0.2438926476847399,0.1463571119956441,0.2520312266298229,0.1724369936029971,0.2593749571314764
0.1002509376061619,0.2393445813511067,0.1257105399259166,0.2467860064647989,0.1529503612720609,0.2534221298989281,0.1815858363534186,0.2593749571314764
0.1137558242754162,0.2439480280569079,0.1428008034772834,0.2512829493843062,0.1739081996343325,0.2578180397290574,0.206638286175412,0.2636755120065363
0.1357728454289684,0.2439480280569079,0.1657309994548477,0.2528620704887093,0.196992247509208,0.2608506263318916,0.2291468268520921,0.2680473720393412
0.1661993180622039,0.2439480280569079,0.1992622919006207,0.2528620704887093,0.233192665774852,0.2608506263318916,0.2675891082974831,0.2680473720393412
0.213993033239156,0.2439480280569079,0.2496396673633779,0.2528620704887093,0.2853025769467796,0.2608506263318916,0.3206629481438462,0.2680473720393412
0.2825836768017396,0.2486400153991979,0.3145726043978198,0.2574697316514511,0.345211202634773,0.2653753923140299,0.3744582176267237,0.2724917195018699
0.3731595051767254,0.2534222463290084,0.4082795668791908,0.2621613537710485,0.441379708993628,0.2699786457718588,0.4725363722248178,0.277009756268708
0.5591484740605911,0.2534222463290084,0.6139122724903824,0.2621613537710485,0.6656944410942484,0.2699786457718588,0.7145744251066338,0.277009756268708
0.816926040282537,0.2534222463290084,0.8651218223429616,0.2621613537710485,0.9091855484814372,0.2699786457718588,0.9495785019299772,0.277009756268708
0.999997830002356,0.2582964565511678,0.9999832203045907,0.2652714387282059,0.9999705587391802,0.2714685967831445,0.9999594800009566,0.277009756268708
0.999997830002356,0.2632644151542762,0.9999832203045907,0.2718026285169483,0.9999705587391802,0.2794260845671415,0.9999594800009566,0.2862718051822081
0.999997830002356,0.2632644151542762,0.9999832203045907,0.2718026285169483,0.9999705587391802,0.2794260845671415,0.9999594800009566,0.2862718051822081
0.999997830002356,0.2632644151542762,0.9999832203045907,0.2718026285169483,0.9999705587391802,0.2794260845671415,0.9999594800009566,0.2862718051822081
0.999997830002356,0.2632644151542762,0.9999832203045907,0.2718026285169483,0.9999705587391802,0.2794260845671415,0.9999594800009566,0.2862718051822081
0.999997830002356,0.2683279252527922,0.9999832203045907,0.2767554251658414,0.9999705587391802,0.2842730640808607,0.9999594800009566,0.2910183220432961
0.999997830002356,0.2734888246414749,0.9999832203045907,0.2817984718420402,0.9999705587391802,0.2892041202492085,0.9999594800009566,0.2958435383148904
0.999997830002356,0.2734888246414749,0.9999832203045907,0.2817984718420402,0.9999705587391802,0.2892041202492085,0.9999594800009566,0.2958435383148904
0.999997830002356,0.2734888246414749,0.9999832203045907,0.2817984718420402,0.9999705587391802,0.2892041202492085,0.9999594800009566,0.2958435383148904
0.999997830002356,0.2734888246414749,0.9999832203045907,0.2835693596605916,0.9999705587391802,0.2926058858567427,0.9999594800009566,0.3007487588690479
0.999997830002356,0.2734888246414749,0.9999832203045907,0.2853513761543462,0.9999705587391802,0.2960476647574439,0.9999594800009566,0.3057353102131966
0.999997830002356,0.2841103198848361,0.9999832203045907,0.2921619233993455,0.9999705587391802,0.2993243214880383,0.9999594800009566,0.3057353102131966
0.999997830002356,0.2841103198848361,0.9999832203045907,0.2921619233993455,0.9999705587391802,0.2993243214880383,0.9999594800009566,0.3057353102131966
0.999997830002356,0.2841103198848361,0.9999832203045907,0.2921619233993455,0.9999705587391802,0.2993243214880383,0.9999594800009566,0.3057353102131966
0.999997830002356,0.2841103198848361,0.9999832203045907,0.2939979375828519,0.9999705587391802,0.3028451260376385,0.9999594800009566,0.310804540848862
0.999997830002356,0.2841103198848361,0.9999832203045907,0.2958454897109434,0.9999705587391802,0.3064073440768438,0.9999594800009566,0.315957821636339
0.999997830002356,0.2895747707981373,0.9999832203045907,0.2993551779008979,0.9999705587391802,0.3080983368250568,0.9999594800009566,0.315957821636339
0.999997830002356,0.2951443225180405,0.9999832203045907,0.302906502389593,0.9999705587391802,0.3097986617793338,0.9999594800009566,0.315957821636339
0.999997830002356,0.2951443225180405,0.9999832203045907,0.3048100380324063,0.9999705587391802,0.3134426708342285,0.9999594800009566,0.3211965461654095
0.999997830002356,0.2951443225180405,0.9999832203045907,0.3067255359405225,0.9999705587391802,0.3171295425726351,0.9999594800009566,0.3265221311322105
0.999997830002356,0.2951443225180405,0.9999832203045907,0.3067255359405225,0.9999705587391802,0.3171295425726351,0.9999594800009566,0.3265221311322105
0.999997830002356,0.3008209965064878,0.9999832203045907,0.3103642968089066,0.9999705587391802,0.3188797087063817,0.9999594800009566,0.3265221311322105
0.999997830002356,0.3066068531053142,0.9999832203045907,0.3140462251971278,0.9999705587391802,0.3206395336107078,0.9999594800009566,0.3265221311322105
0.999997830002356,0.3066068531053142,0.9999832203045907,0.3160197654758536,0.9999705587391802,0.324411058500854,0.9999594800009566,0.3319360167223438
0.999997830002356,0.3066068531053142,0.9999832203045907,0.3180057079454648,0.9999705587391802,0.3282269459804688,0.9999594800009566,0.337439667000345
0.999997830002356,0.3066068531053142,0.9999832203045907,0.3180057079454648,0.9999705587391802,0.3282269459804688,0.9999594800009566,0.337439667000345
0.999997830002356,0.31250399228405,0.9999832203045907,0.3217782882832788,0.9999705587391802,0.3300383561706957,0.9999594800009566,0.337439667000345
0.999997830002356,0.3185145544020999,0.9999832203045907,0.3276417430871995,0.9999705587391802,0.3357632660465182,0.9999594800009566,0.3430345703056057
0.999997830002356,0.3185145544020999,0.9999832203045907,0.3297007207952379,0.9999705587391802,0.3397126839515126,0.9999594800009566,0.3487222396548637
0.999997830002356,0.3185145544020999,0.9999832203045907,0.3297007207952379,0.9999705587391802,0.3397126839515126,0.9999594800009566,0.3487222396548637
0.999997830002356,0.3185145544020999,0.9999832203045907,0.3297007207952379,0.9999705587391802,0.3397126839515126,0.9999594800009566,0.3487222396548637
0.999997830002356,0.3246407209855881,0.9999832203045907,0.3336120419619906,0.9999705587391802,0.3415874813287387,0.9999594800009566,0.3487222396548637
0.999997830002356,0.3308847155191336,0.9999832203045907,0.3418258307223256,0.9999705587391802,0.3516003455865191,0.9999594800009566,0.3603820544007948
0.999997830002356,0.3308847155191336,0.9999832203045907,0.3418258307223256,0.9999705587391802,0.3516003455865191,0.9999594800009566,0.3603820544007948
0.999997830002356,0.3308847155191336,0.9999832203045907,0.3418258307223256,0.9999705587391802,0.3516003455865191,0.9999594800009566,0.3603820544007948
0.999997830002356,0.3308847155191336,0.9999832203045907,0.3418258307223256,0.9999705587391802,0.3516003455865191,0.9999594800009566,0.3603820544007948
0.999997830002356,0.3372488042528663,0.9999832203045907,0.3480545925196063,0.9999705587391802,0.3576992739478942,0.9999594800009566,0.3663573529341524
0.999997830002356,0.3437352970249567,0.9999832203045907,0.3543968550240891,0.9999705587391802,0.3639039955134677,0.9999594800009566,0.3724317246375708
0.999997830002356,0.3437352970249567,0.9999832203045907,0.3543968550240891,0.9999705587391802,0.3639039955134677,0.9999594800009566,0.3724317246375708
0.999997830002356,0.3437352970249567,0.9999832203045907,0.3543968550240891,0.9999705587391802,0.3639039955134677,0.9999594800009566,0.3724317246375708
0.999997830002356,0.3437352970249567,0.9999832203045907,0.3566239681428816,0.9999705587391802,0.3681844189573499,0.9999594800009566,0.3786068121893161
0.999997830002356,0.3503465480999744,0.9999832203045907,0.3631223820985184,0.9999705587391802,0.3745710178989681,0.9999594800009566,0.3848842855040058
0.999997830002356,0.3570849570233562,0.9999832203045907,0.3674301926965588,0.9999705587391802,0.3766381905278298,0.9999594800009566,0.3848842855040058
0.999997830002356,0.3570849570233562,0.9999832203045907,0.3674301926965588,0.9999705587391802,0.3766381905278298,0.9999594800009566,0.3848842855040058
0.999997830002356,0.3570849570233562,0.9999832203045907,0.3674301926965588,0.9999705587391802,0.3766381905278298,0.9999594800009566,0.3848842855040058
0.999997830002356,0.3570849570233562,0.9999832203045907,0.3697392103720665,0.9999705587391802,0.3810684000349331,0.9999594800009566,0.3912658421842027
0.999997830002356,0.3570849570233562,0.9999832203045907,0.3720627384572565,0.9999705587391802,0.3855507199141927,0.9999594800009566,0.3977532079794924
0.999997830002356,0.3639529694923284,0.9999832203045907,0.3764766107132157,0.9999705587391802,0.3876784870322021,0.9999594800009566,0.3977532079794924
0.999997830002356,0.3709530782435613,0.9999832203045907,0.3809428458270431,0.9999705587391802,0.3898179968151182,0.9999594800009566,0.3977532079794924
0.999997830002356,0.3709530782435613,0.9999832203045907,0.3833367801902413,0.9999705587391802,0.3944032338913427,0.9999594800009566,0.4043481372531763
0.999997830002356,0.3709530782435613,0.9999832203045907,0.3857457585995427,0.9999705587391802,0.3990424048526546,0.9999594800009566,0.411052413456696
0.999997830002356,0.3709530782435613,0.9999832203045907,0.3857457585995427,0.9999705587391802,0.3990424048526546,0.9999594800009566,0.411052413456696
0.999997830002356,0.3780878239579077,0.9999832203045907,0.39032195590647,0.9999705587391802,0.4012446295247435,0.9999594800009566,0.411052413456696
0.999997830002356,0.3853597961825445,0.9999832203045907,0.3949524417734797,0.9999705587391802,0.4034590077761202,0.9999594800009566,0.411052413456696
0.999997830002356,0.3853597961825445,0.9999832203045907,0.3974344157298035,0.9999705587391802,0.4082046973448581,0.9999594800009566,0.4178678496119306
0.999997830002356,0.3853597961825445,0.9999832203045907,0.3999319869937225,0.9999705587391802,0.4130062081223156,0.9999594800009566,0.4247962888014875
0.999997830002356,0.3853597961825445,0.9999832203045907,0.3999319869937225,0.9999705587391802,0.4130062081223156,0.9999594800009566,0.4247962888014875
0.999997830002356,0.392771634270838,0.9999832203045907,0.4046764790355264,0.9999705587391802,0.4152854958626472,0.9999594800009566,0.4247962888014875
0.999997830002356,0.4003260283402983,0.9999832203045907,0.4120505074626585,0.9999705587391802,0.4224891192964045,0.9999594800009566,0.4318396046671218
0.999997830002356,0.4003260283402983,0.9999832203045907,0.414639929681749,0.9999705587391802,0.4274586506929195,0.9999594800009566,0.4389997019164245
0.999997830002356,0.4003260283402983,0.9999832203045907,0.414639929681749,0.9999705587391802,0.4274586506929195,0.9999594800009566,0.4389997019164245
0.999997830002356,0.4003260283402983,0.9999832203045907,0.414639929681749,0.9999705587391802,0.4274586506929195,0.9999594800009566,0.4389997019164245
0.999997830002356,0.4003260283402983,0.9999832203045907,0.414639929681749,0.9999705587391802,0.4274586506929195,0.9999594800009566,0.4389997019164245
0.999997830002356,0.4080257202489523,0.9999832203045907,0.4221955124420424,0.9999705587391802,0.4348734320512175,0.9999594800009566,0.4462785168379032
0.999997830002356,0.415873504590503,0.9999832203045907,0.429888773285804,0.9999705587391802,0.4424168316571574,0.9999594800009566,0.4536780178246112
0.999997830002356,0.415873504590503,0.9999832203045907,0.429888773285804,0.9999705587391802,0.4424168316571574,0.9999594800009566,0.4536780178246112
0.999997830002356,0.415873504590503,0.9999832203045907,0.429888773285804,0.9999705587391802,0.4424168316571574,0.9999594800009566,0.4536780178246112
0.999997830002356,0.415873504590503,0.9999832203045907,0.429888773285804,0.9999705587391802,0.4424168316571574,0.9999594800009566,0.4536780178246112
0.999997830002356,0.4238722297086154,0.9999832203045907,0.4404729702873359,0.9999705587391802,0.4553852802182946,0.9999594800009566,0.4688471152913265
0.999997830002356,0.4320247987307247,0.9999832203045907,0.4456984100373971,0.9999705587391802,0.4578984484610868,0.9999594800009566,0.4688471152913265
0.999997830002356,0.4320247987307247,0.9999832203045907,0.4456984100373971,0.9999705587391802,0.4578984484610868,0.9999594800009566,0.4688471152913265
0.999997830002356,0.4320247987307247,0.9999832203045907,0.4456984100373971,0.9999705587391802,0.4578984484610868,0.9999594800009566,0.4688471152913265
0.999997830002356,0.4320247987307247,0.9999832203045907,0.4484992835833877,0.9999705587391802,0.4632844823542968,0.9999594800009566,0.4766208139152141
0.999997830002356,0.4403341706217188,0.9999832203045907,0.4566718526305778,0.9999705587391802,0.4713207055954937,0.9999594800009566,0.4845234040014229
0.999997830002356,0.4488033612579033,0.9999832203045907,0.4620894637269255,0.9999705587391802,0.4739218178424798,0.9999594800009566,0.4845234040014229
0.999997830002356,0.4488033612579033,0.9999832203045907,0.4620894637269255,0.9999705587391802,0.4739218178424798,0.9999594800009566,0.4845234040014229
0.999997830002356,0.4488033612579033,0.9999832203045907,0.4620894637269255,0.9999705587391802,0.4739218178424798,0.9999594800009566,0.4845234040014229
0.999997830002356,0.4488033612579033,0.9999832203045907,0.4679154699419866,0.9999705587391802,0.4851364058332522,0.9999594800009566,0.5007238423110517
0.999997830002356,0.4488033612579033,0.9999832203045907,0.4679154699419866,0.9999705587391802,0.4851364058332522,0.9999594800009566,0.5007238423110517
0.999997830002356,0.457435444521591,0.9999832203045907,0.4734664668503973,0.9999705587391802,0.4878137638013841,0.9999594800009566,0.5007238423110517
0.999997830002356,0.4662335534167766,0.9999832203045907,0.4790833166075735,0.9999705587391802,0.4905058975018736,0.9999594800009566,0.5007238423110517
0.999997830002356,0.4662335534167766,0.9999832203045907,0.4820939887517684,0.9999705587391802,0.4962754767560584,0.9999594800009566,0.5090260715814663
0.999997830002356,0.4662335534167766,0.9999832203045907,0.4851235806672132,0.9999705587391802,0.5021129207289751,0.9999594800009566,0.5174659555929462
0.999997830002356,0.4662335534167766,0.9999832203045907,0.4851235806672132,0.9999705587391802,0.5021129207289751,0.9999594800009566,0.5174659555929462
0.999997830002356,0.4752008812062534,0.9999832203045907,0.4908787216477298,0.9999705587391802,0.5048839682386064,0.9999594800009566,0.5174659555929462
0.999997830002356,0.4843406825706023,0.9999832203045907,0.4967021372886112,0.9999705587391802,0.507670308531959,0.9999594800009566,0.5174659555929462
0.999997830002356,0.4843406825706023,0.9999832203045907,0.4998235302423172,0.9999705587391802,0.5136417842980794,0.9999594800009566,0.5260457767237683
0.999997830002356,0.4843406825706023,0.9999832203045907,0.5029645387628584,0.9999705587391802,0.5196834995921488,0.9999594800009566,0.5347678551950797
0.999997830002356,0.4843406825706023,0.9999832203045907,0.5029645387628584,0.9999705587391802,0.5196834995921488,0.9999594800009566,0.5347678551950797
0.999997830002356,0.4936562747894811,0.9999832203045907,0.5089313314403028,0.9999705587391802,0.5225515151477943,0.9999594800009566,0.5347678551950797
0.999997830002356,0.4936562747894811,0.9999832203045907,0.5089313314403028,0.9999705587391802,0.5225515151477943,0.9999594800009566,0.5347678551950797
0.999997830002356,0.5031510389456167,0.9999832203045907,0.5182050952983938,0.9999705587391802,0.5316157959314155,0.9999594800009566,0.5436345496983533
0.999997830002356,0.5031510389456167,0.9999832203045907,0.5214616178933409,0.9999705587391802,0.5378689306705163,0.9999594800009566,0.5526482580332374
0.999997830002356,0.5031510389456167,0.9999832203045907,0.5214616178933409,0.9999705587391802,0.5378689306705163,0.9999594800009566,0.5526482580332374
0.999997830002356,0.5031510389456167,0.9999832203045907,0.5214616178933409,0.9999705587391802,0.5378689306705163,0.9999594800009566,0.5526482580332374
0.999997830002356,0.5128284211519717,0.9999832203045907,0.5276478459937701,0.9999705587391802,0.5408373075023227,0.9999594800009566,0.5526482580332374
0.999997830002356,0.5226919338025033,0.9999832203045907,0.53726266281027,0.9999705587391802,0.5502187772165037,0.9999594800009566,0.5618114177559913
0.999997830002356,0.5226919338025033,0.9999832203045907,0.5406389476379128,0.9999705587391802,0.556690729660825,0.9999594800009566,0.5711265068386666
0.999997830002356,0.5226919338025033,0.9999832203045907,0.5406389476379128,0.9999705587391802,0.556690729660825,0.9999594800009566,0.5711265068386666
0.999997830002356,0.5226919338025033,0.9999832203045907,0.5406389476379128,0.9999705587391802,0.556690729660825,0.9999594800009566,0.5711265068386666
0.999997830002356,0.5327451568469903,0.9999832203045907,0.5470526811425488,0.9999705587391802,0.5597629797391975,0.9999594800009566,0.5711265068386666
0.999997830002356,0.5327451568469903,0.9999832203045907,0.5504904887460057,0.9999705587391802,0.5663471959364171,0.9999594800009566,0.5805960443392187
0.999997830002356,0.5429917390903575,0.9999832203045907,0.5605215449678876,0.9999705587391802,0.5761711651646605,0.9999594800009566,0.5902225910827342
0.999997830002356,0.5429917390903575,0.9999832203045907,0.5605215449678876,0.9999705587391802,0.5761711651646605,0.9999594800009566,0.5902225910827342
0.999997830002356,0.5429917390903575,0.9999832203045907,0.5605215449678876,0.9999705587391802,0.5761711651646605,0.9999594800009566,0.5902225910827342
0.999997830002356,0.5429917390903575,0.9999832203045907,0.5605215449678876,0.9999705587391802,0.5761711651646605,0.9999594800009566,0.5902225910827342
0.999997830002356,0.5534353995170206,0.9999832203045907,0.5707353874340085,0.9999705587391802,0.5861655428845327,0.9999594800009566,0.6000087503539419
0.999997830002356,0.5640799286406717,0.9999832203045907,0.5811353468814635,0.9999705587391802,0.5963332850350574,0.9999594800009566,0.6099571686012178
0.999997830002356,0.5640799286406717,0.9999832203045907,0.5811353468814635,0.9999705587391802,0.5963332850350574,0.9999594800009566,0.6099571686012178
0.999997830002356,0.5640799286406717,0.9999832203045907,0.5811353468814635,0.9999705587391802,0.5963332850350574,0.9999594800009566,0.6099571686012178
0.999997830002356,0.5640799286406717,0.9999832203045907,0.5811353468814635,0.9999705587391802,0.5963332850350574,0.9999594800009566,0.6099571686012178
0.999997830002356,0.5640799286406717,0.9999832203045907,0.5847873379657116,0.9999705587391802,0.6033476597193181,0.9999594800009566,0.6200705361522558
0.999997830002356,0.5749291898800571,0.9999832203045907,0.5954433525289095,0.9999705587391802,0.6138134462289789,0.9999594800009566,0.6303515879416112
0.999997830002356,0.5859871209611867,0.9999832203045907,0.6025072442387336,0.9999705587391802,0.6172009436450614,0.9999594800009566,0.6303515879416112
0.999997830002356,0.5859871209611867,0.9999832203045907,0.6025072442387336,0.9999705587391802,0.6172009436450614,0.9999594800009566,0.6303515879416112
0.999997830002356,0.5859871209611867,0.9999832203045907,0.6025072442387336,0.9999705587391802,0.6172009436450614,0.9999594800009566,0.6303515879416112
0.999997830002356,0.5859871209611867,0.9999832203045907,0.6025072442387336,0.9999705587391802,0.6172009436450614,0.9999594800009566,0.6303515879416112
0.999997830002356,0.5859871209611867,0.9999832203045907,0.6062935413482842,0.9999705587391802,0.6244607743183597,0.9999594800009566,0.6408031042502957
0.999997830002356,0.5972577353465341,0.9999832203045907,0.6173414426736701,0.9999705587391802,0.6352927930432086,0.9999594800009566,0.6514279114576476
0.999997830002356,0.6087451236917167,0.9999832203045907,0.6246651168410152,0.9999705587391802,0.6387988301105147,0.9999594800009566,0.6514279114576476
0.999997830002356,0.6087451236917167,0.9999832203045907,0.6246651168410152,0.9999705587391802,0.6387988301105147,0.9999594800009566,0.6514279114576476
0.999997830002356,0.6087451236917167,0.9999832203045907,0.6246651168410152,0.9999705587391802,0.6387988301105147,0.9999594800009566,0.6514279114576476
0.999997830002356,0.6087451236917167,0.9999832203045907,0.6246651168410152,0.9999705587391802,0.6387988301105147,0.9999594800009566,0.6514279114576476
0.999997830002356,0.6087451236917167,0.9999832203045907,0.6325408706478548,0.9999705587391802,0.6539149640781183,0.9999594800009566,0.6732089391759898
0.999997830002356,0.6204534553301916,0.9999832203045907,0.6400448593871976,0.9999705587391802,0.6575237726905082,0.9999594800009566,0.6732089391759898
0.999997830002356,0.6323869797865186,0.9999832203045907,0.6476378698002597,0.9999705587391802,0.6611524975004417,0.9999594800009566,0.6732089391759898
0.999997830002356,0.6323869797865186,0.9999832203045907,0.6476378698002597,0.9999705587391802,0.6611524975004417,0.9999594800009566,0.6732089391759898
0.999997830002356,0.6323869797865186,0.9999832203045907,0.6476378698002597,0.9999705587391802,0.6611524975004417,0.9999594800009566,0.6732089391759898
0.999997830002356,0.6323869797865186,0.9999832203045907,0.6476378698002597,0.9999705587391802,0.6611524975004417,0.9999594800009566,0.6732089391759898
0.999997830002356,0.6323869797865186,0.9999832203045907,0.6517077783663527,0.9999705587391802,0.6689293086516602,0.9999594800009566,0.6843710498798369
0.999997830002356,0.6445500283187071,0.9999832203045907,0.6635832194478557,0.9999705587391802,0.6805326872703145,0.9999594800009566,0.6957182334609334
0.999997830002356,0.6569470154902471,0.9999832203045907,0.6714554712459939,0.9999705587391802,0.6842883930696094,0.9999594800009566,0.6957182334609334
0.999997830002356,0.6569470154902471,0.9999832203045907,0.6714554712459939,0.9999705587391802,0.6842883930696094,0.9999594800009566,0.6957182334609334
0.999997830002356,0.6569470154902471,0.9999832203045907,0.6714554712459939,0.9999705587391802,0.6842883930696094,0.9999594800009566,0.6957182334609334
0.999997830002356,0.6569470154902471,0.9999832203045907,0.6714554712459939,0.9999705587391802,0.6842883930696094,0.9999594800009566,0.6957182334609334
0.999997830002356,0.6569470154902471,0.9999832203045907,0.6756750552166114,0.9999705587391802,0.6923373403639053,0.9999594800009566,0.7072535585118472
0.999997830002356,0.6695824407723746,0.9999832203045907,0.6879872288238983,0.9999705587391802,0.7043467592788396,0.9999594800009566,0.7189801445038008
0.999997830002356,0.6695824407723746,0.9999832203045907,0.6879872288238983,0.9999705587391802,0.7043467592788396,0.9999594800009566,0.7189801445038008
0.999997830002356,0.6824608901771441,0.9999832203045907,0.696148991418969,0.9999705587391802,0.7082338895490244,0.9999594800009566,0.7189801445038008
0.999997830002356,0.6824608901771441,0.9999832203045907,0.696148991418969,0.9999705587391802,0.7082338895490244,0.9999594800009566,0.7189801445038008
0.999997830002356,0.6824608901771441,0.9999832203045907,0.696148991418969,0.9999705587391802,0.7082338895490244,0.9999594800009566,0.7189801445038008
0.999997830002356,0.6824608901771441,0.9999832203045907,0.7005237552732304,0.9999705587391802,0.7165644959231039,0.9999594800009566,0.7309011626302719
0.999997830002356,0.6824608901771441,0.9999832203045907,0.7049260111716038,0.9999705587391802,0.7249930911163911,0.9999594800009566,0.7430198366645705
0.999997830002356,0.6955870379219116,0.9999832203045907,0.7132887227296485,0.9999705587391802,0.7289941638167734,0.9999594800009566,0.7430198366645705
0.999997830002356,0.7089656481258433,0.9999832203045907,0.7217506432025222,0.9999705587391802,0.733017317531375,0.9999594800009566,0.7430198366645705
0.999997830002356,0.7089656481258433,0.9999832203045907,0.7217506432025222,0.9999705587391802,0.733017317531375,0.9999594800009566,0.7430198366645705
0.999997830002356,0.7089656481258433,0.9999832203045907,0.7217506432025222,0.9999705587391802,0.733017317531375,0.9999594800009566,0.7430198366645705
0.999997830002356,0.7089656481258433,0.9999832203045907,0.7217506432025222,0.9999705587391802,0.733017317531375,0.9999594800009566,0.7430198366645705
0.999997830002356,0.7089656481258433,0.9999832203045907,0.7262862938528757,0.9999705587391802,0.7416394391607506,0.9999594800009566,0.7553394438316349
0.999997830002356,0.7089656481258433,0.9999832203045907,0.7308504475977754,0.9999705587391802,0.7503629785596847,0.9999594800009566,0.7678633156942855
0.999997830002356,0.7226015765390413,0.9999832203045907,0.7395207071547589,0.9999705587391802,0.7545040619240366,0.9999594800009566,0.7678633156942855
0.999997830002356,0.736499772304943,0.9999832203045907,0.7482938241445235,0.9999705587391802,0.7586679989897586,0.9999594800009566,0.7678633156942855
0.999997830002356,0.736499772304943,0.9999832203045907,0.7482938241445235,0.9999705587391802,0.7586679989897586,0.9999594800009566,0.7678633156942855
0.999997830002356,0.736499772304943,0.9999832203045907,0.7482938241445235,0.9999705587391802,0.7586679989897586,0.9999594800009566,0.7678633156942855
0.999997830002356,0.736499772304943,0.9999832203045907,0.7482938241445235,0.9999705587391802,0.7586679989897586,0.9999594800009566,0.7678633156942855
0.999997830002356,0.736499772304943,0.9999832203045907,0.7529962783814562,0.9999705587391802,0.7675918369498689,0.9999594800009566,0.7805948390541708
0.999997830002356,0.736499772304943,0.9999832203045907,0.7577282839458713,0.9999705587391802,0.7766206416201137,0.9999594800009566,0.7935374568676526
0.999997830002356,0.7506652797565905,0.9999832203045907,0.7667174019207916,0.9999705587391802,0.7809066350810373,0.9999594800009566,0.7935374568676526
0.999997830002356,0.7651032402474762,0.9999832203045907,0.7758131600247385,0.9999705587391802,0.7852162819693393,0.9999594800009566,0.7935374568676526
0.999997830002356,0.7651032402474762,0.9999832203045907,0.7758131600247385,0.9999705587391802,0.7852162819693393,0.9999594800009566,0.7935374568676526
0.999997830002356,0.7651032402474762,0.9999832203045907,0.7758131600247385,0.9999705587391802,0.7852162819693393,0.9999594800009566,0.7935374568676526
0.999997830002356,0.7651032402474762,0.9999832203045907,0.7758131600247385,0.9999705587391802,0.7852162819693393,0.9999594800009566,0.7935374568676526
0.999997830002356,0.7651032402474762,0.9999832203045907,0.7806885522352736,0.9999705587391802,0.794452394304727,0.9999594800009566,0.8066946691768739
0.999997830002356,0.7651032402474762,0.9999832203045907,0.7806885522352736,0.9999705587391802,0.794452394304727,0.9999594800009566,0.8066946691768739
0.999997830002356,0.7798188940175874,0.9999832203045907,0.7949142853212193,0.9999705587391802,0.8082331209172245,0.9999594800009566,0.8200700340562783
0.999997830002356,0.7798188940175874,0.9999832203045907,0.7949142853212193,0.9999705587391802,0.8082331209172245,0.9999594800009566,0.8200700340562783
0.999997830002356,0.7948175820953427,0.9999832203045907,0.8043445500244055,0.9999705587391802,0.8126935764929687,0.9999594800009566,0.8200700340562783
0.999997830002356,0.7948175820953427,0.9999832203045907,0.8043445500244055,0.9999705587391802,0.8126935764929687,0.9999594800009566,0.8200700340562783
0.999997830002356,0.7948175820953427,0.9999832203045907,0.8043445500244055,0.9999705587391802,0.8126935764929687,0.9999594800009566,0.8200700340562783
0.999997830002356,0.7948175820953427,0.9999832203045907,0.8043445500244055,0.9999705587391802,0.8126935764929687,0.9999594800009566,0.8200700340562783
0.999997830002356,0.7948175820953427,0.9999832203045907,0.8093992401944602,0.9999705587391802,0.8222528907088088,0.9999594800009566,0.8336671685747951
0.999997830002356,0.7948175820953427,0.9999832203045907,0.8144856952253752,0.9999705587391802,0.8319246464289506,0.9999594800009566,0.8474897497740058
0.999997830002356,0.8101047482361194,0.9999832203045907,0.8241481404031343,0.9999705587391802,0.8365158501692179,0.9999594800009566,0.8474897497740058
0.999997830002356,0.8256859408980535,0.9999832203045907,0.8339252135570041,0.9999705587391802,0.8411323917232834,0.9999594800009566,0.8474897497740058
0.999997830002356,0.8256859408980535,0.9999832203045907,0.8339252135570041,0.9999705587391802,0.8411323917232834,0.9999594800009566,0.8474897497740058
0.999997830002356,0.8256859408980535,0.9999832203045907,0.8339252135570041,0.9999705587391802,0.8411323917232834,0.9999594800009566,0.8474897497740058
0.999997830002356,0.8256859408980535,0.9999832203045907,0.8339252135570041,0.9999705587391802,0.8411323917232834,0.9999594800009566,0.8474897497740058
0.999997830002356,0.8256859408980535,0.9999832203045907,0.8339252135570041,0.9999705587391802,0.8411323917232834,0.9999594800009566,0.8474897497740058
0.999997830002356,0.8256859408980535,0.9999832203045907,0.8391657955680334,0.9999705587391802,0.8510262177140115,0.9999594800009566,0.8615415156625158
0.999997830002356,0.8256859408980535,0.9999832203045907,0.8391657955680334,0.9999705587391802,0.8510262177140115,0.9999594800009566,0.8615415156625158
0.999997830002356,0.8415668152558383,0.9999832203045907,0.8544571029510173,0.9999705587391802,0.8657882849322094,0.9999594800009566,0.8758262662268147
0.999997830002356,0.8577531352532703,0.9999832203045907,0.8645937388212477,0.9999705587391802,0.8705663744251979,0.9999594800009566,0.8758262662268147
0.999997830002356,0.8577531352532703,0.9999832203045907,0.8645937388212477,0.9999705587391802,0.8705663744251979,0.9999594800009566,0.8758262662268147
0.999997830002356,0.8577531352532703,0.9999832203045907,0.8645937388212477,0.9999705587391802,0.8705663744251979,0.9999594800009566,0.8758262662268147
0.999997830002356,0.8577531352532703,0.9999832203045907,0.8645937388212477,0.9999705587391802,0.8705663744251979,0.9999594800009566,0.8758262662268147
0.999997830002356,0.8577531352532703,0.9999832203045907,0.8645937388212477,0.9999705587391802,0.8705663744251979,0.9999594800009566,0.8758262662268147
0.999997830002356,0.8577531352532703,0.9999832203045907,0.8645937388212477,0.9999705587391802,0.8705663744251979,0.9999594800009566,0.8758262662268147
0.999997830002356,0.8577531352532703,0.9999832203045907,0.8700270490520163,0.9999705587391802,0.8808064178555733,0.9999594800009566,0.890347864458898
0.999997830002356,0.8742507756952737,0.9999832203045907,0.8803483950423938,0.9999705587391802,0.8856673890234182,0.9999594800009566,0.890347864458898
0.999997830002356,0.8742507756952737,0.9999832203045907,0.8858807112351363,0.9999705587391802,0.8960850582499089,0.9999594800009566,0.9051102374009276
0.999997830002356,0.8910657243801355,0.9999832203045907,0.8963901331396879,0.9999705587391802,0.9010303487743516,0.9999594800009566,0.9051102374009276
0.999997830002356,0.8910657243801355,0.9999832203045907,0.8963901331396879,0.9999705587391802,0.9010303487743516,0.9999594800009566,0.9051102374009276
0.999997830002356,0.8910657243801355,0.9999832203045907,0.8963901331396879,0.9999705587391802,0.9010303487743516,0.9999594800009566,0.9051102374009276
0.999997830002356,0.8910657243801355,0.9999832203045907,0.8963901331396879,0.9999705587391802,0.9010303487743516,0.9999594800009566,0.9051102374009276
0.999997830002356,0.8910657243801355,0.9999832203045907,0.8963901331396879,0.9999705587391802,0.9010303487743516,0.9999594800009566,0.9051102374009276
0.999997830002356,0.8910657243801355,0.9999832203045907,0.8963901331396879,0.9999705587391802,0.9010303487743516,0.9999594800009566,0.9051102374009276
0.999997830002356,0.8910657243801355,0.9999832203045907,0.8963901331396879,0.9999705587391802,0.9010303487743516,0.9999594800009566,0.9051102374009276
0.999997830002356,0.9082040842727824,0.9999832203045907,0.9127241843287436,0.9999705587391802,0.9166597974298492,0.9999594800009566,0.9201173772072122
0.999997830002356,0.9082040842727824,0.9999832203045907,0.9127241843287436,0.9999705587391802,0.9166597974298492,0.9999594800009566,0.9201173772072122
0.999997830002356,0.9256720757198368,0.9999832203045907,0.929355875148558,0.9999705587391802,0.932560357558566,0.9999594800009566,0.9353733422237926
0.999997830002356,0.9256720757198368,0.9999832203045907,0.929355875148558,0.9999705587391802,0.932560357558566,0.9999594800009566,0.9353733422237926
0.999997830002356,0.9256720757198368,0.9999832203045907,0.929355875148558,0.9999705587391802,0.932560357558566,0.9999594800009566,0.9353733422237926
0.999997830002356,0.9256720757198368,0.9999832203045907,0.929355875148558,0.9999705587391802,0.932560357558566,0.9999594800009566,0.9353733422237926
0.999997830002356,0.9256720757198368,0.9999832203045907,0.929355875148558,0.9999705587391802,0.932560357558566,0.9999594800009566,0.9353733422237926
0.999997830002356,0.9256720757198368,0.9999832203045907,0.929355875148558,0.9999705587391802,0.932560357558566,0.9999594800009566,0.9353733422237926
0.999997830002356,0.9256720757198368,0.9999832203045907,0.929355875148558,0.9999705587391802,0.932560357558566,0.9999594800009566,0.9353733422237926
0.999997830002356,0.9256720757198368,0.9999832203045907,0.929355875148558,0.9999705587391802,0.932560357558566,0.9999594800009566,0.9353733422237926
0.999997830002356,0.9434760387072988,0.9999832203045907,0.946290629198512,0.9999705587391802,0.9487367319131482,0.9999594800009566,0.9508822580859452
0.999997830002356,0.9434760387072988,0.9999832203045907,0.946290629198512,0.9999705587391802,0.9487367319131482,0.9999594800009566,0.9508822580859452
0.999997830002356,0.9616224351616152,0.9999832203045907,0.9635339689069864,0.9999705587391802,0.9651937048210992,0.9999594800009566,0.9666483188338476
0.999997830002356,0.9616224351616152,0.9999832203045907,0.9635339689069864,0.9999705587391802,0.9651937048210992,0.9999594800009566,0.9666483188338476
0.999997830002356,0.9616224351616152,0.9999832203045907,0.9635339689069864,0.9999705587391802,0.9651937048210992,0.9999594800009566,0.9666483188338476
0.999997830002356,0.9616224351616152,0.9999832203045907,0.9635339689069864,0.9999705587391802,0.9651937048210992,0.9999594800009566,0.9666483188338476
0.999997830002356,0.9616224351616152,0.9999832203045907,0.9635339689069864,0.9999705587391802,0.9651937048210992,0.9999594800009566,0.9666483188338476
0.999997830002356,0.9616224351616152,0.9999832203045907,0.9635339689069864,0.9999705587391802,0.9651937048210992,0.9999594800009566,0.9666483188338476
0.999997830002356,0.9616224351616152,0.9999832203045907,0.9635339689069864,0.9999705587391802,0.9651937048210992,0.9999594800009566,0.9666483188338476
0.999997830002356,0.9616224351616152,0.9999832203045907,0.9635339689069864,0.9999705587391802,0.9651937048210992,0.9999594800009566,0.9666483188338476
0.999997830002356,0.980117851295041,0.9999832203045907,0.9749646106064676,0.9999705587391802,0.9705203903168104,0.9999594800009566,0.9666483188338476
0.999997830002356,0.980117851295041,0.9999832203045907,0.9749646106064676,0.9999705587391802,0.9705203903168104,0.9999594800009566,0.9666483188338476
0.999997830002356,0.980117851295041,0.9999832203045907,0.9810915173322412,0.9999705587391802,0.981936143599805,0.9999594800009566,0.9826757880467756
0.999997830002356,0.9989689999960912,0.9999832203045907,0.9927304485696574,0.9999705587391802,0.9873552268239296,0.9999594800009566,0.9826757880467756
0.999997830002356,0.9989689999960912,0.9999832203045907,0.9927304485696574,0.9999705587391802,0.9873552268239296,0.9999594800009566,0.9826757880467756
0.999997830002356,0.9989689999960912,0.9999832203045907,0.9989689999960912,0.9999705587391802,0.9989689999960912,0.9999594800009566,0.9989689999960912
0.999997830002356,0.9989689999960912,0.9999832203045907,0.9989689999960912,0.9999705587391802,0.9989689999960912,0.9999594800009566,0.9989689999960912
0.999997830002356,0.9989689999960912,0.9999832203045907,0.9989689999960912,0.9999705587391802,0.9989689999960912,0.9999594800009566,0.9989689999960912
0.999997830002356,0.9989689999960912,0.9999832203045907,0.9989689999960912,0.9999705587391802,0.9989689999960912,0.9999594800009566,0.9989689999960912
0.999997830002356,0.9989689999960912,0.9999832203045907,0.9989689999960912,0.9999705587391802,0.9989689999960912,0.9999594800009566,0.9989689999960912
0.999997830002356,0.9989689999960912,0.9999832203045907,0.9989689999960912,0.9999705587391802,0.9989689999960912,0.9999594800009566,0.9989689999960912
0.999997830002356,0.9989689999960912,0.9999832203045907,0.9989689999960912,0.9999705587391802,0.9989689999960912,0.9999594800009566,0.9989689999960912
0.999997830002356,0.9989689999960912,0.9999832203045907,0.9989689999960912,0.9999705587391802,0.9989689999960912,0.9999594800009566,0.9989689999960912
0.999997830002356,0.9989689999960912,0.9999832203045907,0.9989689999960912,0.9999705587391802,0.9989689999960912,0.9999594800009566,0.9989689999960912
0.999997830002356,0.9989689999960912,0.9999832203045907,0.9989689999960912,0.9999705587391802,0.9989689999960912,0.9999594800009566,0.9989689999960912
0.999997830002356,0.9989689999960912,0.9999832203045907,0.9989689999960912,0.9999705587391802,0.9989689999960912,0.9999594800009566,0.9989689999960912
0.999997830002356,0.9989689999960912,0.9999832203045907,0.9989689999960912,0.9999705587391802,0.9989689999960912,0.9999594800009566,0.9989689999960912
0.999997830002356,0.9989689999960912,0.9999832203045907,0.9989689999960912,0.9999705587391802,0.9989689999960912,0.9999594800009566,0.9989689999960912
0.999997830002356,0.9989689999960912,0.9999832203045907,0.9989689999960912,0.9999705587391802,0.9989689999960912,0.9999594800009566,0.9989689999960912
0.999997830002356,0.9989689999960912,0.9999832203045907,0.9989689999960912,0.9999705587391802,0.9989689999960912,0.9999594800009566,0.9989689999960912
