T/K,XSn,aSn,Xcu,aCu
499.0,0.0,1e-08,1.0,1.0
500.0,0.0,1e-08,1.0,1.0
501.0,0.0,1e-08,1.0,1.0
502.0,0.0,1e-08,1.0,1.0
503.0,0.0,1e-08,1.0,1.0
504.0,0.0,1e-08,1.0,1.0
505.0,0.0,1e-08,1.0,1.0
506.0,0.0,1e-08,1.0,1.0
507.0,0.0,1e-08,1.0,1.0
499.0,0.001,8.4334564e-06,0.999,0.99898921
500.0,0.001,8.5237615e-06,0.999,0.99898924
501.0,0.001,8.61469e-06,0.999,0.99898926
502.0,0.001,8.7062431e-06,0.999,0.99898929
503.0,0.001,8.7984221e-06,0.999,0.99898931
504.0,0.001,8.8912282e-06,0.999,0.99898934
505.0,0.001,8.9846627e-06,0.999,0.99898937
506.0,0.001,9.07872665e-06,0.999,0.99898939
507.0,0.001,9.1734214e-06,0.999,0.99898942
499.0,0.002,1.72341975e-05,0.998,0.99795693
500.0,0.002,1.74178225e-05,0.998,0.99795703
501.0,0.002,1.7602706000000003e-05,0.998,0.99795714
502.0,0.002,1.77888495e-05,0.998,0.99795724
503.0,0.002,1.79762565e-05,0.998,0.99795735
504.0,0.002,1.8164929e-05,0.998,0.99795745
505.0,0.002,1.8354868999999998e-05,0.998,0.99795755
506.0,0.002,1.8546079e-05,0.998,0.99795766
507.0,0.002,1.8738562e-05,0.998,0.99795776
499.0,0.003,2.64127455e-05,0.997,0.99690329
500.0,0.003,2.66927625e-05,0.997,0.99690353
501.0,0.003,2.6974684e-05,0.997,0.99690376
502.0,0.003,2.7258513e-05,0.997,0.996904
503.0,0.003,2.7544253500000003e-05,0.997,0.99690423
504.0,0.003,2.78319085e-05,0.997,0.99690446
505.0,0.003,2.8121482000000002e-05,0.997,0.99690469
506.0,0.003,2.8412976999999998e-05,0.997,0.99690493
507.0,0.003,2.87063975e-05,0.997,0.99690516
499.0,0.004,3.5979847500000004e-05,0.996,0.99582843
500.0,0.004,3.6359386e-05,0.996,0.99582885
501.0,0.004,3.6741485500000004e-05,0.996,0.99582927
502.0,0.004,3.7126151e-05,0.996,0.99582968
503.0,0.004,3.75133875e-05,0.996,0.9958301
504.0,0.004,3.7903199e-05,0.996,0.99583051
505.0,0.004,3.829559e-05,0.996,0.99583092
506.0,0.004,3.8690566e-05,0.996,0.99583133
507.0,0.004,3.9088130499999996e-05,0.996,0.99583174
499.0,0.005,4.59464755e-05,0.995,0.99473249
500.0,0.005,4.64287215e-05,0.995,0.99473314
501.0,0.005,4.69141965e-05,0.995,0.9947338
502.0,0.005,4.7402908e-05,0.995,0.99473444
503.0,0.005,4.7894860000000005e-05,0.995,0.99473509
504.0,0.005,4.8390059e-05,0.995,0.99473573
505.0,0.005,4.8888510000000005e-05,0.995,0.99473638
506.0,0.005,4.9390219500000004e-05,0.995,0.99473701
507.0,0.005,4.98951915e-05,0.995,0.99473765
499.0,0.006,5.63238305e-05,0.994,0.9936156
500.0,0.006,5.69120285e-05,0.994,0.99361654
501.0,0.006,5.7504136e-05,0.994,0.99361748
502.0,0.006,5.8100159000000004e-05,0.994,0.99361841
503.0,0.006,5.8700104500000006e-05,0.994,0.99361934
504.0,0.006,5.930398e-05,0.994,0.99362027
505.0,0.006,5.99117905e-05,0.994,0.99362119
506.0,0.006,6.05235435e-05,0.994,0.99362211
507.0,0.006,6.11392445e-05,0.994,0.99362302
499.0,0.007,6.7123347e-05,0.993,0.99247791
500.0,0.007,6.782079949999999e-05,0.993,0.99247919
501.0,0.007,6.85228525e-05,0.993,0.99248046
502.0,0.007,6.922951300000001e-05,0.993,0.99248173
503.0,0.007,6.994078849999999e-05,0.993,0.99248299
504.0,0.007,7.06566865e-05,0.993,0.99248424
505.0,0.007,7.13772145e-05,0.993,0.9924855
506.0,0.007,7.2102379e-05,0.993,0.99248674
507.0,0.007,7.2832189e-05,0.993,0.99248798
499.0,0.008,7.835669400000001e-05,0.992,0.99131956
500.0,0.008,7.916676349999999e-05,0.992,0.99132122
501.0,0.008,7.998213500000001e-05,0.992,0.99132288
502.0,0.008,8.0802816e-05,0.992,0.99132453
503.0,0.008,8.16288155e-05,0.992,0.99132617
504.0,0.008,8.2460142e-05,0.992,0.99132781
505.0,0.008,8.3296803e-05,0.992,0.99132944
506.0,0.008,8.4138807e-05,0.992,0.99133106
507.0,0.008,8.4986162e-05,0.992,0.99133268
499.0,0.009,9.003578e-05,0.991,0.99014068
500.0,0.009,9.09618875e-05,0.991,0.99014278
501.0,0.009,9.1894009e-05,0.991,0.99014487
502.0,0.009,9.28321535e-05,0.991,0.99014695
503.0,0.009,9.377633150000001e-05,0.991,0.99014903
504.0,0.009,9.472655e-05,0.991,0.9901511
505.0,0.009,9.56828195e-05,0.991,0.99015316
506.0,0.009,9.66451475e-05,0.991,0.99015521
507.0,0.009,9.76135445e-05,0.991,0.99015725
499.0,0.01,0.000102172755,0.99,0.98894142
500.0,0.01,0.000103218385,0.99,0.98894401
501.0,0.01,0.00010427074500000001,0.99,0.98894658
502.0,0.01,0.000105329855,0.99,0.98894915
503.0,0.01,0.000106395725,0.99,0.9889517
504.0,0.01,0.00010746835999999999,0.99,0.98895425
505.0,0.01,0.00010854777,0.99,0.98895679
506.0,0.01,0.000109633965,0.99,0.98895931
507.0,0.01,0.00011072696,0.99,0.98896183
499.0,0.011,0.00011478002,0.989,0.98772192
500.0,0.011,0.000115948705,0.989,0.98772504
501.0,0.011,0.00011712486,0.989,0.98772815
502.0,0.011,0.0001183085,0.989,0.98773125
503.0,0.011,0.00011949962999999999,0.989,0.98773434
504.0,0.011,0.000120698265,0.989,0.98773741
505.0,0.011,0.00012190441,0.989,0.98774047
506.0,0.011,0.00012311808,0.989,0.98774352
507.0,0.011,0.000124339285,0.989,0.98774656
499.0,0.012,0.000127870215,0.988,0.98648233
500.0,0.012,0.00012916556,0.988,0.98648604
501.0,0.012,0.00013046911999999998,0.988,0.98648973
502.0,0.012,0.000131780905,0.988,0.98649341
503.0,0.012,0.000133100935,0.988,0.98649707
504.0,0.012,0.000134429205,0.988,0.98650072
505.0,0.012,0.000135765745,0.988,0.98650435
506.0,0.012,0.00013711055,0.988,0.98650797
507.0,0.012,0.000138463635,0.988,0.98651158
499.0,0.013,0.000141456245,0.987,0.98522279
500.0,0.013,0.00014288191,0.987,0.98522713
501.0,0.013,0.000144316545,0.987,0.98523145
502.0,0.013,0.00014576016499999998,0.987,0.98523576
503.0,0.013,0.000147212775,0.987,0.98524004
504.0,0.013,0.00014867439999999998,0.987,0.98524432
505.0,0.013,0.00015014503,0.987,0.98524857
506.0,0.013,0.00015162469499999998,0.987,0.98525281
507.0,0.013,0.0001531134,0.987,0.98525703
499.0,0.014,0.000155551255,0.986,0.98394344
500.0,0.014,0.000157110965,0.986,0.98394846
501.0,0.014,0.000158680405,0.986,0.98395347
502.0,0.014,0.00016025960500000002,0.986,0.98395845
503.0,0.014,0.000161848555,0.986,0.98396341
504.0,0.014,0.00016344728000000002,0.986,0.98396835
505.0,0.014,0.00016505578999999999,0.986,0.98397327
506.0,0.014,0.0001666741,0.986,0.98397818
507.0,0.014,0.00016830222,0.986,0.98398306
499.0,0.015,0.00017016867500000001,0.985,0.98264444
500.0,0.015,0.000171866205,0.985,0.98265019
501.0,0.015,0.000173574245,0.985,0.98265592
502.0,0.015,0.00017529282,0.985,0.98266162
503.0,0.015,0.00017702192500000002,0.985,0.98266731
504.0,0.015,0.00017876158499999999,0.985,0.98267297
505.0,0.015,0.000180511805,0.985,0.9826786
506.0,0.015,0.0001822726,0.985,0.98268422
507.0,0.015,0.00018404398500000002,0.985,0.98268981
499.0,0.016,0.000185322155,0.984,0.98132593
500.0,0.016,0.00018716136,0.984,0.98133246
501.0,0.016,0.00018901186,0.984,0.98133896
502.0,0.016,0.000190873675,0.984,0.98134543
503.0,0.016,0.00019274681,0.984,0.98135188
504.0,0.016,0.00019463128500000001,0.984,0.98135831
505.0,0.016,0.00019652711,0.984,0.9813647
506.0,0.016,0.000198434295,0.984,0.98137108
507.0,0.016,0.000200352855,0.984,0.98137742
499.0,0.017,0.000201025655,0.983,0.97998806
500.0,0.017,0.000203010435,0.983,0.97999541
501.0,0.017,0.00020500731,0.983,0.98000273
502.0,0.017,0.00020701629,0.983,0.98001002
503.0,0.017,0.00020903739500000002,0.983,0.98001728
504.0,0.017,0.00021107063,0.983,0.98002452
505.0,0.017,0.00021311601999999999,0.983,0.98003172
506.0,0.017,0.00021517356000000002,0.983,0.9800389
507.0,0.017,0.00021724328,0.983,0.98004605
499.0,0.018,0.000217293385,0.982,0.97863098
500.0,0.018,0.00021942770500000001,0.982,0.9786392
501.0,0.018,0.00022157493000000001,0.982,0.97864738
502.0,0.018,0.00022373506499999998,0.982,0.97865554
503.0,0.018,0.00022590813499999998,0.982,0.97866366
504.0,0.018,0.000228094145,0.982,0.97867175
505.0,0.018,0.00023029311,0.982,0.9786798
506.0,0.018,0.000232505035,0.982,0.97868783
507.0,0.018,0.00023472993499999999,0.982,0.97869582
499.0,0.019,0.00023413982,0.981,0.97725484
500.0,0.019,0.000236427715,0.981,0.97726397
501.0,0.019,0.00023872933,0.981,0.97727307
502.0,0.019,0.00024104467999999998,0.981,0.97728213
503.0,0.019,0.00024337376999999997,0.981,0.97729115
504.0,0.019,0.000245716615,0.981,0.97730014
505.0,0.019,0.00024807322999999997,0.981,0.9773091
506.0,0.019,0.00025044363,0.981,0.97731802
507.0,0.019,0.00025282782,0.981,0.9773269
499.0,0.02,0.000251579725,0.98,0.97585978
500.0,0.02,0.000254025285,0.98,0.97586988
501.0,0.02,0.00025648539500000003,0.98,0.97587993
502.0,0.02,0.00025896006,0.98,0.97588995
503.0,0.02,0.000261449295,0.98,0.97589992
504.0,0.02,0.000263953115,0.98,0.97590986
505.0,0.02,0.00026647152,0.98,0.97591975
506.0,0.02,0.00026900454,0.98,0.97592961
507.0,0.02,0.00027155218000000003,0.98,0.97593943
499.0,0.021,0.00026962812999999997,0.979,0.97444597
500.0,0.021,0.00027223552,0.979,0.97445707
501.0,0.021,0.00027485829000000004,0.979,0.97446813
502.0,0.021,0.00027749644499999997,0.979,0.97447914
503.0,0.021,0.00028015001,0.979,0.97449011
504.0,0.021,0.00028281899,0.979,0.97450103
505.0,0.021,0.000285503395,0.979,0.97451191
506.0,0.021,0.000288203245,0.979,0.97452275
507.0,0.021,0.000290918555,0.979,0.97453355
499.0,0.022,0.00028830037,0.978,0.97301355
500.0,0.022,0.00029107380000000004,0.978,0.9730257
501.0,0.022,0.000293863455,0.978,0.9730378
502.0,0.022,0.00029666934,0.978,0.97304986
503.0,0.022,0.00029949147999999996,0.978,0.97306186
504.0,0.022,0.000302329875,0.978,0.97307382
505.0,0.022,0.000305184545,0.978,0.97308573
506.0,0.022,0.00030805549999999996,0.978,0.9730976
507.0,0.022,0.00031094274999999996,0.978,0.97310942
499.0,0.023,0.000307612045,0.977,0.97156267
500.0,0.023,0.00031055579999999996,0.977,0.97157592
501.0,0.023,0.000313516625,0.977,0.97158911
502.0,0.023,0.000316494545,0.977,0.97160225
503.0,0.023,0.00031948956,0.977,0.97161534
504.0,0.023,0.00032250169500000004,0.977,0.97162838
505.0,0.023,0.00032553095,0.977,0.97164136
506.0,0.023,0.000328577345,0.977,0.97165429
507.0,0.023,0.000331640885,0.977,0.97166718
499.0,0.024,0.00032757905500000004,0.976,0.97009349
500.0,0.024,0.00033069748,0.976,0.97010788
501.0,0.024,0.000333833835,0.976,0.9701222
502.0,0.024,0.00033698813999999996,0.976,0.97013647
503.0,0.024,0.000340160415,0.976,0.97015069
504.0,0.024,0.00034335066,0.976,0.97016485
505.0,0.024,0.00034655889,0.976,0.97017895
506.0,0.024,0.00034978512,0.976,0.97019299
507.0,0.024,0.00035302936,0.976,0.97020698
499.0,0.025,0.00034821759499999996,0.975,0.96860617
500.0,0.025,0.00035151508500000004,0.975,0.96862173
501.0,0.025,0.00035483139,0.975,0.96863724
502.0,0.025,0.000358166515,0.975,0.96865268
503.0,0.025,0.00036152047,0.975,0.96866806
504.0,0.025,0.000364893275,0.975,0.96868338
505.0,0.025,0.00036828493,0.975,0.96869864
506.0,0.025,0.00037169545500000004,0.975,0.96871384
507.0,0.025,0.00037512485,0.975,0.96872898
499.0,0.026,0.00036864129,0.974,0.96716395
500.0,0.026,0.00037302517999999996,0.974,0.96711764
501.0,0.026,0.000376525905,0.974,0.96713436
502.0,0.026,0.000380046335,0.974,0.96715102
503.0,0.026,0.000383586475,0.974,0.96716761
504.0,0.026,0.00038714634,0.974,0.96718414
505.0,0.026,0.00039072593500000003,0.974,0.9672006
506.0,0.026,0.00039432526999999995,0.974,0.967217
507.0,0.026,0.00039794436,0.974,0.96723333
499.0,0.027,0.00036864129,0.973,0.96716395
500.0,0.027,0.00037538144,0.973,0.96695475
501.0,0.027,0.000382219905,0.973,0.96674499
502.0,0.027,0.00038915772,0.973,0.96653466
503.0,0.027,0.00039619593499999996,0.973,0.96632377
504.0,0.027,0.000403335595,0.973,0.96611232
505.0,0.027,0.000410577755,0.973,0.96590031
506.0,0.027,0.00041769180000000004,0.973,0.9657026
507.0,0.027,0.00042150517,0.973,0.96572017
499.0,0.028,0.00036864129,0.972,0.96716395
500.0,0.028,0.00037538144,0.972,0.96695475
501.0,0.028,0.000382219905,0.972,0.96674499
502.0,0.028,0.00038915772,0.972,0.96653466
503.0,0.028,0.00039619593499999996,0.972,0.96632377
504.0,0.028,0.000403335595,0.972,0.96611232
505.0,0.028,0.000410577755,0.972,0.96590031
506.0,0.028,0.00041792348499999996,0.972,0.96568774
507.0,0.028,0.000425373855,0.972,0.96547461
499.0,0.029,0.00036864129,0.971,0.96716395
500.0,0.029,0.00037538144,0.971,0.96695475
501.0,0.029,0.000382219905,0.971,0.96674499
502.0,0.029,0.00038915772,0.971,0.96653466
503.0,0.029,0.00039619593499999996,0.971,0.96632377
504.0,0.029,0.000403335595,0.971,0.96611232
505.0,0.029,0.000410577755,0.971,0.96590031
506.0,0.029,0.00041792348499999996,0.971,0.96568774
507.0,0.029,0.000425373855,0.971,0.96547461
499.0,0.03,0.00036864129,0.97,0.96716395
500.0,0.03,0.00037538144,0.97,0.96695475
501.0,0.03,0.000382219905,0.97,0.96674499
502.0,0.03,0.00038915772,0.97,0.96653466
503.0,0.03,0.00039619593499999996,0.97,0.96632377
504.0,0.03,0.000403335595,0.97,0.96611232
505.0,0.03,0.000410577755,0.97,0.96590031
506.0,0.03,0.00041792348499999996,0.97,0.96568774
507.0,0.03,0.000425373855,0.97,0.96547461
499.0,0.031,0.00036864129,0.969,0.96716395
500.0,0.031,0.00037538144,0.969,0.96695475
501.0,0.031,0.000382219905,0.969,0.96674499
502.0,0.031,0.00038915772,0.969,0.96653466
503.0,0.031,0.00039619593499999996,0.969,0.96632377
504.0,0.031,0.000403335595,0.969,0.96611232
505.0,0.031,0.000410577755,0.969,0.96590031
506.0,0.031,0.00041792348499999996,0.969,0.96568774
507.0,0.031,0.000425373855,0.969,0.96547461
499.0,0.032,0.00036864129,0.968,0.96716395
500.0,0.032,0.00037538144,0.968,0.96695475
501.0,0.032,0.000382219905,0.968,0.96674499
502.0,0.032,0.00038915772,0.968,0.96653466
503.0,0.032,0.00039619593499999996,0.968,0.96632377
504.0,0.032,0.000403335595,0.968,0.96611232
505.0,0.032,0.000410577755,0.968,0.96590031
506.0,0.032,0.00041792348499999996,0.968,0.96568774
507.0,0.032,0.000425373855,0.968,0.96547461
499.0,0.033,0.00036864129,0.967,0.96716395
500.0,0.033,0.00037538144,0.967,0.96695475
501.0,0.033,0.000382219905,0.967,0.96674499
502.0,0.033,0.00038915772,0.967,0.96653466
503.0,0.033,0.00039619593499999996,0.967,0.96632377
504.0,0.033,0.000403335595,0.967,0.96611232
505.0,0.033,0.000410577755,0.967,0.96590031
506.0,0.033,0.00041792348499999996,0.967,0.96568774
507.0,0.033,0.000425373855,0.967,0.96547461
499.0,0.034,0.00036864129,0.966,0.96716395
500.0,0.034,0.00037538144,0.966,0.96695475
501.0,0.034,0.000382219905,0.966,0.96674499
502.0,0.034,0.00038915772,0.966,0.96653466
503.0,0.034,0.00039619593499999996,0.966,0.96632377
504.0,0.034,0.000403335595,0.966,0.96611232
505.0,0.034,0.000410577755,0.966,0.96590031
506.0,0.034,0.00041792348499999996,0.966,0.96568774
507.0,0.034,0.000425373855,0.966,0.96547461
499.0,0.035,0.00036864129,0.965,0.96716395
500.0,0.035,0.00037538144,0.965,0.96695475
501.0,0.035,0.000382219905,0.965,0.96674499
502.0,0.035,0.00038915772,0.965,0.96653466
503.0,0.035,0.00039619593499999996,0.965,0.96632377
504.0,0.035,0.000403335595,0.965,0.96611232
505.0,0.035,0.000410577755,0.965,0.96590031
506.0,0.035,0.00041792348499999996,0.965,0.96568774
507.0,0.035,0.000425373855,0.965,0.96547461
499.0,0.036,0.00036864129,0.964,0.96716395
500.0,0.036,0.00037538144,0.964,0.96695475
501.0,0.036,0.000382219905,0.964,0.96674499
502.0,0.036,0.00038915772,0.964,0.96653466
503.0,0.036,0.00039619593499999996,0.964,0.96632377
504.0,0.036,0.000403335595,0.964,0.96611232
505.0,0.036,0.000410577755,0.964,0.96590031
506.0,0.036,0.00041792348499999996,0.964,0.96568774
507.0,0.036,0.000425373855,0.964,0.96547461
499.0,0.037,0.00036864129,0.963,0.96716395
500.0,0.037,0.00037538144,0.963,0.96695475
501.0,0.037,0.000382219905,0.963,0.96674499
502.0,0.037,0.00038915772,0.963,0.96653466
503.0,0.037,0.00039619593499999996,0.963,0.96632377
504.0,0.037,0.000403335595,0.963,0.96611232
505.0,0.037,0.000410577755,0.963,0.96590031
506.0,0.037,0.00041792348499999996,0.963,0.96568774
507.0,0.037,0.000425373855,0.963,0.96547461
499.0,0.038,0.00036864129,0.962,0.96716395
500.0,0.038,0.00037538144,0.962,0.96695475
501.0,0.038,0.000382219905,0.962,0.96674499
502.0,0.038,0.00038915772,0.962,0.96653466
503.0,0.038,0.00039619593499999996,0.962,0.96632377
504.0,0.038,0.000403335595,0.962,0.96611232
505.0,0.038,0.000410577755,0.962,0.96590031
506.0,0.038,0.00041792348499999996,0.962,0.96568774
507.0,0.038,0.000425373855,0.962,0.96547461
499.0,0.039,0.00036864129,0.961,0.96716395
500.0,0.039,0.00037538144,0.961,0.96695475
501.0,0.039,0.000382219905,0.961,0.96674499
502.0,0.039,0.00038915772,0.961,0.96653466
503.0,0.039,0.00039619593499999996,0.961,0.96632377
504.0,0.039,0.000403335595,0.961,0.96611232
505.0,0.039,0.000410577755,0.961,0.96590031
506.0,0.039,0.00041792348499999996,0.961,0.96568774
507.0,0.039,0.000425373855,0.961,0.96547461
499.0,0.04,0.00036864129,0.96,0.96716395
500.0,0.04,0.00037538144,0.96,0.96695475
501.0,0.04,0.000382219905,0.96,0.96674499
502.0,0.04,0.00038915772,0.96,0.96653466
503.0,0.04,0.00039619593499999996,0.96,0.96632377
504.0,0.04,0.000403335595,0.96,0.96611232
505.0,0.04,0.000410577755,0.96,0.96590031
506.0,0.04,0.00041792348499999996,0.96,0.96568774
507.0,0.04,0.000425373855,0.96,0.96547461
499.0,0.041,0.00036864129,0.959,0.96716395
500.0,0.041,0.00037538144,0.959,0.96695475
501.0,0.041,0.000382219905,0.959,0.96674499
502.0,0.041,0.00038915772,0.959,0.96653466
503.0,0.041,0.00039619593499999996,0.959,0.96632377
504.0,0.041,0.000403335595,0.959,0.96611232
505.0,0.041,0.000410577755,0.959,0.96590031
506.0,0.041,0.00041792348499999996,0.959,0.96568774
507.0,0.041,0.000425373855,0.959,0.96547461
499.0,0.042,0.00036864129,0.958,0.96716395
500.0,0.042,0.00037538144,0.958,0.96695475
501.0,0.042,0.000382219905,0.958,0.96674499
502.0,0.042,0.00038915772,0.958,0.96653466
503.0,0.042,0.00039619593499999996,0.958,0.96632377
504.0,0.042,0.000403335595,0.958,0.96611232
505.0,0.042,0.000410577755,0.958,0.96590031
506.0,0.042,0.00041792348499999996,0.958,0.96568774
507.0,0.042,0.000425373855,0.958,0.96547461
499.0,0.043,0.00036864129,0.957,0.96716395
500.0,0.043,0.00037538144,0.957,0.96695475
501.0,0.043,0.000382219905,0.957,0.96674499
502.0,0.043,0.00038915772,0.957,0.96653466
503.0,0.043,0.00039619593499999996,0.957,0.96632377
504.0,0.043,0.000403335595,0.957,0.96611232
505.0,0.043,0.000410577755,0.957,0.96590031
506.0,0.043,0.00041792348499999996,0.957,0.96568774
507.0,0.043,0.000425373855,0.957,0.96547461
499.0,0.044,0.00036864129,0.956,0.96716395
500.0,0.044,0.00037538144,0.956,0.96695475
501.0,0.044,0.000382219905,0.956,0.96674499
502.0,0.044,0.00038915772,0.956,0.96653466
503.0,0.044,0.00039619593499999996,0.956,0.96632377
504.0,0.044,0.000403335595,0.956,0.96611232
505.0,0.044,0.000410577755,0.956,0.96590031
506.0,0.044,0.00041792348499999996,0.956,0.96568774
507.0,0.044,0.000425373855,0.956,0.96547461
499.0,0.045,0.00036864129,0.955,0.96716395
500.0,0.045,0.00037538144,0.955,0.96695475
501.0,0.045,0.000382219905,0.955,0.96674499
502.0,0.045,0.00038915772,0.955,0.96653466
503.0,0.045,0.00039619593499999996,0.955,0.96632377
504.0,0.045,0.000403335595,0.955,0.96611232
505.0,0.045,0.000410577755,0.955,0.96590031
506.0,0.045,0.00041792348499999996,0.955,0.96568774
507.0,0.045,0.000425373855,0.955,0.96547461
499.0,0.046,0.00036864129,0.954,0.96716395
500.0,0.046,0.00037538144,0.954,0.96695475
501.0,0.046,0.000382219905,0.954,0.96674499
502.0,0.046,0.00038915772,0.954,0.96653466
503.0,0.046,0.00039619593499999996,0.954,0.96632377
504.0,0.046,0.000403335595,0.954,0.96611232
505.0,0.046,0.000410577755,0.954,0.96590031
506.0,0.046,0.00041792348499999996,0.954,0.96568774
507.0,0.046,0.000425373855,0.954,0.96547461
499.0,0.047,0.00036864129,0.953,0.96716395
500.0,0.047,0.00037538144,0.953,0.96695475
501.0,0.047,0.000382219905,0.953,0.96674499
502.0,0.047,0.00038915772,0.953,0.96653466
503.0,0.047,0.00039619593499999996,0.953,0.96632377
504.0,0.047,0.000403335595,0.953,0.96611232
505.0,0.047,0.000410577755,0.953,0.96590031
506.0,0.047,0.00041792348499999996,0.953,0.96568774
507.0,0.047,0.000425373855,0.953,0.96547461
499.0,0.048,0.00036864129,0.952,0.96716395
500.0,0.048,0.00037538144,0.952,0.96695475
501.0,0.048,0.000382219905,0.952,0.96674499
502.0,0.048,0.00038915772,0.952,0.96653466
503.0,0.048,0.00039619593499999996,0.952,0.96632377
504.0,0.048,0.000403335595,0.952,0.96611232
505.0,0.048,0.000410577755,0.952,0.96590031
506.0,0.048,0.00041792348499999996,0.952,0.96568774
507.0,0.048,0.000425373855,0.952,0.96547461
499.0,0.049,0.00036864129,0.951,0.96716395
500.0,0.049,0.00037538144,0.951,0.96695475
501.0,0.049,0.000382219905,0.951,0.96674499
502.0,0.049,0.00038915772,0.951,0.96653466
503.0,0.049,0.00039619593499999996,0.951,0.96632377
504.0,0.049,0.000403335595,0.951,0.96611232
505.0,0.049,0.000410577755,0.951,0.96590031
506.0,0.049,0.00041792348499999996,0.951,0.96568774
507.0,0.049,0.000425373855,0.951,0.96547461
499.0,0.05,0.00036864129,0.95,0.96716395
500.0,0.05,0.00037538144,0.95,0.96695475
501.0,0.05,0.000382219905,0.95,0.96674499
502.0,0.05,0.00038915772,0.95,0.96653466
503.0,0.05,0.00039619593499999996,0.95,0.96632377
504.0,0.05,0.000403335595,0.95,0.96611232
505.0,0.05,0.000410577755,0.95,0.96590031
506.0,0.05,0.00041792348499999996,0.95,0.96568774
507.0,0.05,0.000425373855,0.95,0.96547461
499.0,0.051,0.00036864129,0.949,0.96716395
500.0,0.051,0.00037538144,0.949,0.96695475
501.0,0.051,0.000382219905,0.949,0.96674499
502.0,0.051,0.00038915772,0.949,0.96653466
503.0,0.051,0.00039619593499999996,0.949,0.96632377
504.0,0.051,0.000403335595,0.949,0.96611232
505.0,0.051,0.000410577755,0.949,0.96590031
506.0,0.051,0.00041792348499999996,0.949,0.96568774
507.0,0.051,0.000425373855,0.949,0.96547461
499.0,0.052,0.00036864129,0.948,0.96716395
500.0,0.052,0.00037538144,0.948,0.96695475
501.0,0.052,0.000382219905,0.948,0.96674499
502.0,0.052,0.00038915772,0.948,0.96653466
503.0,0.052,0.00039619593499999996,0.948,0.96632377
504.0,0.052,0.000403335595,0.948,0.96611232
505.0,0.052,0.000410577755,0.948,0.96590031
506.0,0.052,0.00041792348499999996,0.948,0.96568774
507.0,0.052,0.000425373855,0.948,0.96547461
499.0,0.053,0.00036864129,0.947,0.96716395
500.0,0.053,0.00037538144,0.947,0.96695475
501.0,0.053,0.000382219905,0.947,0.96674499
502.0,0.053,0.00038915772,0.947,0.96653466
503.0,0.053,0.00039619593499999996,0.947,0.96632377
504.0,0.053,0.000403335595,0.947,0.96611232
505.0,0.053,0.000410577755,0.947,0.96590031
506.0,0.053,0.00041792348499999996,0.947,0.96568774
507.0,0.053,0.000425373855,0.947,0.96547461
499.0,0.054,0.00036864129,0.946,0.96716395
500.0,0.054,0.00037538144,0.946,0.96695475
501.0,0.054,0.000382219905,0.946,0.96674499
502.0,0.054,0.00038915772,0.946,0.96653466
503.0,0.054,0.00039619593499999996,0.946,0.96632377
504.0,0.054,0.000403335595,0.946,0.96611232
505.0,0.054,0.000410577755,0.946,0.96590031
506.0,0.054,0.00041792348499999996,0.946,0.96568774
507.0,0.054,0.000425373855,0.946,0.96547461
499.0,0.055,0.00036864129,0.945,0.96716395
500.0,0.055,0.00037538144,0.945,0.96695475
501.0,0.055,0.000382219905,0.945,0.96674499
502.0,0.055,0.00038915772,0.945,0.96653466
503.0,0.055,0.00039619593499999996,0.945,0.96632377
504.0,0.055,0.000403335595,0.945,0.96611232
505.0,0.055,0.000410577755,0.945,0.96590031
506.0,0.055,0.00041792348499999996,0.945,0.96568774
507.0,0.055,0.000425373855,0.945,0.96547461
499.0,0.056,0.00036864129,0.944,0.96716395
500.0,0.056,0.00037538144,0.944,0.96695475
501.0,0.056,0.000382219905,0.944,0.96674499
502.0,0.056,0.00038915772,0.944,0.96653466
503.0,0.056,0.00039619593499999996,0.944,0.96632377
504.0,0.056,0.000403335595,0.944,0.96611232
505.0,0.056,0.000410577755,0.944,0.96590031
506.0,0.056,0.00041792348499999996,0.944,0.96568774
507.0,0.056,0.000425373855,0.944,0.96547461
499.0,0.057,0.00036864129,0.943,0.96716395
500.0,0.057,0.00037538144,0.943,0.96695475
501.0,0.057,0.000382219905,0.943,0.96674499
502.0,0.057,0.00038915772,0.943,0.96653466
503.0,0.057,0.00039619593499999996,0.943,0.96632377
504.0,0.057,0.000403335595,0.943,0.96611232
505.0,0.057,0.000410577755,0.943,0.96590031
506.0,0.057,0.00041792348499999996,0.943,0.96568774
507.0,0.057,0.000425373855,0.943,0.96547461
499.0,0.058,0.00036864129,0.942,0.96716395
500.0,0.058,0.00037538144,0.942,0.96695475
501.0,0.058,0.000382219905,0.942,0.96674499
502.0,0.058,0.00038915772,0.942,0.96653466
503.0,0.058,0.00039619593499999996,0.942,0.96632377
504.0,0.058,0.000403335595,0.942,0.96611232
505.0,0.058,0.000410577755,0.942,0.96590031
506.0,0.058,0.00041792348499999996,0.942,0.96568774
507.0,0.058,0.000425373855,0.942,0.96547461
499.0,0.059,0.00036864129,0.9410000000000001,0.96716395
500.0,0.059,0.00037538144,0.9410000000000001,0.96695475
501.0,0.059,0.000382219905,0.9410000000000001,0.96674499
502.0,0.059,0.00038915772,0.9410000000000001,0.96653466
503.0,0.059,0.00039619593499999996,0.9410000000000001,0.96632377
504.0,0.059,0.000403335595,0.9410000000000001,0.96611232
505.0,0.059,0.000410577755,0.9410000000000001,0.96590031
506.0,0.059,0.00041792348499999996,0.9410000000000001,0.96568774
507.0,0.059,0.000425373855,0.9410000000000001,0.96547461
499.0,0.06,0.00036864129,0.94,0.96716395
500.0,0.06,0.00037538144,0.94,0.96695475
501.0,0.06,0.000382219905,0.94,0.96674499
502.0,0.06,0.00038915772,0.94,0.96653466
503.0,0.06,0.00039619593499999996,0.94,0.96632377
504.0,0.06,0.000403335595,0.94,0.96611232
505.0,0.06,0.000410577755,0.94,0.96590031
506.0,0.06,0.00041792348499999996,0.94,0.96568774
507.0,0.06,0.000425373855,0.94,0.96547461
499.0,0.061,0.00036864129,0.9390000000000001,0.96716395
500.0,0.061,0.00037538144,0.9390000000000001,0.96695475
501.0,0.061,0.000382219905,0.9390000000000001,0.96674499
502.0,0.061,0.00038915772,0.9390000000000001,0.96653466
503.0,0.061,0.00039619593499999996,0.9390000000000001,0.96632377
504.0,0.061,0.000403335595,0.9390000000000001,0.96611232
505.0,0.061,0.000410577755,0.9390000000000001,0.96590031
506.0,0.061,0.00041792348499999996,0.9390000000000001,0.96568774
507.0,0.061,0.000425373855,0.9390000000000001,0.96547461
499.0,0.062,0.00036864129,0.938,0.96716395
500.0,0.062,0.00037538144,0.938,0.96695475
501.0,0.062,0.000382219905,0.938,0.96674499
502.0,0.062,0.00038915772,0.938,0.96653466
503.0,0.062,0.00039619593499999996,0.938,0.96632377
504.0,0.062,0.000403335595,0.938,0.96611232
505.0,0.062,0.000410577755,0.938,0.96590031
506.0,0.062,0.00041792348499999996,0.938,0.96568774
507.0,0.062,0.000425373855,0.938,0.96547461
499.0,0.063,0.00036864129,0.937,0.96716395
500.0,0.063,0.00037538144,0.937,0.96695475
501.0,0.063,0.000382219905,0.937,0.96674499
502.0,0.063,0.00038915772,0.937,0.96653466
503.0,0.063,0.00039619593499999996,0.937,0.96632377
504.0,0.063,0.000403335595,0.937,0.96611232
505.0,0.063,0.000410577755,0.937,0.96590031
506.0,0.063,0.00041792348499999996,0.937,0.96568774
507.0,0.063,0.000425373855,0.937,0.96547461
499.0,0.064,0.00036864129,0.9359999999999999,0.96716395
500.0,0.064,0.00037538144,0.9359999999999999,0.96695475
501.0,0.064,0.000382219905,0.9359999999999999,0.96674499
502.0,0.064,0.00038915772,0.9359999999999999,0.96653466
503.0,0.064,0.00039619593499999996,0.9359999999999999,0.96632377
504.0,0.064,0.000403335595,0.9359999999999999,0.96611232
505.0,0.064,0.000410577755,0.9359999999999999,0.96590031
506.0,0.064,0.00041792348499999996,0.9359999999999999,0.96568774
507.0,0.064,0.000425373855,0.9359999999999999,0.96547461
499.0,0.065,0.00036864129,0.935,0.96716395
500.0,0.065,0.00037538144,0.935,0.96695475
501.0,0.065,0.000382219905,0.935,0.96674499
502.0,0.065,0.00038915772,0.935,0.96653466
503.0,0.065,0.00039619593499999996,0.935,0.96632377
504.0,0.065,0.000403335595,0.935,0.96611232
505.0,0.065,0.000410577755,0.935,0.96590031
506.0,0.065,0.00041792348499999996,0.935,0.96568774
507.0,0.065,0.000425373855,0.935,0.96547461
499.0,0.066,0.00036864129,0.9339999999999999,0.96716395
500.0,0.066,0.00037538144,0.9339999999999999,0.96695475
501.0,0.066,0.000382219905,0.9339999999999999,0.96674499
502.0,0.066,0.00038915772,0.9339999999999999,0.96653466
503.0,0.066,0.00039619593499999996,0.9339999999999999,0.96632377
504.0,0.066,0.000403335595,0.9339999999999999,0.96611232
505.0,0.066,0.000410577755,0.9339999999999999,0.96590031
506.0,0.066,0.00041792348499999996,0.9339999999999999,0.96568774
507.0,0.066,0.000425373855,0.9339999999999999,0.96547461
499.0,0.067,0.00036864129,0.933,0.96716395
500.0,0.067,0.00037538144,0.933,0.96695475
501.0,0.067,0.000382219905,0.933,0.96674499
502.0,0.067,0.00038915772,0.933,0.96653466
503.0,0.067,0.00039619593499999996,0.933,0.96632377
504.0,0.067,0.000403335595,0.933,0.96611232
505.0,0.067,0.000410577755,0.933,0.96590031
506.0,0.067,0.00041792348499999996,0.933,0.96568774
507.0,0.067,0.000425373855,0.933,0.96547461
499.0,0.068,0.00036864129,0.9319999999999999,0.96716395
500.0,0.068,0.00037538144,0.9319999999999999,0.96695475
501.0,0.068,0.000382219905,0.9319999999999999,0.96674499
502.0,0.068,0.00038915772,0.9319999999999999,0.96653466
503.0,0.068,0.00039619593499999996,0.9319999999999999,0.96632377
504.0,0.068,0.000403335595,0.9319999999999999,0.96611232
505.0,0.068,0.000410577755,0.9319999999999999,0.96590031
506.0,0.068,0.00041792348499999996,0.9319999999999999,0.96568774
507.0,0.068,0.000425373855,0.9319999999999999,0.96547461
499.0,0.069,0.00036864129,0.931,0.96716395
500.0,0.069,0.00037538144,0.931,0.96695475
501.0,0.069,0.000382219905,0.931,0.96674499
502.0,0.069,0.00038915772,0.931,0.96653466
503.0,0.069,0.00039619593499999996,0.931,0.96632377
504.0,0.069,0.000403335595,0.931,0.96611232
505.0,0.069,0.000410577755,0.931,0.96590031
506.0,0.069,0.00041792348499999996,0.931,0.96568774
507.0,0.069,0.000425373855,0.931,0.96547461
499.0,0.07,0.00036864129,0.9299999999999999,0.96716395
500.0,0.07,0.00037538144,0.9299999999999999,0.96695475
501.0,0.07,0.000382219905,0.9299999999999999,0.96674499
502.0,0.07,0.00038915772,0.9299999999999999,0.96653466
503.0,0.07,0.00039619593499999996,0.9299999999999999,0.96632377
504.0,0.07,0.000403335595,0.9299999999999999,0.96611232
505.0,0.07,0.000410577755,0.9299999999999999,0.96590031
506.0,0.07,0.00041792348499999996,0.9299999999999999,0.96568774
507.0,0.07,0.000425373855,0.9299999999999999,0.96547461
499.0,0.071,0.00036864129,0.929,0.96716395
500.0,0.071,0.00037538144,0.929,0.96695475
501.0,0.071,0.000382219905,0.929,0.96674499
502.0,0.071,0.00038915772,0.929,0.96653466
503.0,0.071,0.00039619593499999996,0.929,0.96632377
504.0,0.071,0.000403335595,0.929,0.96611232
505.0,0.071,0.000410577755,0.929,0.96590031
506.0,0.071,0.00041792348499999996,0.929,0.96568774
507.0,0.071,0.000425373855,0.929,0.96547461
499.0,0.072,0.00036864129,0.928,0.96716395
500.0,0.072,0.00037538144,0.928,0.96695475
501.0,0.072,0.000382219905,0.928,0.96674499
502.0,0.072,0.00038915772,0.928,0.96653466
503.0,0.072,0.00039619593499999996,0.928,0.96632377
504.0,0.072,0.000403335595,0.928,0.96611232
505.0,0.072,0.000410577755,0.928,0.96590031
506.0,0.072,0.00041792348499999996,0.928,0.96568774
507.0,0.072,0.000425373855,0.928,0.96547461
499.0,0.073,0.00036864129,0.927,0.96716395
500.0,0.073,0.00037538144,0.927,0.96695475
501.0,0.073,0.000382219905,0.927,0.96674499
502.0,0.073,0.00038915772,0.927,0.96653466
503.0,0.073,0.00039619593499999996,0.927,0.96632377
504.0,0.073,0.000403335595,0.927,0.96611232
505.0,0.073,0.000410577755,0.927,0.96590031
506.0,0.073,0.00041792348499999996,0.927,0.96568774
507.0,0.073,0.000425373855,0.927,0.96547461
499.0,0.074,0.00036864129,0.926,0.96716395
500.0,0.074,0.00037538144,0.926,0.96695475
501.0,0.074,0.000382219905,0.926,0.96674499
502.0,0.074,0.00038915772,0.926,0.96653466
503.0,0.074,0.00039619593499999996,0.926,0.96632377
504.0,0.074,0.000403335595,0.926,0.96611232
505.0,0.074,0.000410577755,0.926,0.96590031
506.0,0.074,0.00041792348499999996,0.926,0.96568774
507.0,0.074,0.000425373855,0.926,0.96547461
499.0,0.075,0.00036864129,0.925,0.96716395
500.0,0.075,0.00037538144,0.925,0.96695475
501.0,0.075,0.000382219905,0.925,0.96674499
502.0,0.075,0.00038915772,0.925,0.96653466
503.0,0.075,0.00039619593499999996,0.925,0.96632377
504.0,0.075,0.000403335595,0.925,0.96611232
505.0,0.075,0.000410577755,0.925,0.96590031
506.0,0.075,0.00041792348499999996,0.925,0.96568774
507.0,0.075,0.000425373855,0.925,0.96547461
499.0,0.076,0.00036864129,0.924,0.96716395
500.0,0.076,0.00037538144,0.924,0.96695475
501.0,0.076,0.000382219905,0.924,0.96674499
502.0,0.076,0.00038915772,0.924,0.96653466
503.0,0.076,0.00039619593499999996,0.924,0.96632377
504.0,0.076,0.000403335595,0.924,0.96611232
505.0,0.076,0.000410577755,0.924,0.96590031
506.0,0.076,0.00041792348499999996,0.924,0.96568774
507.0,0.076,0.000425373855,0.924,0.96547461
499.0,0.077,0.00036864129,0.923,0.96716395
500.0,0.077,0.00037538144,0.923,0.96695475
501.0,0.077,0.000382219905,0.923,0.96674499
502.0,0.077,0.00038915772,0.923,0.96653466
503.0,0.077,0.00039619593499999996,0.923,0.96632377
504.0,0.077,0.000403335595,0.923,0.96611232
505.0,0.077,0.000410577755,0.923,0.96590031
506.0,0.077,0.00041792348499999996,0.923,0.96568774
507.0,0.077,0.000425373855,0.923,0.96547461
499.0,0.078,0.00036864129,0.922,0.96716395
500.0,0.078,0.00037538144,0.922,0.96695475
501.0,0.078,0.000382219905,0.922,0.96674499
502.0,0.078,0.00038915772,0.922,0.96653466
503.0,0.078,0.00039619593499999996,0.922,0.96632377
504.0,0.078,0.000403335595,0.922,0.96611232
505.0,0.078,0.000410577755,0.922,0.96590031
506.0,0.078,0.00041792348499999996,0.922,0.96568774
507.0,0.078,0.000425373855,0.922,0.96547461
499.0,0.079,0.00036864129,0.921,0.96716395
500.0,0.079,0.00037538144,0.921,0.96695475
501.0,0.079,0.000382219905,0.921,0.96674499
502.0,0.079,0.00038915772,0.921,0.96653466
503.0,0.079,0.00039619593499999996,0.921,0.96632377
504.0,0.079,0.000403335595,0.921,0.96611232
505.0,0.079,0.000410577755,0.921,0.96590031
506.0,0.079,0.00041792348499999996,0.921,0.96568774
507.0,0.079,0.000425373855,0.921,0.96547461
499.0,0.08,0.00036864129,0.92,0.96716395
500.0,0.08,0.00037538144,0.92,0.96695475
501.0,0.08,0.000382219905,0.92,0.96674499
502.0,0.08,0.00038915772,0.92,0.96653466
503.0,0.08,0.00039619593499999996,0.92,0.96632377
504.0,0.08,0.000403335595,0.92,0.96611232
505.0,0.08,0.000410577755,0.92,0.96590031
506.0,0.08,0.00041792348499999996,0.92,0.96568774
507.0,0.08,0.000425373855,0.92,0.96547461
499.0,0.081,0.00036864129,0.919,0.96716395
500.0,0.081,0.00037538144,0.919,0.96695475
501.0,0.081,0.000382219905,0.919,0.96674499
502.0,0.081,0.00038915772,0.919,0.96653466
503.0,0.081,0.00039619593499999996,0.919,0.96632377
504.0,0.081,0.000403335595,0.919,0.96611232
505.0,0.081,0.000410577755,0.919,0.96590031
506.0,0.081,0.00041792348499999996,0.919,0.96568774
507.0,0.081,0.000425373855,0.919,0.96547461
499.0,0.082,0.00036864129,0.918,0.96716395
500.0,0.082,0.00037538144,0.918,0.96695475
501.0,0.082,0.000382219905,0.918,0.96674499
502.0,0.082,0.00038915772,0.918,0.96653466
503.0,0.082,0.00039619593499999996,0.918,0.96632377
504.0,0.082,0.000403335595,0.918,0.96611232
505.0,0.082,0.000410577755,0.918,0.96590031
506.0,0.082,0.00041792348499999996,0.918,0.96568774
507.0,0.082,0.000425373855,0.918,0.96547461
499.0,0.083,0.00036864129,0.917,0.96716395
500.0,0.083,0.00037538144,0.917,0.96695475
501.0,0.083,0.000382219905,0.917,0.96674499
502.0,0.083,0.00038915772,0.917,0.96653466
503.0,0.083,0.00039619593499999996,0.917,0.96632377
504.0,0.083,0.000403335595,0.917,0.96611232
505.0,0.083,0.000410577755,0.917,0.96590031
506.0,0.083,0.00041792348499999996,0.917,0.96568774
507.0,0.083,0.000425373855,0.917,0.96547461
499.0,0.084,0.00036864129,0.916,0.96716395
500.0,0.084,0.00037538144,0.916,0.96695475
501.0,0.084,0.000382219905,0.916,0.96674499
502.0,0.084,0.00038915772,0.916,0.96653466
503.0,0.084,0.00039619593499999996,0.916,0.96632377
504.0,0.084,0.000403335595,0.916,0.96611232
505.0,0.084,0.000410577755,0.916,0.96590031
506.0,0.084,0.00041792348499999996,0.916,0.96568774
507.0,0.084,0.000425373855,0.916,0.96547461
499.0,0.085,0.00036864129,0.915,0.96716395
500.0,0.085,0.00037538144,0.915,0.96695475
501.0,0.085,0.000382219905,0.915,0.96674499
502.0,0.085,0.00038915772,0.915,0.96653466
503.0,0.085,0.00039619593499999996,0.915,0.96632377
504.0,0.085,0.000403335595,0.915,0.96611232
505.0,0.085,0.000410577755,0.915,0.96590031
506.0,0.085,0.00041792348499999996,0.915,0.96568774
507.0,0.085,0.000425373855,0.915,0.96547461
499.0,0.086,0.00036864129,0.914,0.96716395
500.0,0.086,0.00037538144,0.914,0.96695475
501.0,0.086,0.000382219905,0.914,0.96674499
502.0,0.086,0.00038915772,0.914,0.96653466
503.0,0.086,0.00039619593499999996,0.914,0.96632377
504.0,0.086,0.000403335595,0.914,0.96611232
505.0,0.086,0.000410577755,0.914,0.96590031
506.0,0.086,0.00041792348499999996,0.914,0.96568774
507.0,0.086,0.000425373855,0.914,0.96547461
499.0,0.087,0.00036864129,0.913,0.96716395
500.0,0.087,0.00037538144,0.913,0.96695475
501.0,0.087,0.000382219905,0.913,0.96674499
502.0,0.087,0.00038915772,0.913,0.96653466
503.0,0.087,0.00039619593499999996,0.913,0.96632377
504.0,0.087,0.000403335595,0.913,0.96611232
505.0,0.087,0.000410577755,0.913,0.96590031
506.0,0.087,0.00041792348499999996,0.913,0.96568774
507.0,0.087,0.000425373855,0.913,0.96547461
499.0,0.088,0.00036864129,0.912,0.96716395
500.0,0.088,0.00037538144,0.912,0.96695475
501.0,0.088,0.000382219905,0.912,0.96674499
502.0,0.088,0.00038915772,0.912,0.96653466
503.0,0.088,0.00039619593499999996,0.912,0.96632377
504.0,0.088,0.000403335595,0.912,0.96611232
505.0,0.088,0.000410577755,0.912,0.96590031
506.0,0.088,0.00041792348499999996,0.912,0.96568774
507.0,0.088,0.000425373855,0.912,0.96547461
499.0,0.089,0.00036864129,0.911,0.96716395
500.0,0.089,0.00037538144,0.911,0.96695475
501.0,0.089,0.000382219905,0.911,0.96674499
502.0,0.089,0.00038915772,0.911,0.96653466
503.0,0.089,0.00039619593499999996,0.911,0.96632377
504.0,0.089,0.000403335595,0.911,0.96611232
505.0,0.089,0.000410577755,0.911,0.96590031
506.0,0.089,0.00041792348499999996,0.911,0.96568774
507.0,0.089,0.000425373855,0.911,0.96547461
499.0,0.09,0.00036864129,0.91,0.96716395
500.0,0.09,0.00037538144,0.91,0.96695475
501.0,0.09,0.000382219905,0.91,0.96674499
502.0,0.09,0.00038915772,0.91,0.96653466
503.0,0.09,0.00039619593499999996,0.91,0.96632377
504.0,0.09,0.000403335595,0.91,0.96611232
505.0,0.09,0.000410577755,0.91,0.96590031
506.0,0.09,0.00041792348499999996,0.91,0.96568774
507.0,0.09,0.000425373855,0.91,0.96547461
499.0,0.091,0.00036864129,0.909,0.96716395
500.0,0.091,0.00037538144,0.909,0.96695475
501.0,0.091,0.000382219905,0.909,0.96674499
502.0,0.091,0.00038915772,0.909,0.96653466
503.0,0.091,0.00039619593499999996,0.909,0.96632377
504.0,0.091,0.000403335595,0.909,0.96611232
505.0,0.091,0.000410577755,0.909,0.96590031
506.0,0.091,0.00041792348499999996,0.909,0.96568774
507.0,0.091,0.000425373855,0.909,0.96547461
499.0,0.092,0.00036864129,0.908,0.96716395
500.0,0.092,0.00037538144,0.908,0.96695475
501.0,0.092,0.000382219905,0.908,0.96674499
502.0,0.092,0.00038915772,0.908,0.96653466
503.0,0.092,0.00039619593499999996,0.908,0.96632377
504.0,0.092,0.000403335595,0.908,0.96611232
505.0,0.092,0.000410577755,0.908,0.96590031
506.0,0.092,0.00041792348499999996,0.908,0.96568774
507.0,0.092,0.000425373855,0.908,0.96547461
499.0,0.093,0.00036864129,0.907,0.96716395
500.0,0.093,0.00037538144,0.907,0.96695475
501.0,0.093,0.000382219905,0.907,0.96674499
502.0,0.093,0.00038915772,0.907,0.96653466
503.0,0.093,0.00039619593499999996,0.907,0.96632377
504.0,0.093,0.000403335595,0.907,0.96611232
505.0,0.093,0.000410577755,0.907,0.96590031
506.0,0.093,0.00041792348499999996,0.907,0.96568774
507.0,0.093,0.000425373855,0.907,0.96547461
499.0,0.094,0.00036864129,0.906,0.96716395
500.0,0.094,0.00037538144,0.906,0.96695475
501.0,0.094,0.000382219905,0.906,0.96674499
502.0,0.094,0.00038915772,0.906,0.96653466
503.0,0.094,0.00039619593499999996,0.906,0.96632377
504.0,0.094,0.000403335595,0.906,0.96611232
505.0,0.094,0.000410577755,0.906,0.96590031
506.0,0.094,0.00041792348499999996,0.906,0.96568774
507.0,0.094,0.000425373855,0.906,0.96547461
499.0,0.095,0.00036864129,0.905,0.96716395
500.0,0.095,0.00037538144,0.905,0.96695475
501.0,0.095,0.000382219905,0.905,0.96674499
502.0,0.095,0.00038915772,0.905,0.96653466
503.0,0.095,0.00039619593499999996,0.905,0.96632377
504.0,0.095,0.000403335595,0.905,0.96611232
505.0,0.095,0.000410577755,0.905,0.96590031
506.0,0.095,0.00041792348499999996,0.905,0.96568774
507.0,0.095,0.000425373855,0.905,0.96547461
499.0,0.096,0.00036864129,0.904,0.96716395
500.0,0.096,0.00037538144,0.904,0.96695475
501.0,0.096,0.000382219905,0.904,0.96674499
502.0,0.096,0.00038915772,0.904,0.96653466
503.0,0.096,0.00039619593499999996,0.904,0.96632377
504.0,0.096,0.000403335595,0.904,0.96611232
505.0,0.096,0.000410577755,0.904,0.96590031
506.0,0.096,0.00041792348499999996,0.904,0.96568774
507.0,0.096,0.000425373855,0.904,0.96547461
499.0,0.097,0.00036864129,0.903,0.96716395
500.0,0.097,0.00037538144,0.903,0.96695475
501.0,0.097,0.000382219905,0.903,0.96674499
502.0,0.097,0.00038915772,0.903,0.96653466
503.0,0.097,0.00039619593499999996,0.903,0.96632377
504.0,0.097,0.000403335595,0.903,0.96611232
505.0,0.097,0.000410577755,0.903,0.96590031
506.0,0.097,0.00041792348499999996,0.903,0.96568774
507.0,0.097,0.000425373855,0.903,0.96547461
499.0,0.098,0.00036864129,0.902,0.96716395
500.0,0.098,0.00037538144,0.902,0.96695475
501.0,0.098,0.000382219905,0.902,0.96674499
502.0,0.098,0.00038915772,0.902,0.96653466
503.0,0.098,0.00039619593499999996,0.902,0.96632377
504.0,0.098,0.000403335595,0.902,0.96611232
505.0,0.098,0.000410577755,0.902,0.96590031
506.0,0.098,0.00041792348499999996,0.902,0.96568774
507.0,0.098,0.000425373855,0.902,0.96547461
499.0,0.099,0.00036864129,0.901,0.96716395
500.0,0.099,0.00037538144,0.901,0.96695475
501.0,0.099,0.000382219905,0.901,0.96674499
502.0,0.099,0.00038915772,0.901,0.96653466
503.0,0.099,0.00039619593499999996,0.901,0.96632377
504.0,0.099,0.000403335595,0.901,0.96611232
505.0,0.099,0.000410577755,0.901,0.96590031
506.0,0.099,0.00041792348499999996,0.901,0.96568774
507.0,0.099,0.000425373855,0.901,0.96547461
499.0,0.1,0.00036864129,0.9,0.96716395
500.0,0.1,0.00037538144,0.9,0.96695475
501.0,0.1,0.000382219905,0.9,0.96674499
502.0,0.1,0.00038915772,0.9,0.96653466
503.0,0.1,0.00039619593499999996,0.9,0.96632377
504.0,0.1,0.000403335595,0.9,0.96611232
505.0,0.1,0.000410577755,0.9,0.96590031
506.0,0.1,0.00041792348499999996,0.9,0.96568774
507.0,0.1,0.000425373855,0.9,0.96547461
499.0,0.101,0.00036864129,0.899,0.96716395
500.0,0.101,0.00037538144,0.899,0.96695475
501.0,0.101,0.000382219905,0.899,0.96674499
502.0,0.101,0.00038915772,0.899,0.96653466
503.0,0.101,0.00039619593499999996,0.899,0.96632377
504.0,0.101,0.000403335595,0.899,0.96611232
505.0,0.101,0.000410577755,0.899,0.96590031
506.0,0.101,0.00041792348499999996,0.899,0.96568774
507.0,0.101,0.000425373855,0.899,0.96547461
499.0,0.102,0.00036864129,0.898,0.96716395
500.0,0.102,0.00037538144,0.898,0.96695475
501.0,0.102,0.000382219905,0.898,0.96674499
502.0,0.102,0.00038915772,0.898,0.96653466
503.0,0.102,0.00039619593499999996,0.898,0.96632377
504.0,0.102,0.000403335595,0.898,0.96611232
505.0,0.102,0.000410577755,0.898,0.96590031
506.0,0.102,0.00041792348499999996,0.898,0.96568774
507.0,0.102,0.000425373855,0.898,0.96547461
499.0,0.103,0.00036864129,0.897,0.96716395
500.0,0.103,0.00037538144,0.897,0.96695475
501.0,0.103,0.000382219905,0.897,0.96674499
502.0,0.103,0.00038915772,0.897,0.96653466
503.0,0.103,0.00039619593499999996,0.897,0.96632377
504.0,0.103,0.000403335595,0.897,0.96611232
505.0,0.103,0.000410577755,0.897,0.96590031
506.0,0.103,0.00041792348499999996,0.897,0.96568774
507.0,0.103,0.000425373855,0.897,0.96547461
499.0,0.104,0.00036864129,0.896,0.96716395
500.0,0.104,0.00037538144,0.896,0.96695475
501.0,0.104,0.000382219905,0.896,0.96674499
502.0,0.104,0.00038915772,0.896,0.96653466
503.0,0.104,0.00039619593499999996,0.896,0.96632377
504.0,0.104,0.000403335595,0.896,0.96611232
505.0,0.104,0.000410577755,0.896,0.96590031
506.0,0.104,0.00041792348499999996,0.896,0.96568774
507.0,0.104,0.000425373855,0.896,0.96547461
499.0,0.105,0.00036864129,0.895,0.96716395
500.0,0.105,0.00037538144,0.895,0.96695475
501.0,0.105,0.000382219905,0.895,0.96674499
502.0,0.105,0.00038915772,0.895,0.96653466
503.0,0.105,0.00039619593499999996,0.895,0.96632377
504.0,0.105,0.000403335595,0.895,0.96611232
505.0,0.105,0.000410577755,0.895,0.96590031
506.0,0.105,0.00041792348499999996,0.895,0.96568774
507.0,0.105,0.000425373855,0.895,0.96547461
499.0,0.106,0.00036864129,0.894,0.96716395
500.0,0.106,0.00037538144,0.894,0.96695475
501.0,0.106,0.000382219905,0.894,0.96674499
502.0,0.106,0.00038915772,0.894,0.96653466
503.0,0.106,0.00039619593499999996,0.894,0.96632377
504.0,0.106,0.000403335595,0.894,0.96611232
505.0,0.106,0.000410577755,0.894,0.96590031
506.0,0.106,0.00041792348499999996,0.894,0.96568774
507.0,0.106,0.000425373855,0.894,0.96547461
499.0,0.107,0.00036864129,0.893,0.96716395
500.0,0.107,0.00037538144,0.893,0.96695475
501.0,0.107,0.000382219905,0.893,0.96674499
502.0,0.107,0.00038915772,0.893,0.96653466
503.0,0.107,0.00039619593499999996,0.893,0.96632377
504.0,0.107,0.000403335595,0.893,0.96611232
505.0,0.107,0.000410577755,0.893,0.96590031
506.0,0.107,0.00041792348499999996,0.893,0.96568774
507.0,0.107,0.000425373855,0.893,0.96547461
499.0,0.108,0.00036864129,0.892,0.96716395
500.0,0.108,0.00037538144,0.892,0.96695475
501.0,0.108,0.000382219905,0.892,0.96674499
502.0,0.108,0.00038915772,0.892,0.96653466
503.0,0.108,0.00039619593499999996,0.892,0.96632377
504.0,0.108,0.000403335595,0.892,0.96611232
505.0,0.108,0.000410577755,0.892,0.96590031
506.0,0.108,0.00041792348499999996,0.892,0.96568774
507.0,0.108,0.000425373855,0.892,0.96547461
499.0,0.109,0.00036864129,0.891,0.96716395
500.0,0.109,0.00037538144,0.891,0.96695475
501.0,0.109,0.000382219905,0.891,0.96674499
502.0,0.109,0.00038915772,0.891,0.96653466
503.0,0.109,0.00039619593499999996,0.891,0.96632377
504.0,0.109,0.000403335595,0.891,0.96611232
505.0,0.109,0.000410577755,0.891,0.96590031
506.0,0.109,0.00041792348499999996,0.891,0.96568774
507.0,0.109,0.000425373855,0.891,0.96547461
499.0,0.11,0.00036864129,0.89,0.96716395
500.0,0.11,0.00037538144,0.89,0.96695475
501.0,0.11,0.000382219905,0.89,0.96674499
502.0,0.11,0.00038915772,0.89,0.96653466
503.0,0.11,0.00039619593499999996,0.89,0.96632377
504.0,0.11,0.000403335595,0.89,0.96611232
505.0,0.11,0.000410577755,0.89,0.96590031
506.0,0.11,0.00041792348499999996,0.89,0.96568774
507.0,0.11,0.000425373855,0.89,0.96547461
499.0,0.111,0.00036864129,0.889,0.96716395
500.0,0.111,0.00037538144,0.889,0.96695475
501.0,0.111,0.000382219905,0.889,0.96674499
502.0,0.111,0.00038915772,0.889,0.96653466
503.0,0.111,0.00039619593499999996,0.889,0.96632377
504.0,0.111,0.000403335595,0.889,0.96611232
505.0,0.111,0.000410577755,0.889,0.96590031
506.0,0.111,0.00041792348499999996,0.889,0.96568774
507.0,0.111,0.000425373855,0.889,0.96547461
499.0,0.112,0.00036864129,0.888,0.96716395
500.0,0.112,0.00037538144,0.888,0.96695475
501.0,0.112,0.000382219905,0.888,0.96674499
502.0,0.112,0.00038915772,0.888,0.96653466
503.0,0.112,0.00039619593499999996,0.888,0.96632377
504.0,0.112,0.000403335595,0.888,0.96611232
505.0,0.112,0.000410577755,0.888,0.96590031
506.0,0.112,0.00041792348499999996,0.888,0.96568774
507.0,0.112,0.000425373855,0.888,0.96547461
499.0,0.113,0.00036864129,0.887,0.96716395
500.0,0.113,0.00037538144,0.887,0.96695475
501.0,0.113,0.000382219905,0.887,0.96674499
502.0,0.113,0.00038915772,0.887,0.96653466
503.0,0.113,0.00039619593499999996,0.887,0.96632377
504.0,0.113,0.000403335595,0.887,0.96611232
505.0,0.113,0.000410577755,0.887,0.96590031
506.0,0.113,0.00041792348499999996,0.887,0.96568774
507.0,0.113,0.000425373855,0.887,0.96547461
499.0,0.114,0.00036864129,0.886,0.96716395
500.0,0.114,0.00037538144,0.886,0.96695475
501.0,0.114,0.000382219905,0.886,0.96674499
502.0,0.114,0.00038915772,0.886,0.96653466
503.0,0.114,0.00039619593499999996,0.886,0.96632377
504.0,0.114,0.000403335595,0.886,0.96611232
505.0,0.114,0.000410577755,0.886,0.96590031
506.0,0.114,0.00041792348499999996,0.886,0.96568774
507.0,0.114,0.000425373855,0.886,0.96547461
499.0,0.115,0.00036864129,0.885,0.96716395
500.0,0.115,0.00037538144,0.885,0.96695475
501.0,0.115,0.000382219905,0.885,0.96674499
502.0,0.115,0.00038915772,0.885,0.96653466
503.0,0.115,0.00039619593499999996,0.885,0.96632377
504.0,0.115,0.000403335595,0.885,0.96611232
505.0,0.115,0.000410577755,0.885,0.96590031
506.0,0.115,0.00041792348499999996,0.885,0.96568774
507.0,0.115,0.000425373855,0.885,0.96547461
499.0,0.116,0.00036864129,0.884,0.96716395
500.0,0.116,0.00037538144,0.884,0.96695475
501.0,0.116,0.000382219905,0.884,0.96674499
502.0,0.116,0.00038915772,0.884,0.96653466
503.0,0.116,0.00039619593499999996,0.884,0.96632377
504.0,0.116,0.000403335595,0.884,0.96611232
505.0,0.116,0.000410577755,0.884,0.96590031
506.0,0.116,0.00041792348499999996,0.884,0.96568774
507.0,0.116,0.000425373855,0.884,0.96547461
499.0,0.117,0.00036864129,0.883,0.96716395
500.0,0.117,0.00037538144,0.883,0.96695475
501.0,0.117,0.000382219905,0.883,0.96674499
502.0,0.117,0.00038915772,0.883,0.96653466
503.0,0.117,0.00039619593499999996,0.883,0.96632377
504.0,0.117,0.000403335595,0.883,0.96611232
505.0,0.117,0.000410577755,0.883,0.96590031
506.0,0.117,0.00041792348499999996,0.883,0.96568774
507.0,0.117,0.000425373855,0.883,0.96547461
499.0,0.118,0.00036864129,0.882,0.96716395
500.0,0.118,0.00037538144,0.882,0.96695475
501.0,0.118,0.000382219905,0.882,0.96674499
502.0,0.118,0.00038915772,0.882,0.96653466
503.0,0.118,0.00039619593499999996,0.882,0.96632377
504.0,0.118,0.000403335595,0.882,0.96611232
505.0,0.118,0.000410577755,0.882,0.96590031
506.0,0.118,0.00041792348499999996,0.882,0.96568774
507.0,0.118,0.000425373855,0.882,0.96547461
499.0,0.119,0.00036864129,0.881,0.96716395
500.0,0.119,0.00037538144,0.881,0.96695475
501.0,0.119,0.000382219905,0.881,0.96674499
502.0,0.119,0.00038915772,0.881,0.96653466
503.0,0.119,0.00039619593499999996,0.881,0.96632377
504.0,0.119,0.000403335595,0.881,0.96611232
505.0,0.119,0.000410577755,0.881,0.96590031
506.0,0.119,0.00041792348499999996,0.881,0.96568774
507.0,0.119,0.000425373855,0.881,0.96547461
499.0,0.12,0.00036864129,0.88,0.96716395
500.0,0.12,0.00037538144,0.88,0.96695475
501.0,0.12,0.000382219905,0.88,0.96674499
502.0,0.12,0.00038915772,0.88,0.96653466
503.0,0.12,0.00039619593499999996,0.88,0.96632377
504.0,0.12,0.000403335595,0.88,0.96611232
505.0,0.12,0.000410577755,0.88,0.96590031
506.0,0.12,0.00041792348499999996,0.88,0.96568774
507.0,0.12,0.000425373855,0.88,0.96547461
499.0,0.121,0.00036864129,0.879,0.96716395
500.0,0.121,0.00037538144,0.879,0.96695475
501.0,0.121,0.000382219905,0.879,0.96674499
502.0,0.121,0.00038915772,0.879,0.96653466
503.0,0.121,0.00039619593499999996,0.879,0.96632377
504.0,0.121,0.000403335595,0.879,0.96611232
505.0,0.121,0.000410577755,0.879,0.96590031
506.0,0.121,0.00041792348499999996,0.879,0.96568774
507.0,0.121,0.000425373855,0.879,0.96547461
499.0,0.122,0.00036864129,0.878,0.96716395
500.0,0.122,0.00037538144,0.878,0.96695475
501.0,0.122,0.000382219905,0.878,0.96674499
502.0,0.122,0.00038915772,0.878,0.96653466
503.0,0.122,0.00039619593499999996,0.878,0.96632377
504.0,0.122,0.000403335595,0.878,0.96611232
505.0,0.122,0.000410577755,0.878,0.96590031
506.0,0.122,0.00041792348499999996,0.878,0.96568774
507.0,0.122,0.000425373855,0.878,0.96547461
499.0,0.123,0.00036864129,0.877,0.96716395
500.0,0.123,0.00037538144,0.877,0.96695475
501.0,0.123,0.000382219905,0.877,0.96674499
502.0,0.123,0.00038915772,0.877,0.96653466
503.0,0.123,0.00039619593499999996,0.877,0.96632377
504.0,0.123,0.000403335595,0.877,0.96611232
505.0,0.123,0.000410577755,0.877,0.96590031
506.0,0.123,0.00041792348499999996,0.877,0.96568774
507.0,0.123,0.000425373855,0.877,0.96547461
499.0,0.124,0.00036864129,0.876,0.96716395
500.0,0.124,0.00037538144,0.876,0.96695475
501.0,0.124,0.000382219905,0.876,0.96674499
502.0,0.124,0.00038915772,0.876,0.96653466
503.0,0.124,0.00039619593499999996,0.876,0.96632377
504.0,0.124,0.000403335595,0.876,0.96611232
505.0,0.124,0.000410577755,0.876,0.96590031
506.0,0.124,0.00041792348499999996,0.876,0.96568774
507.0,0.124,0.000425373855,0.876,0.96547461
499.0,0.125,0.00036864129,0.875,0.96716395
500.0,0.125,0.00037538144,0.875,0.96695475
501.0,0.125,0.000382219905,0.875,0.96674499
502.0,0.125,0.00038915772,0.875,0.96653466
503.0,0.125,0.00039619593499999996,0.875,0.96632377
504.0,0.125,0.000403335595,0.875,0.96611232
505.0,0.125,0.000410577755,0.875,0.96590031
506.0,0.125,0.00041792348499999996,0.875,0.96568774
507.0,0.125,0.000425373855,0.875,0.96547461
499.0,0.126,0.00036864129,0.874,0.96716395
500.0,0.126,0.00037538144,0.874,0.96695475
501.0,0.126,0.000382219905,0.874,0.96674499
502.0,0.126,0.00038915772,0.874,0.96653466
503.0,0.126,0.00039619593499999996,0.874,0.96632377
504.0,0.126,0.000403335595,0.874,0.96611232
505.0,0.126,0.000410577755,0.874,0.96590031
506.0,0.126,0.00041792348499999996,0.874,0.96568774
507.0,0.126,0.000425373855,0.874,0.96547461
499.0,0.127,0.00036864129,0.873,0.96716395
500.0,0.127,0.00037538144,0.873,0.96695475
501.0,0.127,0.000382219905,0.873,0.96674499
502.0,0.127,0.00038915772,0.873,0.96653466
503.0,0.127,0.00039619593499999996,0.873,0.96632377
504.0,0.127,0.000403335595,0.873,0.96611232
505.0,0.127,0.000410577755,0.873,0.96590031
506.0,0.127,0.00041792348499999996,0.873,0.96568774
507.0,0.127,0.000425373855,0.873,0.96547461
499.0,0.128,0.00036864129,0.872,0.96716395
500.0,0.128,0.00037538144,0.872,0.96695475
501.0,0.128,0.000382219905,0.872,0.96674499
502.0,0.128,0.00038915772,0.872,0.96653466
503.0,0.128,0.00039619593499999996,0.872,0.96632377
504.0,0.128,0.000403335595,0.872,0.96611232
505.0,0.128,0.000410577755,0.872,0.96590031
506.0,0.128,0.00041792348499999996,0.872,0.96568774
507.0,0.128,0.000425373855,0.872,0.96547461
499.0,0.129,0.00036864129,0.871,0.96716395
500.0,0.129,0.00037538144,0.871,0.96695475
501.0,0.129,0.000382219905,0.871,0.96674499
502.0,0.129,0.00038915772,0.871,0.96653466
503.0,0.129,0.00039619593499999996,0.871,0.96632377
504.0,0.129,0.000403335595,0.871,0.96611232
505.0,0.129,0.000410577755,0.871,0.96590031
506.0,0.129,0.00041792348499999996,0.871,0.96568774
507.0,0.129,0.000425373855,0.871,0.96547461
499.0,0.13,0.00036864129,0.87,0.96716395
500.0,0.13,0.00037538144,0.87,0.96695475
501.0,0.13,0.000382219905,0.87,0.96674499
502.0,0.13,0.00038915772,0.87,0.96653466
503.0,0.13,0.00039619593499999996,0.87,0.96632377
504.0,0.13,0.000403335595,0.87,0.96611232
505.0,0.13,0.000410577755,0.87,0.96590031
506.0,0.13,0.00041792348499999996,0.87,0.96568774
507.0,0.13,0.000425373855,0.87,0.96547461
499.0,0.131,0.00036864129,0.869,0.96716395
500.0,0.131,0.00037538144,0.869,0.96695475
501.0,0.131,0.000382219905,0.869,0.96674499
502.0,0.131,0.00038915772,0.869,0.96653466
503.0,0.131,0.00039619593499999996,0.869,0.96632377
504.0,0.131,0.000403335595,0.869,0.96611232
505.0,0.131,0.000410577755,0.869,0.96590031
506.0,0.131,0.00041792348499999996,0.869,0.96568774
507.0,0.131,0.000425373855,0.869,0.96547461
499.0,0.132,0.00036864129,0.868,0.96716395
500.0,0.132,0.00037538144,0.868,0.96695475
501.0,0.132,0.000382219905,0.868,0.96674499
502.0,0.132,0.00038915772,0.868,0.96653466
503.0,0.132,0.00039619593499999996,0.868,0.96632377
504.0,0.132,0.000403335595,0.868,0.96611232
505.0,0.132,0.000410577755,0.868,0.96590031
506.0,0.132,0.00041792348499999996,0.868,0.96568774
507.0,0.132,0.000425373855,0.868,0.96547461
499.0,0.133,0.00036864129,0.867,0.96716395
500.0,0.133,0.00037538144,0.867,0.96695475
501.0,0.133,0.000382219905,0.867,0.96674499
502.0,0.133,0.00038915772,0.867,0.96653466
503.0,0.133,0.00039619593499999996,0.867,0.96632377
504.0,0.133,0.000403335595,0.867,0.96611232
505.0,0.133,0.000410577755,0.867,0.96590031
506.0,0.133,0.00041792348499999996,0.867,0.96568774
507.0,0.133,0.000425373855,0.867,0.96547461
499.0,0.134,0.00036864129,0.866,0.96716395
500.0,0.134,0.00037538144,0.866,0.96695475
501.0,0.134,0.000382219905,0.866,0.96674499
502.0,0.134,0.00038915772,0.866,0.96653466
503.0,0.134,0.00039619593499999996,0.866,0.96632377
504.0,0.134,0.000403335595,0.866,0.96611232
505.0,0.134,0.000410577755,0.866,0.96590031
506.0,0.134,0.00041792348499999996,0.866,0.96568774
507.0,0.134,0.000425373855,0.866,0.96547461
499.0,0.135,0.00036864129,0.865,0.96716395
500.0,0.135,0.00037538144,0.865,0.96695475
501.0,0.135,0.000382219905,0.865,0.96674499
502.0,0.135,0.00038915772,0.865,0.96653466
503.0,0.135,0.00039619593499999996,0.865,0.96632377
504.0,0.135,0.000403335595,0.865,0.96611232
505.0,0.135,0.000410577755,0.865,0.96590031
506.0,0.135,0.00041792348499999996,0.865,0.96568774
507.0,0.135,0.000425373855,0.865,0.96547461
499.0,0.136,0.00036864129,0.864,0.96716395
500.0,0.136,0.00037538144,0.864,0.96695475
501.0,0.136,0.000382219905,0.864,0.96674499
502.0,0.136,0.00038915772,0.864,0.96653466
503.0,0.136,0.00039619593499999996,0.864,0.96632377
504.0,0.136,0.000403335595,0.864,0.96611232
505.0,0.136,0.000410577755,0.864,0.96590031
506.0,0.136,0.00041792348499999996,0.864,0.96568774
507.0,0.136,0.000425373855,0.864,0.96547461
499.0,0.137,0.00036864129,0.863,0.96716395
500.0,0.137,0.00037538144,0.863,0.96695475
501.0,0.137,0.000382219905,0.863,0.96674499
502.0,0.137,0.00038915772,0.863,0.96653466
503.0,0.137,0.00039619593499999996,0.863,0.96632377
504.0,0.137,0.000403335595,0.863,0.96611232
505.0,0.137,0.000410577755,0.863,0.96590031
506.0,0.137,0.00041792348499999996,0.863,0.96568774
507.0,0.137,0.000425373855,0.863,0.96547461
499.0,0.138,0.00036864129,0.862,0.96716395
500.0,0.138,0.00037538144,0.862,0.96695475
501.0,0.138,0.000382219905,0.862,0.96674499
502.0,0.138,0.00038915772,0.862,0.96653466
503.0,0.138,0.00039619593499999996,0.862,0.96632377
504.0,0.138,0.000403335595,0.862,0.96611232
505.0,0.138,0.000410577755,0.862,0.96590031
506.0,0.138,0.00041792348499999996,0.862,0.96568774
507.0,0.138,0.000425373855,0.862,0.96547461
499.0,0.139,0.00036864129,0.861,0.96716395
500.0,0.139,0.00037538144,0.861,0.96695475
501.0,0.139,0.000382219905,0.861,0.96674499
502.0,0.139,0.00038915772,0.861,0.96653466
503.0,0.139,0.00039619593499999996,0.861,0.96632377
504.0,0.139,0.000403335595,0.861,0.96611232
505.0,0.139,0.000410577755,0.861,0.96590031
506.0,0.139,0.00041792348499999996,0.861,0.96568774
507.0,0.139,0.000425373855,0.861,0.96547461
499.0,0.14,0.00036864129,0.86,0.96716395
500.0,0.14,0.00037538144,0.86,0.96695475
501.0,0.14,0.000382219905,0.86,0.96674499
502.0,0.14,0.00038915772,0.86,0.96653466
503.0,0.14,0.00039619593499999996,0.86,0.96632377
504.0,0.14,0.000403335595,0.86,0.96611232
505.0,0.14,0.000410577755,0.86,0.96590031
506.0,0.14,0.00041792348499999996,0.86,0.96568774
507.0,0.14,0.000425373855,0.86,0.96547461
499.0,0.141,0.00036864129,0.859,0.96716395
500.0,0.141,0.00037538144,0.859,0.96695475
501.0,0.141,0.000382219905,0.859,0.96674499
502.0,0.141,0.00038915772,0.859,0.96653466
503.0,0.141,0.00039619593499999996,0.859,0.96632377
504.0,0.141,0.000403335595,0.859,0.96611232
505.0,0.141,0.000410577755,0.859,0.96590031
506.0,0.141,0.00041792348499999996,0.859,0.96568774
507.0,0.141,0.000425373855,0.859,0.96547461
499.0,0.142,0.00036864129,0.858,0.96716395
500.0,0.142,0.00037538144,0.858,0.96695475
501.0,0.142,0.000382219905,0.858,0.96674499
502.0,0.142,0.00038915772,0.858,0.96653466
503.0,0.142,0.00039619593499999996,0.858,0.96632377
504.0,0.142,0.000403335595,0.858,0.96611232
505.0,0.142,0.000410577755,0.858,0.96590031
506.0,0.142,0.00041792348499999996,0.858,0.96568774
507.0,0.142,0.000425373855,0.858,0.96547461
499.0,0.143,0.00036864129,0.857,0.96716395
500.0,0.143,0.00037538144,0.857,0.96695475
501.0,0.143,0.000382219905,0.857,0.96674499
502.0,0.143,0.00038915772,0.857,0.96653466
503.0,0.143,0.00039619593499999996,0.857,0.96632377
504.0,0.143,0.000403335595,0.857,0.96611232
505.0,0.143,0.000410577755,0.857,0.96590031
506.0,0.143,0.00041792348499999996,0.857,0.96568774
507.0,0.143,0.000425373855,0.857,0.96547461
499.0,0.144,0.00036864129,0.856,0.96716395
500.0,0.144,0.00037538144,0.856,0.96695475
501.0,0.144,0.000382219905,0.856,0.96674499
502.0,0.144,0.00038915772,0.856,0.96653466
503.0,0.144,0.00039619593499999996,0.856,0.96632377
504.0,0.144,0.000403335595,0.856,0.96611232
505.0,0.144,0.000410577755,0.856,0.96590031
506.0,0.144,0.00041792348499999996,0.856,0.96568774
507.0,0.144,0.000425373855,0.856,0.96547461
499.0,0.145,0.00036864129,0.855,0.96716395
500.0,0.145,0.00037538144,0.855,0.96695475
501.0,0.145,0.000382219905,0.855,0.96674499
502.0,0.145,0.00038915772,0.855,0.96653466
503.0,0.145,0.00039619593499999996,0.855,0.96632377
504.0,0.145,0.000403335595,0.855,0.96611232
505.0,0.145,0.000410577755,0.855,0.96590031
506.0,0.145,0.00041792348499999996,0.855,0.96568774
507.0,0.145,0.000425373855,0.855,0.96547461
499.0,0.146,0.00036864129,0.854,0.96716395
500.0,0.146,0.00037538144,0.854,0.96695475
501.0,0.146,0.000382219905,0.854,0.96674499
502.0,0.146,0.00038915772,0.854,0.96653466
503.0,0.146,0.00039619593499999996,0.854,0.96632377
504.0,0.146,0.000403335595,0.854,0.96611232
505.0,0.146,0.000410577755,0.854,0.96590031
506.0,0.146,0.00041792348499999996,0.854,0.96568774
507.0,0.146,0.000425373855,0.854,0.96547461
499.0,0.147,0.00036864129,0.853,0.96716395
500.0,0.147,0.00037538144,0.853,0.96695475
501.0,0.147,0.000382219905,0.853,0.96674499
502.0,0.147,0.00038915772,0.853,0.96653466
503.0,0.147,0.00039619593499999996,0.853,0.96632377
504.0,0.147,0.000403335595,0.853,0.96611232
505.0,0.147,0.000410577755,0.853,0.96590031
506.0,0.147,0.00041792348499999996,0.853,0.96568774
507.0,0.147,0.000425373855,0.853,0.96547461
499.0,0.148,0.00036864129,0.852,0.96716395
500.0,0.148,0.00037538144,0.852,0.96695475
501.0,0.148,0.000382219905,0.852,0.96674499
502.0,0.148,0.00038915772,0.852,0.96653466
503.0,0.148,0.00039619593499999996,0.852,0.96632377
504.0,0.148,0.000403335595,0.852,0.96611232
505.0,0.148,0.000410577755,0.852,0.96590031
506.0,0.148,0.00041792348499999996,0.852,0.96568774
507.0,0.148,0.000425373855,0.852,0.96547461
499.0,0.149,0.00036864129,0.851,0.96716395
500.0,0.149,0.00037538144,0.851,0.96695475
501.0,0.149,0.000382219905,0.851,0.96674499
502.0,0.149,0.00038915772,0.851,0.96653466
503.0,0.149,0.00039619593499999996,0.851,0.96632377
504.0,0.149,0.000403335595,0.851,0.96611232
505.0,0.149,0.000410577755,0.851,0.96590031
506.0,0.149,0.00041792348499999996,0.851,0.96568774
507.0,0.149,0.000425373855,0.851,0.96547461
499.0,0.15,0.00036864129,0.85,0.96716395
500.0,0.15,0.00037538144,0.85,0.96695475
501.0,0.15,0.000382219905,0.85,0.96674499
502.0,0.15,0.00038915772,0.85,0.96653466
503.0,0.15,0.00039619593499999996,0.85,0.96632377
504.0,0.15,0.000403335595,0.85,0.96611232
505.0,0.15,0.000410577755,0.85,0.96590031
506.0,0.15,0.00041792348499999996,0.85,0.96568774
507.0,0.15,0.000425373855,0.85,0.96547461
499.0,0.151,0.00036864129,0.849,0.96716395
500.0,0.151,0.00037538144,0.849,0.96695475
501.0,0.151,0.000382219905,0.849,0.96674499
502.0,0.151,0.00038915772,0.849,0.96653466
503.0,0.151,0.00039619593499999996,0.849,0.96632377
504.0,0.151,0.000403335595,0.849,0.96611232
505.0,0.151,0.000410577755,0.849,0.96590031
506.0,0.151,0.00041792348499999996,0.849,0.96568774
507.0,0.151,0.000425373855,0.849,0.96547461
499.0,0.152,0.00036864129,0.848,0.96716395
500.0,0.152,0.00037538144,0.848,0.96695475
501.0,0.152,0.000382219905,0.848,0.96674499
502.0,0.152,0.00038915772,0.848,0.96653466
503.0,0.152,0.00039619593499999996,0.848,0.96632377
504.0,0.152,0.000403335595,0.848,0.96611232
505.0,0.152,0.000410577755,0.848,0.96590031
506.0,0.152,0.00041792348499999996,0.848,0.96568774
507.0,0.152,0.000425373855,0.848,0.96547461
499.0,0.153,0.00036864129,0.847,0.96716395
500.0,0.153,0.00037538144,0.847,0.96695475
501.0,0.153,0.000382219905,0.847,0.96674499
502.0,0.153,0.00038915772,0.847,0.96653466
503.0,0.153,0.00039619593499999996,0.847,0.96632377
504.0,0.153,0.000403335595,0.847,0.96611232
505.0,0.153,0.000410577755,0.847,0.96590031
506.0,0.153,0.00041792348499999996,0.847,0.96568774
507.0,0.153,0.000425373855,0.847,0.96547461
499.0,0.154,0.00036864129,0.846,0.96716395
500.0,0.154,0.00037538144,0.846,0.96695475
501.0,0.154,0.000382219905,0.846,0.96674499
502.0,0.154,0.00038915772,0.846,0.96653466
503.0,0.154,0.00039619593499999996,0.846,0.96632377
504.0,0.154,0.000403335595,0.846,0.96611232
505.0,0.154,0.000410577755,0.846,0.96590031
506.0,0.154,0.00041792348499999996,0.846,0.96568774
507.0,0.154,0.000425373855,0.846,0.96547461
499.0,0.155,0.00036864129,0.845,0.96716395
500.0,0.155,0.00037538144,0.845,0.96695475
501.0,0.155,0.000382219905,0.845,0.96674499
502.0,0.155,0.00038915772,0.845,0.96653466
503.0,0.155,0.00039619593499999996,0.845,0.96632377
504.0,0.155,0.000403335595,0.845,0.96611232
505.0,0.155,0.000410577755,0.845,0.96590031
506.0,0.155,0.00041792348499999996,0.845,0.96568774
507.0,0.155,0.000425373855,0.845,0.96547461
499.0,0.156,0.00036864129,0.844,0.96716395
500.0,0.156,0.00037538144,0.844,0.96695475
501.0,0.156,0.000382219905,0.844,0.96674499
502.0,0.156,0.00038915772,0.844,0.96653466
503.0,0.156,0.00039619593499999996,0.844,0.96632377
504.0,0.156,0.000403335595,0.844,0.96611232
505.0,0.156,0.000410577755,0.844,0.96590031
506.0,0.156,0.00041792348499999996,0.844,0.96568774
507.0,0.156,0.000425373855,0.844,0.96547461
499.0,0.157,0.00036864129,0.843,0.96716395
500.0,0.157,0.00037538144,0.843,0.96695475
501.0,0.157,0.000382219905,0.843,0.96674499
502.0,0.157,0.00038915772,0.843,0.96653466
503.0,0.157,0.00039619593499999996,0.843,0.96632377
504.0,0.157,0.000403335595,0.843,0.96611232
505.0,0.157,0.000410577755,0.843,0.96590031
506.0,0.157,0.00041792348499999996,0.843,0.96568774
507.0,0.157,0.000425373855,0.843,0.96547461
499.0,0.158,0.00036864129,0.842,0.96716395
500.0,0.158,0.00037538144,0.842,0.96695475
501.0,0.158,0.000382219905,0.842,0.96674499
502.0,0.158,0.00038915772,0.842,0.96653466
503.0,0.158,0.00039619593499999996,0.842,0.96632377
504.0,0.158,0.000403335595,0.842,0.96611232
505.0,0.158,0.000410577755,0.842,0.96590031
506.0,0.158,0.00041792348499999996,0.842,0.96568774
507.0,0.158,0.000425373855,0.842,0.96547461
499.0,0.159,0.00036864129,0.841,0.96716395
500.0,0.159,0.00037538144,0.841,0.96695475
501.0,0.159,0.000382219905,0.841,0.96674499
502.0,0.159,0.00038915772,0.841,0.96653466
503.0,0.159,0.00039619593499999996,0.841,0.96632377
504.0,0.159,0.000403335595,0.841,0.96611232
505.0,0.159,0.000410577755,0.841,0.96590031
506.0,0.159,0.00041792348499999996,0.841,0.96568774
507.0,0.159,0.000425373855,0.841,0.96547461
499.0,0.16,0.00036864129,0.84,0.96716395
500.0,0.16,0.00037538144,0.84,0.96695475
501.0,0.16,0.000382219905,0.84,0.96674499
502.0,0.16,0.00038915772,0.84,0.96653466
503.0,0.16,0.00039619593499999996,0.84,0.96632377
504.0,0.16,0.000403335595,0.84,0.96611232
505.0,0.16,0.000410577755,0.84,0.96590031
506.0,0.16,0.00041792348499999996,0.84,0.96568774
507.0,0.16,0.000425373855,0.84,0.96547461
499.0,0.161,0.00036864129,0.839,0.96716395
500.0,0.161,0.00037538144,0.839,0.96695475
501.0,0.161,0.000382219905,0.839,0.96674499
502.0,0.161,0.00038915772,0.839,0.96653466
503.0,0.161,0.00039619593499999996,0.839,0.96632377
504.0,0.161,0.000403335595,0.839,0.96611232
505.0,0.161,0.000410577755,0.839,0.96590031
506.0,0.161,0.00041792348499999996,0.839,0.96568774
507.0,0.161,0.000425373855,0.839,0.96547461
499.0,0.162,0.00036864129,0.838,0.96716395
500.0,0.162,0.00037538144,0.838,0.96695475
501.0,0.162,0.000382219905,0.838,0.96674499
502.0,0.162,0.00038915772,0.838,0.96653466
503.0,0.162,0.00039619593499999996,0.838,0.96632377
504.0,0.162,0.000403335595,0.838,0.96611232
505.0,0.162,0.000410577755,0.838,0.96590031
506.0,0.162,0.00041792348499999996,0.838,0.96568774
507.0,0.162,0.000425373855,0.838,0.96547461
499.0,0.163,0.00036864129,0.837,0.96716395
500.0,0.163,0.00037538144,0.837,0.96695475
501.0,0.163,0.000382219905,0.837,0.96674499
502.0,0.163,0.00038915772,0.837,0.96653466
503.0,0.163,0.00039619593499999996,0.837,0.96632377
504.0,0.163,0.000403335595,0.837,0.96611232
505.0,0.163,0.000410577755,0.837,0.96590031
506.0,0.163,0.00041792348499999996,0.837,0.96568774
507.0,0.163,0.000425373855,0.837,0.96547461
499.0,0.164,0.00036864129,0.836,0.96716395
500.0,0.164,0.00037538144,0.836,0.96695475
501.0,0.164,0.000382219905,0.836,0.96674499
502.0,0.164,0.00038915772,0.836,0.96653466
503.0,0.164,0.00039619593499999996,0.836,0.96632377
504.0,0.164,0.000403335595,0.836,0.96611232
505.0,0.164,0.000410577755,0.836,0.96590031
506.0,0.164,0.00041792348499999996,0.836,0.96568774
507.0,0.164,0.000425373855,0.836,0.96547461
499.0,0.165,0.00036864129,0.835,0.96716395
500.0,0.165,0.00037538144,0.835,0.96695475
501.0,0.165,0.000382219905,0.835,0.96674499
502.0,0.165,0.00038915772,0.835,0.96653466
503.0,0.165,0.00039619593499999996,0.835,0.96632377
504.0,0.165,0.000403335595,0.835,0.96611232
505.0,0.165,0.000410577755,0.835,0.96590031
506.0,0.165,0.00041792348499999996,0.835,0.96568774
507.0,0.165,0.000425373855,0.835,0.96547461
499.0,0.166,0.00036864129,0.834,0.96716395
500.0,0.166,0.00037538144,0.834,0.96695475
501.0,0.166,0.000382219905,0.834,0.96674499
502.0,0.166,0.00038915772,0.834,0.96653466
503.0,0.166,0.00039619593499999996,0.834,0.96632377
504.0,0.166,0.000403335595,0.834,0.96611232
505.0,0.166,0.000410577755,0.834,0.96590031
506.0,0.166,0.00041792348499999996,0.834,0.96568774
507.0,0.166,0.000425373855,0.834,0.96547461
499.0,0.167,0.00036864129,0.833,0.96716395
500.0,0.167,0.00037538144,0.833,0.96695475
501.0,0.167,0.000382219905,0.833,0.96674499
502.0,0.167,0.00038915772,0.833,0.96653466
503.0,0.167,0.00039619593499999996,0.833,0.96632377
504.0,0.167,0.000403335595,0.833,0.96611232
505.0,0.167,0.000410577755,0.833,0.96590031
506.0,0.167,0.00041792348499999996,0.833,0.96568774
507.0,0.167,0.000425373855,0.833,0.96547461
499.0,0.168,0.00036864129,0.832,0.96716395
500.0,0.168,0.00037538144,0.832,0.96695475
501.0,0.168,0.000382219905,0.832,0.96674499
502.0,0.168,0.00038915772,0.832,0.96653466
503.0,0.168,0.00039619593499999996,0.832,0.96632377
504.0,0.168,0.000403335595,0.832,0.96611232
505.0,0.168,0.000410577755,0.832,0.96590031
506.0,0.168,0.00041792348499999996,0.832,0.96568774
507.0,0.168,0.000425373855,0.832,0.96547461
499.0,0.169,0.00036864129,0.831,0.96716395
500.0,0.169,0.00037538144,0.831,0.96695475
501.0,0.169,0.000382219905,0.831,0.96674499
502.0,0.169,0.00038915772,0.831,0.96653466
503.0,0.169,0.00039619593499999996,0.831,0.96632377
504.0,0.169,0.000403335595,0.831,0.96611232
505.0,0.169,0.000410577755,0.831,0.96590031
506.0,0.169,0.00041792348499999996,0.831,0.96568774
507.0,0.169,0.000425373855,0.831,0.96547461
499.0,0.17,0.00036864129,0.83,0.96716395
500.0,0.17,0.00037538144,0.83,0.96695475
501.0,0.17,0.000382219905,0.83,0.96674499
502.0,0.17,0.00038915772,0.83,0.96653466
503.0,0.17,0.00039619593499999996,0.83,0.96632377
504.0,0.17,0.000403335595,0.83,0.96611232
505.0,0.17,0.000410577755,0.83,0.96590031
506.0,0.17,0.00041792348499999996,0.83,0.96568774
507.0,0.17,0.000425373855,0.83,0.96547461
499.0,0.171,0.00036864129,0.829,0.96716395
500.0,0.171,0.00037538144,0.829,0.96695475
501.0,0.171,0.000382219905,0.829,0.96674499
502.0,0.171,0.00038915772,0.829,0.96653466
503.0,0.171,0.00039619593499999996,0.829,0.96632377
504.0,0.171,0.000403335595,0.829,0.96611232
505.0,0.171,0.000410577755,0.829,0.96590031
506.0,0.171,0.00041792348499999996,0.829,0.96568774
507.0,0.171,0.000425373855,0.829,0.96547461
499.0,0.172,0.00036864129,0.8280000000000001,0.96716395
500.0,0.172,0.00037538144,0.8280000000000001,0.96695475
501.0,0.172,0.000382219905,0.8280000000000001,0.96674499
502.0,0.172,0.00038915772,0.8280000000000001,0.96653466
503.0,0.172,0.00039619593499999996,0.8280000000000001,0.96632377
504.0,0.172,0.000403335595,0.8280000000000001,0.96611232
505.0,0.172,0.000410577755,0.8280000000000001,0.96590031
506.0,0.172,0.00041792348499999996,0.8280000000000001,0.96568774
507.0,0.172,0.000425373855,0.8280000000000001,0.96547461
499.0,0.173,0.00036864129,0.827,0.96716395
500.0,0.173,0.00037538144,0.827,0.96695475
501.0,0.173,0.000382219905,0.827,0.96674499
502.0,0.173,0.00038915772,0.827,0.96653466
503.0,0.173,0.00039619593499999996,0.827,0.96632377
504.0,0.173,0.000403335595,0.827,0.96611232
505.0,0.173,0.000410577755,0.827,0.96590031
506.0,0.173,0.00041792348499999996,0.827,0.96568774
507.0,0.173,0.000425373855,0.827,0.96547461
499.0,0.174,0.00036864129,0.8260000000000001,0.96716395
500.0,0.174,0.00037538144,0.8260000000000001,0.96695475
501.0,0.174,0.000382219905,0.8260000000000001,0.96674499
502.0,0.174,0.00038915772,0.8260000000000001,0.96653466
503.0,0.174,0.00039619593499999996,0.8260000000000001,0.96632377
504.0,0.174,0.000403335595,0.8260000000000001,0.96611232
505.0,0.174,0.000410577755,0.8260000000000001,0.96590031
506.0,0.174,0.00041792348499999996,0.8260000000000001,0.96568774
507.0,0.174,0.000425373855,0.8260000000000001,0.96547461
499.0,0.175,0.00036864129,0.825,0.96716395
500.0,0.175,0.00037538144,0.825,0.96695475
501.0,0.175,0.000382219905,0.825,0.96674499
502.0,0.175,0.00038915772,0.825,0.96653466
503.0,0.175,0.00039619593499999996,0.825,0.96632377
504.0,0.175,0.000403335595,0.825,0.96611232
505.0,0.175,0.000410577755,0.825,0.96590031
506.0,0.175,0.00041792348499999996,0.825,0.96568774
507.0,0.175,0.000425373855,0.825,0.96547461
499.0,0.176,0.00036864129,0.8240000000000001,0.96716395
500.0,0.176,0.00037538144,0.8240000000000001,0.96695475
501.0,0.176,0.000382219905,0.8240000000000001,0.96674499
502.0,0.176,0.00038915772,0.8240000000000001,0.96653466
503.0,0.176,0.00039619593499999996,0.8240000000000001,0.96632377
504.0,0.176,0.000403335595,0.8240000000000001,0.96611232
505.0,0.176,0.000410577755,0.8240000000000001,0.96590031
506.0,0.176,0.00041792348499999996,0.8240000000000001,0.96568774
507.0,0.176,0.000425373855,0.8240000000000001,0.96547461
499.0,0.177,0.00036864129,0.823,0.96716395
500.0,0.177,0.00037538144,0.823,0.96695475
501.0,0.177,0.000382219905,0.823,0.96674499
502.0,0.177,0.00038915772,0.823,0.96653466
503.0,0.177,0.00039619593499999996,0.823,0.96632377
504.0,0.177,0.000403335595,0.823,0.96611232
505.0,0.177,0.000410577755,0.823,0.96590031
506.0,0.177,0.00041792348499999996,0.823,0.96568774
507.0,0.177,0.000425373855,0.823,0.96547461
499.0,0.178,0.00036864129,0.8220000000000001,0.96716395
500.0,0.178,0.00037538144,0.8220000000000001,0.96695475
501.0,0.178,0.000382219905,0.8220000000000001,0.96674499
502.0,0.178,0.00038915772,0.8220000000000001,0.96653466
503.0,0.178,0.00039619593499999996,0.8220000000000001,0.96632377
504.0,0.178,0.000403335595,0.8220000000000001,0.96611232
505.0,0.178,0.000410577755,0.8220000000000001,0.96590031
506.0,0.178,0.00041792348499999996,0.8220000000000001,0.96568774
507.0,0.178,0.000425373855,0.8220000000000001,0.96547461
499.0,0.179,0.00036864129,0.821,0.96716395
500.0,0.179,0.00037538144,0.821,0.96695475
501.0,0.179,0.000382219905,0.821,0.96674499
502.0,0.179,0.00038915772,0.821,0.96653466
503.0,0.179,0.00039619593499999996,0.821,0.96632377
504.0,0.179,0.000403335595,0.821,0.96611232
505.0,0.179,0.000410577755,0.821,0.96590031
506.0,0.179,0.00041792348499999996,0.821,0.96568774
507.0,0.179,0.000425373855,0.821,0.96547461
499.0,0.18,0.00036864129,0.8200000000000001,0.96716395
500.0,0.18,0.00037538144,0.8200000000000001,0.96695475
501.0,0.18,0.000382219905,0.8200000000000001,0.96674499
502.0,0.18,0.00038915772,0.8200000000000001,0.96653466
503.0,0.18,0.00039619593499999996,0.8200000000000001,0.96632377
504.0,0.18,0.000403335595,0.8200000000000001,0.96611232
505.0,0.18,0.000410577755,0.8200000000000001,0.96590031
506.0,0.18,0.00041792348499999996,0.8200000000000001,0.96568774
507.0,0.18,0.000425373855,0.8200000000000001,0.96547461
499.0,0.181,0.00036864129,0.819,0.96716395
500.0,0.181,0.00037538144,0.819,0.96695475
501.0,0.181,0.000382219905,0.819,0.96674499
502.0,0.181,0.00038915772,0.819,0.96653466
503.0,0.181,0.00039619593499999996,0.819,0.96632377
504.0,0.181,0.000403335595,0.819,0.96611232
505.0,0.181,0.000410577755,0.819,0.96590031
506.0,0.181,0.00041792348499999996,0.819,0.96568774
507.0,0.181,0.000425373855,0.819,0.96547461
499.0,0.182,0.00036864129,0.8180000000000001,0.96716395
500.0,0.182,0.00037538144,0.8180000000000001,0.96695475
501.0,0.182,0.000382219905,0.8180000000000001,0.96674499
502.0,0.182,0.00038915772,0.8180000000000001,0.96653466
503.0,0.182,0.00039619593499999996,0.8180000000000001,0.96632377
504.0,0.182,0.000403335595,0.8180000000000001,0.96611232
505.0,0.182,0.000410577755,0.8180000000000001,0.96590031
506.0,0.182,0.00041792348499999996,0.8180000000000001,0.96568774
507.0,0.182,0.000425373855,0.8180000000000001,0.96547461
499.0,0.183,0.00036864129,0.817,0.96716395
500.0,0.183,0.00037538144,0.817,0.96695475
501.0,0.183,0.000382219905,0.817,0.96674499
502.0,0.183,0.00038915772,0.817,0.96653466
503.0,0.183,0.00039619593499999996,0.817,0.96632377
504.0,0.183,0.000403335595,0.817,0.96611232
505.0,0.183,0.000410577755,0.817,0.96590031
506.0,0.183,0.00041792348499999996,0.817,0.96568774
507.0,0.183,0.000425373855,0.817,0.96547461
499.0,0.184,0.00036864129,0.8160000000000001,0.96716395
500.0,0.184,0.00037538144,0.8160000000000001,0.96695475
501.0,0.184,0.000382219905,0.8160000000000001,0.96674499
502.0,0.184,0.00038915772,0.8160000000000001,0.96653466
503.0,0.184,0.00039619593499999996,0.8160000000000001,0.96632377
504.0,0.184,0.000403335595,0.8160000000000001,0.96611232
505.0,0.184,0.000410577755,0.8160000000000001,0.96590031
506.0,0.184,0.00041792348499999996,0.8160000000000001,0.96568774
507.0,0.184,0.000425373855,0.8160000000000001,0.96547461
499.0,0.185,0.00036864129,0.815,0.96716395
500.0,0.185,0.00037538144,0.815,0.96695475
501.0,0.185,0.000382219905,0.815,0.96674499
502.0,0.185,0.00038915772,0.815,0.96653466
503.0,0.185,0.00039619593499999996,0.815,0.96632377
504.0,0.185,0.000403335595,0.815,0.96611232
505.0,0.185,0.000410577755,0.815,0.96590031
506.0,0.185,0.00041792348499999996,0.815,0.96568774
507.0,0.185,0.000425373855,0.815,0.96547461
499.0,0.186,0.00036864129,0.8140000000000001,0.96716395
500.0,0.186,0.00037538144,0.8140000000000001,0.96695475
501.0,0.186,0.000382219905,0.8140000000000001,0.96674499
502.0,0.186,0.00038915772,0.8140000000000001,0.96653466
503.0,0.186,0.00039619593499999996,0.8140000000000001,0.96632377
504.0,0.186,0.000403335595,0.8140000000000001,0.96611232
505.0,0.186,0.000410577755,0.8140000000000001,0.96590031
506.0,0.186,0.00041792348499999996,0.8140000000000001,0.96568774
507.0,0.186,0.000425373855,0.8140000000000001,0.96547461
499.0,0.187,0.00036864129,0.813,0.96716395
500.0,0.187,0.00037538144,0.813,0.96695475
501.0,0.187,0.000382219905,0.813,0.96674499
502.0,0.187,0.00038915772,0.813,0.96653466
503.0,0.187,0.00039619593499999996,0.813,0.96632377
504.0,0.187,0.000403335595,0.813,0.96611232
505.0,0.187,0.000410577755,0.813,0.96590031
506.0,0.187,0.00041792348499999996,0.813,0.96568774
507.0,0.187,0.000425373855,0.813,0.96547461
499.0,0.188,0.00036864129,0.812,0.96716395
500.0,0.188,0.00037538144,0.812,0.96695475
501.0,0.188,0.000382219905,0.812,0.96674499
502.0,0.188,0.00038915772,0.812,0.96653466
503.0,0.188,0.00039619593499999996,0.812,0.96632377
504.0,0.188,0.000403335595,0.812,0.96611232
505.0,0.188,0.000410577755,0.812,0.96590031
506.0,0.188,0.00041792348499999996,0.812,0.96568774
507.0,0.188,0.000425373855,0.812,0.96547461
499.0,0.189,0.00036864129,0.8109999999999999,0.96716395
500.0,0.189,0.00037538144,0.8109999999999999,0.96695475
501.0,0.189,0.000382219905,0.8109999999999999,0.96674499
502.0,0.189,0.00038915772,0.8109999999999999,0.96653466
503.0,0.189,0.00039619593499999996,0.8109999999999999,0.96632377
504.0,0.189,0.000403335595,0.8109999999999999,0.96611232
505.0,0.189,0.000410577755,0.8109999999999999,0.96590031
506.0,0.189,0.00041792348499999996,0.8109999999999999,0.96568774
507.0,0.189,0.000425373855,0.8109999999999999,0.96547461
499.0,0.19,0.00036864129,0.81,0.96716395
500.0,0.19,0.00037538144,0.81,0.96695475
501.0,0.19,0.000382219905,0.81,0.96674499
502.0,0.19,0.00038915772,0.81,0.96653466
503.0,0.19,0.00039619593499999996,0.81,0.96632377
504.0,0.19,0.000403335595,0.81,0.96611232
505.0,0.19,0.000410577755,0.81,0.96590031
506.0,0.19,0.00041792348499999996,0.81,0.96568774
507.0,0.19,0.000425373855,0.81,0.96547461
499.0,0.191,0.00036864129,0.8089999999999999,0.96716395
500.0,0.191,0.00037538144,0.8089999999999999,0.96695475
501.0,0.191,0.000382219905,0.8089999999999999,0.96674499
502.0,0.191,0.00038915772,0.8089999999999999,0.96653466
503.0,0.191,0.00039619593499999996,0.8089999999999999,0.96632377
504.0,0.191,0.000403335595,0.8089999999999999,0.96611232
505.0,0.191,0.000410577755,0.8089999999999999,0.96590031
506.0,0.191,0.00041792348499999996,0.8089999999999999,0.96568774
507.0,0.191,0.000425373855,0.8089999999999999,0.96547461
499.0,0.192,0.00036864129,0.808,0.96716395
500.0,0.192,0.00037538144,0.808,0.96695475
501.0,0.192,0.000382219905,0.808,0.96674499
502.0,0.192,0.00038915772,0.808,0.96653466
503.0,0.192,0.00039619593499999996,0.808,0.96632377
504.0,0.192,0.000403335595,0.808,0.96611232
505.0,0.192,0.000410577755,0.808,0.96590031
506.0,0.192,0.00041792348499999996,0.808,0.96568774
507.0,0.192,0.000425373855,0.808,0.96547461
499.0,0.193,0.00036864129,0.8069999999999999,0.96716395
500.0,0.193,0.00037538144,0.8069999999999999,0.96695475
501.0,0.193,0.000382219905,0.8069999999999999,0.96674499
502.0,0.193,0.00038915772,0.8069999999999999,0.96653466
503.0,0.193,0.00039619593499999996,0.8069999999999999,0.96632377
504.0,0.193,0.000403335595,0.8069999999999999,0.96611232
505.0,0.193,0.000410577755,0.8069999999999999,0.96590031
506.0,0.193,0.00041792348499999996,0.8069999999999999,0.96568774
507.0,0.193,0.000425373855,0.8069999999999999,0.96547461
499.0,0.194,0.00036864129,0.806,0.96716395
500.0,0.194,0.00037538144,0.806,0.96695475
501.0,0.194,0.000382219905,0.806,0.96674499
502.0,0.194,0.00038915772,0.806,0.96653466
503.0,0.194,0.00039619593499999996,0.806,0.96632377
504.0,0.194,0.000403335595,0.806,0.96611232
505.0,0.194,0.000410577755,0.806,0.96590031
506.0,0.194,0.00041792348499999996,0.806,0.96568774
507.0,0.194,0.000425373855,0.806,0.96547461
499.0,0.195,0.00036864129,0.8049999999999999,0.96716395
500.0,0.195,0.00037538144,0.8049999999999999,0.96695475
501.0,0.195,0.000382219905,0.8049999999999999,0.96674499
502.0,0.195,0.00038915772,0.8049999999999999,0.96653466
503.0,0.195,0.00039619593499999996,0.8049999999999999,0.96632377
504.0,0.195,0.000403335595,0.8049999999999999,0.96611232
505.0,0.195,0.000410577755,0.8049999999999999,0.96590031
506.0,0.195,0.00041792348499999996,0.8049999999999999,0.96568774
507.0,0.195,0.000425373855,0.8049999999999999,0.96547461
499.0,0.196,0.00036864129,0.804,0.96716395
500.0,0.196,0.00037538144,0.804,0.96695475
501.0,0.196,0.000382219905,0.804,0.96674499
502.0,0.196,0.00038915772,0.804,0.96653466
503.0,0.196,0.00039619593499999996,0.804,0.96632377
504.0,0.196,0.000403335595,0.804,0.96611232
505.0,0.196,0.000410577755,0.804,0.96590031
506.0,0.196,0.00041792348499999996,0.804,0.96568774
507.0,0.196,0.000425373855,0.804,0.96547461
499.0,0.197,0.00036864129,0.8029999999999999,0.96716395
500.0,0.197,0.00037538144,0.8029999999999999,0.96695475
501.0,0.197,0.000382219905,0.8029999999999999,0.96674499
502.0,0.197,0.00038915772,0.8029999999999999,0.96653466
503.0,0.197,0.00039619593499999996,0.8029999999999999,0.96632377
504.0,0.197,0.000403335595,0.8029999999999999,0.96611232
505.0,0.197,0.000410577755,0.8029999999999999,0.96590031
506.0,0.197,0.00041792348499999996,0.8029999999999999,0.96568774
507.0,0.197,0.000425373855,0.8029999999999999,0.96547461
499.0,0.198,0.00036864129,0.802,0.96716395
500.0,0.198,0.00037538144,0.802,0.96695475
501.0,0.198,0.000382219905,0.802,0.96674499
502.0,0.198,0.00038915772,0.802,0.96653466
503.0,0.198,0.00039619593499999996,0.802,0.96632377
504.0,0.198,0.000403335595,0.802,0.96611232
505.0,0.198,0.000410577755,0.802,0.96590031
506.0,0.198,0.00041792348499999996,0.802,0.96568774
507.0,0.198,0.000425373855,0.802,0.96547461
499.0,0.199,0.00036864129,0.8009999999999999,0.96716395
500.0,0.199,0.00037538144,0.8009999999999999,0.96695475
501.0,0.199,0.000382219905,0.8009999999999999,0.96674499
502.0,0.199,0.00038915772,0.8009999999999999,0.96653466
503.0,0.199,0.00039619593499999996,0.8009999999999999,0.96632377
504.0,0.199,0.000403335595,0.8009999999999999,0.96611232
505.0,0.199,0.000410577755,0.8009999999999999,0.96590031
506.0,0.199,0.00041792348499999996,0.8009999999999999,0.96568774
507.0,0.199,0.000425373855,0.8009999999999999,0.96547461
499.0,0.2,0.00036864129,0.8,0.96716395
500.0,0.2,0.00037538144,0.8,0.96695475
501.0,0.2,0.000382219905,0.8,0.96674499
502.0,0.2,0.00038915772,0.8,0.96653466
503.0,0.2,0.00039619593499999996,0.8,0.96632377
504.0,0.2,0.000403335595,0.8,0.96611232
505.0,0.2,0.000410577755,0.8,0.96590031
506.0,0.2,0.00041792348499999996,0.8,0.96568774
507.0,0.2,0.000425373855,0.8,0.96547461
499.0,0.201,0.00036864129,0.7989999999999999,0.96716395
500.0,0.201,0.00037538144,0.7989999999999999,0.96695475
501.0,0.201,0.000382219905,0.7989999999999999,0.96674499
502.0,0.201,0.00038915772,0.7989999999999999,0.96653466
503.0,0.201,0.00039619593499999996,0.7989999999999999,0.96632377
504.0,0.201,0.000403335595,0.7989999999999999,0.96611232
505.0,0.201,0.000410577755,0.7989999999999999,0.96590031
506.0,0.201,0.00041792348499999996,0.7989999999999999,0.96568774
507.0,0.201,0.000425373855,0.7989999999999999,0.96547461
499.0,0.202,0.00036864129,0.798,0.96716395
500.0,0.202,0.00037538144,0.798,0.96695475
501.0,0.202,0.000382219905,0.798,0.96674499
502.0,0.202,0.00038915772,0.798,0.96653466
503.0,0.202,0.00039619593499999996,0.798,0.96632377
504.0,0.202,0.000403335595,0.798,0.96611232
505.0,0.202,0.000410577755,0.798,0.96590031
506.0,0.202,0.00041792348499999996,0.798,0.96568774
507.0,0.202,0.000425373855,0.798,0.96547461
499.0,0.203,0.00036864129,0.7969999999999999,0.96716395
500.0,0.203,0.00037538144,0.7969999999999999,0.96695475
501.0,0.203,0.000382219905,0.7969999999999999,0.96674499
502.0,0.203,0.00038915772,0.7969999999999999,0.96653466
503.0,0.203,0.00039619593499999996,0.7969999999999999,0.96632377
504.0,0.203,0.000403335595,0.7969999999999999,0.96611232
505.0,0.203,0.000410577755,0.7969999999999999,0.96590031
506.0,0.203,0.00041792348499999996,0.7969999999999999,0.96568774
507.0,0.203,0.000425373855,0.7969999999999999,0.96547461
499.0,0.204,0.00036864129,0.796,0.96716395
500.0,0.204,0.00037538144,0.796,0.96695475
501.0,0.204,0.000382219905,0.796,0.96674499
502.0,0.204,0.00038915772,0.796,0.96653466
503.0,0.204,0.00039619593499999996,0.796,0.96632377
504.0,0.204,0.000403335595,0.796,0.96611232
505.0,0.204,0.000410577755,0.796,0.96590031
506.0,0.204,0.00041792348499999996,0.796,0.96568774
507.0,0.204,0.000425373855,0.796,0.96547461
499.0,0.205,0.00036864129,0.795,0.96716395
500.0,0.205,0.00037538144,0.795,0.96695475
501.0,0.205,0.000382219905,0.795,0.96674499
502.0,0.205,0.00038915772,0.795,0.96653466
503.0,0.205,0.00039619593499999996,0.795,0.96632377
504.0,0.205,0.000403335595,0.795,0.96611232
505.0,0.205,0.000410577755,0.795,0.96590031
506.0,0.205,0.00041792348499999996,0.795,0.96568774
507.0,0.205,0.000425373855,0.795,0.96547461
499.0,0.206,0.00036864129,0.794,0.96716395
500.0,0.206,0.00037538144,0.794,0.96695475
501.0,0.206,0.000382219905,0.794,0.96674499
502.0,0.206,0.00038915772,0.794,0.96653466
503.0,0.206,0.00039619593499999996,0.794,0.96632377
504.0,0.206,0.000403335595,0.794,0.96611232
505.0,0.206,0.000410577755,0.794,0.96590031
506.0,0.206,0.00041792348499999996,0.794,0.96568774
507.0,0.206,0.000425373855,0.794,0.96547461
499.0,0.207,0.00036864129,0.793,0.96716395
500.0,0.207,0.00037538144,0.793,0.96695475
501.0,0.207,0.000382219905,0.793,0.96674499
502.0,0.207,0.00038915772,0.793,0.96653466
503.0,0.207,0.00039619593499999996,0.793,0.96632377
504.0,0.207,0.000403335595,0.793,0.96611232
505.0,0.207,0.000410577755,0.793,0.96590031
506.0,0.207,0.00041792348499999996,0.793,0.96568774
507.0,0.207,0.000425373855,0.793,0.96547461
499.0,0.208,0.00036864129,0.792,0.96716395
500.0,0.208,0.00037538144,0.792,0.96695475
501.0,0.208,0.000382219905,0.792,0.96674499
502.0,0.208,0.00038915772,0.792,0.96653466
503.0,0.208,0.00039619593499999996,0.792,0.96632377
504.0,0.208,0.000403335595,0.792,0.96611232
505.0,0.208,0.000410577755,0.792,0.96590031
506.0,0.208,0.00041792348499999996,0.792,0.96568774
507.0,0.208,0.000425373855,0.792,0.96547461
499.0,0.209,0.00036864129,0.791,0.96716395
500.0,0.209,0.00037538144,0.791,0.96695475
501.0,0.209,0.000382219905,0.791,0.96674499
502.0,0.209,0.00038915772,0.791,0.96653466
503.0,0.209,0.00039619593499999996,0.791,0.96632377
504.0,0.209,0.000403335595,0.791,0.96611232
505.0,0.209,0.000410577755,0.791,0.96590031
506.0,0.209,0.00041792348499999996,0.791,0.96568774
507.0,0.209,0.000425373855,0.791,0.96547461
499.0,0.21,0.00036864129,0.79,0.96716395
500.0,0.21,0.00037538144,0.79,0.96695475
501.0,0.21,0.000382219905,0.79,0.96674499
502.0,0.21,0.00038915772,0.79,0.96653466
503.0,0.21,0.00039619593499999996,0.79,0.96632377
504.0,0.21,0.000403335595,0.79,0.96611232
505.0,0.21,0.000410577755,0.79,0.96590031
506.0,0.21,0.00041792348499999996,0.79,0.96568774
507.0,0.21,0.000425373855,0.79,0.96547461
499.0,0.211,0.00036864129,0.789,0.96716395
500.0,0.211,0.00037538144,0.789,0.96695475
501.0,0.211,0.000382219905,0.789,0.96674499
502.0,0.211,0.00038915772,0.789,0.96653466
503.0,0.211,0.00039619593499999996,0.789,0.96632377
504.0,0.211,0.000403335595,0.789,0.96611232
505.0,0.211,0.000410577755,0.789,0.96590031
506.0,0.211,0.00041792348499999996,0.789,0.96568774
507.0,0.211,0.000425373855,0.789,0.96547461
499.0,0.212,0.00036864129,0.788,0.96716395
500.0,0.212,0.00037538144,0.788,0.96695475
501.0,0.212,0.000382219905,0.788,0.96674499
502.0,0.212,0.00038915772,0.788,0.96653466
503.0,0.212,0.00039619593499999996,0.788,0.96632377
504.0,0.212,0.000403335595,0.788,0.96611232
505.0,0.212,0.000410577755,0.788,0.96590031
506.0,0.212,0.00041792348499999996,0.788,0.96568774
507.0,0.212,0.000425373855,0.788,0.96547461
499.0,0.213,0.00036864129,0.787,0.96716395
500.0,0.213,0.00037538144,0.787,0.96695475
501.0,0.213,0.000382219905,0.787,0.96674499
502.0,0.213,0.00038915772,0.787,0.96653466
503.0,0.213,0.00039619593499999996,0.787,0.96632377
504.0,0.213,0.000403335595,0.787,0.96611232
505.0,0.213,0.000410577755,0.787,0.96590031
506.0,0.213,0.00041792348499999996,0.787,0.96568774
507.0,0.213,0.000425373855,0.787,0.96547461
499.0,0.214,0.00036864129,0.786,0.96716395
500.0,0.214,0.00037538144,0.786,0.96695475
501.0,0.214,0.000382219905,0.786,0.96674499
502.0,0.214,0.00038915772,0.786,0.96653466
503.0,0.214,0.00039619593499999996,0.786,0.96632377
504.0,0.214,0.000403335595,0.786,0.96611232
505.0,0.214,0.000410577755,0.786,0.96590031
506.0,0.214,0.00041792348499999996,0.786,0.96568774
507.0,0.214,0.000425373855,0.786,0.96547461
499.0,0.215,0.00036864129,0.785,0.96716395
500.0,0.215,0.00037538144,0.785,0.96695475
501.0,0.215,0.000382219905,0.785,0.96674499
502.0,0.215,0.00038915772,0.785,0.96653466
503.0,0.215,0.00039619593499999996,0.785,0.96632377
504.0,0.215,0.000403335595,0.785,0.96611232
505.0,0.215,0.000410577755,0.785,0.96590031
506.0,0.215,0.00041792348499999996,0.785,0.96568774
507.0,0.215,0.000425373855,0.785,0.96547461
499.0,0.216,0.00036864129,0.784,0.96716395
500.0,0.216,0.00037538144,0.784,0.96695475
501.0,0.216,0.000382219905,0.784,0.96674499
502.0,0.216,0.00038915772,0.784,0.96653466
503.0,0.216,0.00039619593499999996,0.784,0.96632377
504.0,0.216,0.000403335595,0.784,0.96611232
505.0,0.216,0.000410577755,0.784,0.96590031
506.0,0.216,0.00041792348499999996,0.784,0.96568774
507.0,0.216,0.000425373855,0.784,0.96547461
499.0,0.217,0.00036864129,0.783,0.96716395
500.0,0.217,0.00037538144,0.783,0.96695475
501.0,0.217,0.000382219905,0.783,0.96674499
502.0,0.217,0.00038915772,0.783,0.96653466
503.0,0.217,0.00039619593499999996,0.783,0.96632377
504.0,0.217,0.000403335595,0.783,0.96611232
505.0,0.217,0.000410577755,0.783,0.96590031
506.0,0.217,0.00041792348499999996,0.783,0.96568774
507.0,0.217,0.000425373855,0.783,0.96547461
499.0,0.218,0.00036864129,0.782,0.96716395
500.0,0.218,0.00037538144,0.782,0.96695475
501.0,0.218,0.000382219905,0.782,0.96674499
502.0,0.218,0.00038915772,0.782,0.96653466
503.0,0.218,0.00039619593499999996,0.782,0.96632377
504.0,0.218,0.000403335595,0.782,0.96611232
505.0,0.218,0.000410577755,0.782,0.96590031
506.0,0.218,0.00041792348499999996,0.782,0.96568774
507.0,0.218,0.000425373855,0.782,0.96547461
499.0,0.219,0.00036864129,0.781,0.96716395
500.0,0.219,0.00037538144,0.781,0.96695475
501.0,0.219,0.000382219905,0.781,0.96674499
502.0,0.219,0.00038915772,0.781,0.96653466
503.0,0.219,0.00039619593499999996,0.781,0.96632377
504.0,0.219,0.000403335595,0.781,0.96611232
505.0,0.219,0.000410577755,0.781,0.96590031
506.0,0.219,0.00041792348499999996,0.781,0.96568774
507.0,0.219,0.000425373855,0.781,0.96547461
499.0,0.22,0.00036864129,0.78,0.96716395
500.0,0.22,0.00037538144,0.78,0.96695475
501.0,0.22,0.000382219905,0.78,0.96674499
502.0,0.22,0.00038915772,0.78,0.96653466
503.0,0.22,0.00039619593499999996,0.78,0.96632377
504.0,0.22,0.000403335595,0.78,0.96611232
505.0,0.22,0.000410577755,0.78,0.96590031
506.0,0.22,0.00041792348499999996,0.78,0.96568774
507.0,0.22,0.000425373855,0.78,0.96547461
499.0,0.221,0.00036864129,0.779,0.96716395
500.0,0.221,0.00037538144,0.779,0.96695475
501.0,0.221,0.000382219905,0.779,0.96674499
502.0,0.221,0.00038915772,0.779,0.96653466
503.0,0.221,0.00039619593499999996,0.779,0.96632377
504.0,0.221,0.000403335595,0.779,0.96611232
505.0,0.221,0.000410577755,0.779,0.96590031
506.0,0.221,0.00041792348499999996,0.779,0.96568774
507.0,0.221,0.000425373855,0.779,0.96547461
499.0,0.222,0.00036864129,0.778,0.96716395
500.0,0.222,0.00037538144,0.778,0.96695475
501.0,0.222,0.000382219905,0.778,0.96674499
502.0,0.222,0.00038915772,0.778,0.96653466
503.0,0.222,0.00039619593499999996,0.778,0.96632377
504.0,0.222,0.000403335595,0.778,0.96611232
505.0,0.222,0.000410577755,0.778,0.96590031
506.0,0.222,0.00041792348499999996,0.778,0.96568774
507.0,0.222,0.000425373855,0.778,0.96547461
499.0,0.223,0.00036864129,0.777,0.96716395
500.0,0.223,0.00037538144,0.777,0.96695475
501.0,0.223,0.000382219905,0.777,0.96674499
502.0,0.223,0.00038915772,0.777,0.96653466
503.0,0.223,0.00039619593499999996,0.777,0.96632377
504.0,0.223,0.000403335595,0.777,0.96611232
505.0,0.223,0.000410577755,0.777,0.96590031
506.0,0.223,0.00041792348499999996,0.777,0.96568774
507.0,0.223,0.000425373855,0.777,0.96547461
499.0,0.224,0.00036864129,0.776,0.96716395
500.0,0.224,0.00037538144,0.776,0.96695475
501.0,0.224,0.000382219905,0.776,0.96674499
502.0,0.224,0.00038915772,0.776,0.96653466
503.0,0.224,0.00039619593499999996,0.776,0.96632377
504.0,0.224,0.000403335595,0.776,0.96611232
505.0,0.224,0.000410577755,0.776,0.96590031
506.0,0.224,0.00041792348499999996,0.776,0.96568774
507.0,0.224,0.000425373855,0.776,0.96547461
499.0,0.225,0.00036864129,0.775,0.96716395
500.0,0.225,0.00037538144,0.775,0.96695475
501.0,0.225,0.000382219905,0.775,0.96674499
502.0,0.225,0.00038915772,0.775,0.96653466
503.0,0.225,0.00039619593499999996,0.775,0.96632377
504.0,0.225,0.000403335595,0.775,0.96611232
505.0,0.225,0.000410577755,0.775,0.96590031
506.0,0.225,0.00041792348499999996,0.775,0.96568774
507.0,0.225,0.000425373855,0.775,0.96547461
499.0,0.226,0.00036864129,0.774,0.96716395
500.0,0.226,0.00037538144,0.774,0.96695475
501.0,0.226,0.000382219905,0.774,0.96674499
502.0,0.226,0.00038915772,0.774,0.96653466
503.0,0.226,0.00039619593499999996,0.774,0.96632377
504.0,0.226,0.000403335595,0.774,0.96611232
505.0,0.226,0.000410577755,0.774,0.96590031
506.0,0.226,0.00041792348499999996,0.774,0.96568774
507.0,0.226,0.000425373855,0.774,0.96547461
499.0,0.227,0.00036864129,0.773,0.96716395
500.0,0.227,0.00037538144,0.773,0.96695475
501.0,0.227,0.000382219905,0.773,0.96674499
502.0,0.227,0.00038915772,0.773,0.96653466
503.0,0.227,0.00039619593499999996,0.773,0.96632377
504.0,0.227,0.000403335595,0.773,0.96611232
505.0,0.227,0.000410577755,0.773,0.96590031
506.0,0.227,0.00041792348499999996,0.773,0.96568774
507.0,0.227,0.000425373855,0.773,0.96547461
499.0,0.228,0.00036864129,0.772,0.96716395
500.0,0.228,0.00037538144,0.772,0.96695475
501.0,0.228,0.000382219905,0.772,0.96674499
502.0,0.228,0.00038915772,0.772,0.96653466
503.0,0.228,0.00039619593499999996,0.772,0.96632377
504.0,0.228,0.000403335595,0.772,0.96611232
505.0,0.228,0.000410577755,0.772,0.96590031
506.0,0.228,0.00041792348499999996,0.772,0.96568774
507.0,0.228,0.000425373855,0.772,0.96547461
499.0,0.229,0.00036864129,0.771,0.96716395
500.0,0.229,0.00037538144,0.771,0.96695475
501.0,0.229,0.000382219905,0.771,0.96674499
502.0,0.229,0.00038915772,0.771,0.96653466
503.0,0.229,0.00039619593499999996,0.771,0.96632377
504.0,0.229,0.000403335595,0.771,0.96611232
505.0,0.229,0.000410577755,0.771,0.96590031
506.0,0.229,0.00041792348499999996,0.771,0.96568774
507.0,0.229,0.000425373855,0.771,0.96547461
499.0,0.23,0.00036864129,0.77,0.96716395
500.0,0.23,0.00037538144,0.77,0.96695475
501.0,0.23,0.000382219905,0.77,0.96674499
502.0,0.23,0.00038915772,0.77,0.96653466
503.0,0.23,0.00039619593499999996,0.77,0.96632377
504.0,0.23,0.000403335595,0.77,0.96611232
505.0,0.23,0.000410577755,0.77,0.96590031
506.0,0.23,0.00041792348499999996,0.77,0.96568774
507.0,0.23,0.000425373855,0.77,0.96547461
499.0,0.231,0.00036864129,0.769,0.96716395
500.0,0.231,0.00037538144,0.769,0.96695475
501.0,0.231,0.000382219905,0.769,0.96674499
502.0,0.231,0.00038915772,0.769,0.96653466
503.0,0.231,0.00039619593499999996,0.769,0.96632377
504.0,0.231,0.000403335595,0.769,0.96611232
505.0,0.231,0.000410577755,0.769,0.96590031
506.0,0.231,0.00041792348499999996,0.769,0.96568774
507.0,0.231,0.000425373855,0.769,0.96547461
499.0,0.232,0.00036864129,0.768,0.96716395
500.0,0.232,0.00037538144,0.768,0.96695475
501.0,0.232,0.000382219905,0.768,0.96674499
502.0,0.232,0.00038915772,0.768,0.96653466
503.0,0.232,0.00039619593499999996,0.768,0.96632377
504.0,0.232,0.000403335595,0.768,0.96611232
505.0,0.232,0.000410577755,0.768,0.96590031
506.0,0.232,0.00041792348499999996,0.768,0.96568774
507.0,0.232,0.000425373855,0.768,0.96547461
499.0,0.233,0.00036864129,0.767,0.96716395
500.0,0.233,0.00037538144,0.767,0.96695475
501.0,0.233,0.000382219905,0.767,0.96674499
502.0,0.233,0.00038915772,0.767,0.96653466
503.0,0.233,0.00039619593499999996,0.767,0.96632377
504.0,0.233,0.000403335595,0.767,0.96611232
505.0,0.233,0.000410577755,0.767,0.96590031
506.0,0.233,0.00041792348499999996,0.767,0.96568774
507.0,0.233,0.000425373855,0.767,0.96547461
499.0,0.234,0.00036864129,0.766,0.96716395
500.0,0.234,0.00037538144,0.766,0.96695475
501.0,0.234,0.000382219905,0.766,0.96674499
502.0,0.234,0.00038915772,0.766,0.96653466
503.0,0.234,0.00039619593499999996,0.766,0.96632377
504.0,0.234,0.000403335595,0.766,0.96611232
505.0,0.234,0.000410577755,0.766,0.96590031
506.0,0.234,0.00041792348499999996,0.766,0.96568774
507.0,0.234,0.000425373855,0.766,0.96547461
499.0,0.235,0.00036864129,0.765,0.96716395
500.0,0.235,0.00037538144,0.765,0.96695475
501.0,0.235,0.000382219905,0.765,0.96674499
502.0,0.235,0.00038915772,0.765,0.96653466
503.0,0.235,0.00039619593499999996,0.765,0.96632377
504.0,0.235,0.000403335595,0.765,0.96611232
505.0,0.235,0.000410577755,0.765,0.96590031
506.0,0.235,0.00041792348499999996,0.765,0.96568774
507.0,0.235,0.000425373855,0.765,0.96547461
499.0,0.236,0.00036864129,0.764,0.96716395
500.0,0.236,0.00037538144,0.764,0.96695475
501.0,0.236,0.000382219905,0.764,0.96674499
502.0,0.236,0.00038915772,0.764,0.96653466
503.0,0.236,0.00039619593499999996,0.764,0.96632377
504.0,0.236,0.000403335595,0.764,0.96611232
505.0,0.236,0.000410577755,0.764,0.96590031
506.0,0.236,0.00041792348499999996,0.764,0.96568774
507.0,0.236,0.000425373855,0.764,0.96547461
499.0,0.237,0.00036864129,0.763,0.96716395
500.0,0.237,0.00037538144,0.763,0.96695475
501.0,0.237,0.000382219905,0.763,0.96674499
502.0,0.237,0.00038915772,0.763,0.96653466
503.0,0.237,0.00039619593499999996,0.763,0.96632377
504.0,0.237,0.000403335595,0.763,0.96611232
505.0,0.237,0.000410577755,0.763,0.96590031
506.0,0.237,0.00041792348499999996,0.763,0.96568774
507.0,0.237,0.000425373855,0.763,0.96547461
499.0,0.238,0.00036864129,0.762,0.96716395
500.0,0.238,0.00037538144,0.762,0.96695475
501.0,0.238,0.000382219905,0.762,0.96674499
502.0,0.238,0.00038915772,0.762,0.96653466
503.0,0.238,0.00039619593499999996,0.762,0.96632377
504.0,0.238,0.000403335595,0.762,0.96611232
505.0,0.238,0.000410577755,0.762,0.96590031
506.0,0.238,0.00041792348499999996,0.762,0.96568774
507.0,0.238,0.000425373855,0.762,0.96547461
499.0,0.239,0.00036864129,0.761,0.96716395
500.0,0.239,0.00037538144,0.761,0.96695475
501.0,0.239,0.000382219905,0.761,0.96674499
502.0,0.239,0.00038915772,0.761,0.96653466
503.0,0.239,0.00039619593499999996,0.761,0.96632377
504.0,0.239,0.000403335595,0.761,0.96611232
505.0,0.239,0.000410577755,0.761,0.96590031
506.0,0.239,0.00041792348499999996,0.761,0.96568774
507.0,0.239,0.000425373855,0.761,0.96547461
499.0,0.24,0.00036864129,0.76,0.96716395
500.0,0.24,0.00037538144,0.76,0.96695475
501.0,0.24,0.000382219905,0.76,0.96674499
502.0,0.24,0.00038915772,0.76,0.96653466
503.0,0.24,0.00039619593499999996,0.76,0.96632377
504.0,0.24,0.000403335595,0.76,0.96611232
505.0,0.24,0.000410577755,0.76,0.96590031
506.0,0.24,0.00041792348499999996,0.76,0.96568774
507.0,0.24,0.000425373855,0.76,0.96547461
499.0,0.241,0.00036864129,0.759,0.96716395
500.0,0.241,0.00037538144,0.759,0.96695475
501.0,0.241,0.000382219905,0.759,0.96674499
502.0,0.241,0.00038915772,0.759,0.96653466
503.0,0.241,0.00039619593499999996,0.759,0.96632377
504.0,0.241,0.000403335595,0.759,0.96611232
505.0,0.241,0.000410577755,0.759,0.96590031
506.0,0.241,0.00041792348499999996,0.759,0.96568774
507.0,0.241,0.000425373855,0.759,0.96547461
499.0,0.242,0.00036864129,0.758,0.96716395
500.0,0.242,0.00037538144,0.758,0.96695475
501.0,0.242,0.000382219905,0.758,0.96674499
502.0,0.242,0.00038915772,0.758,0.96653466
503.0,0.242,0.00039619593499999996,0.758,0.96632377
504.0,0.242,0.000403335595,0.758,0.96611232
505.0,0.242,0.000410577755,0.758,0.96590031
506.0,0.242,0.00041792348499999996,0.758,0.96568774
507.0,0.242,0.000425373855,0.758,0.96547461
499.0,0.243,0.00036864129,0.757,0.96716395
500.0,0.243,0.00037538144,0.757,0.96695475
501.0,0.243,0.000382219905,0.757,0.96674499
502.0,0.243,0.00038915772,0.757,0.96653466
503.0,0.243,0.00039619593499999996,0.757,0.96632377
504.0,0.243,0.000403335595,0.757,0.96611232
505.0,0.243,0.000410577755,0.757,0.96590031
506.0,0.243,0.00041792348499999996,0.757,0.96568774
507.0,0.243,0.000425373855,0.757,0.96547461
499.0,0.244,0.00036864129,0.756,0.96716395
500.0,0.244,0.00037538144,0.756,0.96695475
501.0,0.244,0.000382219905,0.756,0.96674499
502.0,0.244,0.00038915772,0.756,0.96653466
503.0,0.244,0.00039619593499999996,0.756,0.96632377
504.0,0.244,0.000403335595,0.756,0.96611232
505.0,0.244,0.000410577755,0.756,0.96590031
506.0,0.244,0.00041792348499999996,0.756,0.96568774
507.0,0.244,0.000425373855,0.756,0.96547461
499.0,0.245,0.00036864129,0.755,0.96716395
500.0,0.245,0.00037538144,0.755,0.96695475
501.0,0.245,0.000382219905,0.755,0.96674499
502.0,0.245,0.00038915772,0.755,0.96653466
503.0,0.245,0.00039619593499999996,0.755,0.96632377
504.0,0.245,0.000403335595,0.755,0.96611232
505.0,0.245,0.000410577755,0.755,0.96590031
506.0,0.245,0.00041792348499999996,0.755,0.96568774
507.0,0.245,0.000425373855,0.755,0.96547461
499.0,0.246,0.00036864129,0.754,0.96716395
500.0,0.246,0.00037538144,0.754,0.96695475
501.0,0.246,0.000382219905,0.754,0.96674499
502.0,0.246,0.00038915772,0.754,0.96653466
503.0,0.246,0.00039619593499999996,0.754,0.96632377
504.0,0.246,0.000403335595,0.754,0.96611232
505.0,0.246,0.000410577755,0.754,0.96590031
506.0,0.246,0.00041792348499999996,0.754,0.96568774
507.0,0.246,0.000425373855,0.754,0.96547461
499.0,0.247,0.00036864129,0.753,0.96716395
500.0,0.247,0.00037538144,0.753,0.96695475
501.0,0.247,0.000382219905,0.753,0.96674499
502.0,0.247,0.00038915772,0.753,0.96653466
503.0,0.247,0.00039619593499999996,0.753,0.96632377
504.0,0.247,0.000403335595,0.753,0.96611232
505.0,0.247,0.000410577755,0.753,0.96590031
506.0,0.247,0.00041792348499999996,0.753,0.96568774
507.0,0.247,0.000425373855,0.753,0.96547461
499.0,0.248,0.00036864129,0.752,0.96716395
500.0,0.248,0.00037538144,0.752,0.96695475
501.0,0.248,0.000382219905,0.752,0.96674499
502.0,0.248,0.00038915772,0.752,0.96653466
503.0,0.248,0.00039619593499999996,0.752,0.96632377
504.0,0.248,0.000403335595,0.752,0.96611232
505.0,0.248,0.000410577755,0.752,0.96590031
506.0,0.248,0.00041792348499999996,0.752,0.96568774
507.0,0.248,0.000425373855,0.752,0.96547461
499.0,0.249,0.00036864129,0.751,0.96716395
500.0,0.249,0.00037538144,0.751,0.96695475
501.0,0.249,0.000382219905,0.751,0.96674499
502.0,0.249,0.00038915772,0.751,0.96653466
503.0,0.249,0.00039619593499999996,0.751,0.96632377
504.0,0.249,0.000403335595,0.751,0.96611232
505.0,0.249,0.000410577755,0.751,0.96590031
506.0,0.249,0.00041792348499999996,0.751,0.96568774
507.0,0.249,0.000425373855,0.751,0.96547461
499.0,0.25,0.1180206295,0.75,0.19964577
500.0,0.25,0.11775100299999999,0.75,0.20050718
501.0,0.25,0.1174844175,0.75,0.20136885
502.0,0.25,0.11722084149999999,0.75,0.20223076
503.0,0.25,0.11696024399999999,0.75,0.20309292
504.0,0.25,0.116702594,0.75,0.20395531
505.0,0.25,0.1164478655,0.75,0.20481793
506.0,0.25,0.11619602650000001,0.75,0.20568076
507.0,0.25,0.115947046,0.75,0.2065438
499.0,0.251,0.42527472,0.749,0.092217123
500.0,0.251,0.426771845,0.749,0.0926471
501.0,0.251,0.42826934,0.749,0.093077356
502.0,0.251,0.429767175,0.749,0.093507885
503.0,0.251,0.43126536,0.749,0.093938685
504.0,0.251,0.432763875,0.749,0.09436975
505.0,0.251,0.43426269500000003,0.749,0.094801077
506.0,0.251,0.435761825,0.749,0.095232661
507.0,0.251,0.43726125,0.749,0.095664497
499.0,0.252,0.42527472,0.748,0.092217123
500.0,0.252,0.426771845,0.748,0.0926471
501.0,0.252,0.42826934,0.748,0.093077356
502.0,0.252,0.429767175,0.748,0.093507885
503.0,0.252,0.43126536,0.748,0.093938685
504.0,0.252,0.432763875,0.748,0.09436975
505.0,0.252,0.43426269500000003,0.748,0.094801077
506.0,0.252,0.435761825,0.748,0.095232661
507.0,0.252,0.43726125,0.748,0.095664497
499.0,0.253,0.42527472,0.747,0.092217123
500.0,0.253,0.426771845,0.747,0.0926471
501.0,0.253,0.42826934,0.747,0.093077356
502.0,0.253,0.429767175,0.747,0.093507885
503.0,0.253,0.43126536,0.747,0.093938685
504.0,0.253,0.432763875,0.747,0.09436975
505.0,0.253,0.43426269500000003,0.747,0.094801077
506.0,0.253,0.435761825,0.747,0.095232661
507.0,0.253,0.43726125,0.747,0.095664497
499.0,0.254,0.42527472,0.746,0.092217123
500.0,0.254,0.426771845,0.746,0.0926471
501.0,0.254,0.42826934,0.746,0.093077356
502.0,0.254,0.429767175,0.746,0.093507885
503.0,0.254,0.43126536,0.746,0.093938685
504.0,0.254,0.432763875,0.746,0.09436975
505.0,0.254,0.43426269500000003,0.746,0.094801077
506.0,0.254,0.435761825,0.746,0.095232661
507.0,0.254,0.43726125,0.746,0.095664497
499.0,0.255,0.42527472,0.745,0.092217123
500.0,0.255,0.426771845,0.745,0.0926471
501.0,0.255,0.42826934,0.745,0.093077356
502.0,0.255,0.429767175,0.745,0.093507885
503.0,0.255,0.43126536,0.745,0.093938685
504.0,0.255,0.432763875,0.745,0.09436975
505.0,0.255,0.43426269500000003,0.745,0.094801077
506.0,0.255,0.435761825,0.745,0.095232661
507.0,0.255,0.43726125,0.745,0.095664497
499.0,0.256,0.42527472,0.744,0.092217123
500.0,0.256,0.426771845,0.744,0.0926471
501.0,0.256,0.42826934,0.744,0.093077356
502.0,0.256,0.429767175,0.744,0.093507885
503.0,0.256,0.43126536,0.744,0.093938685
504.0,0.256,0.432763875,0.744,0.09436975
505.0,0.256,0.43426269500000003,0.744,0.094801077
506.0,0.256,0.435761825,0.744,0.095232661
507.0,0.256,0.43726125,0.744,0.095664497
499.0,0.257,0.42527472,0.743,0.092217123
500.0,0.257,0.426771845,0.743,0.0926471
501.0,0.257,0.42826934,0.743,0.093077356
502.0,0.257,0.429767175,0.743,0.093507885
503.0,0.257,0.43126536,0.743,0.093938685
504.0,0.257,0.432763875,0.743,0.09436975
505.0,0.257,0.43426269500000003,0.743,0.094801077
506.0,0.257,0.435761825,0.743,0.095232661
507.0,0.257,0.43726125,0.743,0.095664497
499.0,0.258,0.42527472,0.742,0.092217123
500.0,0.258,0.426771845,0.742,0.0926471
501.0,0.258,0.42826934,0.742,0.093077356
502.0,0.258,0.429767175,0.742,0.093507885
503.0,0.258,0.43126536,0.742,0.093938685
504.0,0.258,0.432763875,0.742,0.09436975
505.0,0.258,0.43426269500000003,0.742,0.094801077
506.0,0.258,0.435761825,0.742,0.095232661
507.0,0.258,0.43726125,0.742,0.095664497
499.0,0.259,0.42527472,0.741,0.092217123
500.0,0.259,0.426771845,0.741,0.0926471
501.0,0.259,0.42826934,0.741,0.093077356
502.0,0.259,0.429767175,0.741,0.093507885
503.0,0.259,0.43126536,0.741,0.093938685
504.0,0.259,0.432763875,0.741,0.09436975
505.0,0.259,0.43426269500000003,0.741,0.094801077
506.0,0.259,0.435761825,0.741,0.095232661
507.0,0.259,0.43726125,0.741,0.095664497
499.0,0.26,0.42527472,0.74,0.092217123
500.0,0.26,0.426771845,0.74,0.0926471
501.0,0.26,0.42826934,0.74,0.093077356
502.0,0.26,0.429767175,0.74,0.093507885
503.0,0.26,0.43126536,0.74,0.093938685
504.0,0.26,0.432763875,0.74,0.09436975
505.0,0.26,0.43426269500000003,0.74,0.094801077
506.0,0.26,0.435761825,0.74,0.095232661
507.0,0.26,0.43726125,0.74,0.095664497
499.0,0.261,0.42527472,0.739,0.092217123
500.0,0.261,0.426771845,0.739,0.0926471
501.0,0.261,0.42826934,0.739,0.093077356
502.0,0.261,0.429767175,0.739,0.093507885
503.0,0.261,0.43126536,0.739,0.093938685
504.0,0.261,0.432763875,0.739,0.09436975
505.0,0.261,0.43426269500000003,0.739,0.094801077
506.0,0.261,0.435761825,0.739,0.095232661
507.0,0.261,0.43726125,0.739,0.095664497
499.0,0.262,0.42527472,0.738,0.092217123
500.0,0.262,0.426771845,0.738,0.0926471
501.0,0.262,0.42826934,0.738,0.093077356
502.0,0.262,0.429767175,0.738,0.093507885
503.0,0.262,0.43126536,0.738,0.093938685
504.0,0.262,0.432763875,0.738,0.09436975
505.0,0.262,0.43426269500000003,0.738,0.094801077
506.0,0.262,0.435761825,0.738,0.095232661
507.0,0.262,0.43726125,0.738,0.095664497
499.0,0.263,0.42527472,0.737,0.092217123
500.0,0.263,0.426771845,0.737,0.0926471
501.0,0.263,0.42826934,0.737,0.093077356
502.0,0.263,0.429767175,0.737,0.093507885
503.0,0.263,0.43126536,0.737,0.093938685
504.0,0.263,0.432763875,0.737,0.09436975
505.0,0.263,0.43426269500000003,0.737,0.094801077
506.0,0.263,0.435761825,0.737,0.095232661
507.0,0.263,0.43726125,0.737,0.095664497
499.0,0.264,0.42527472,0.736,0.092217123
500.0,0.264,0.426771845,0.736,0.0926471
501.0,0.264,0.42826934,0.736,0.093077356
502.0,0.264,0.429767175,0.736,0.093507885
503.0,0.264,0.43126536,0.736,0.093938685
504.0,0.264,0.432763875,0.736,0.09436975
505.0,0.264,0.43426269500000003,0.736,0.094801077
506.0,0.264,0.435761825,0.736,0.095232661
507.0,0.264,0.43726125,0.736,0.095664497
499.0,0.265,0.42527472,0.735,0.092217123
500.0,0.265,0.426771845,0.735,0.0926471
501.0,0.265,0.42826934,0.735,0.093077356
502.0,0.265,0.429767175,0.735,0.093507885
503.0,0.265,0.43126536,0.735,0.093938685
504.0,0.265,0.432763875,0.735,0.09436975
505.0,0.265,0.43426269500000003,0.735,0.094801077
506.0,0.265,0.435761825,0.735,0.095232661
507.0,0.265,0.43726125,0.735,0.095664497
499.0,0.266,0.42527472,0.734,0.092217123
500.0,0.266,0.426771845,0.734,0.0926471
501.0,0.266,0.42826934,0.734,0.093077356
502.0,0.266,0.429767175,0.734,0.093507885
503.0,0.266,0.43126536,0.734,0.093938685
504.0,0.266,0.432763875,0.734,0.09436975
505.0,0.266,0.43426269500000003,0.734,0.094801077
506.0,0.266,0.435761825,0.734,0.095232661
507.0,0.266,0.43726125,0.734,0.095664497
499.0,0.267,0.42527472,0.733,0.092217123
500.0,0.267,0.426771845,0.733,0.0926471
501.0,0.267,0.42826934,0.733,0.093077356
502.0,0.267,0.429767175,0.733,0.093507885
503.0,0.267,0.43126536,0.733,0.093938685
504.0,0.267,0.432763875,0.733,0.09436975
505.0,0.267,0.43426269500000003,0.733,0.094801077
506.0,0.267,0.435761825,0.733,0.095232661
507.0,0.267,0.43726125,0.733,0.095664497
499.0,0.268,0.42527472,0.732,0.092217123
500.0,0.268,0.426771845,0.732,0.0926471
501.0,0.268,0.42826934,0.732,0.093077356
502.0,0.268,0.429767175,0.732,0.093507885
503.0,0.268,0.43126536,0.732,0.093938685
504.0,0.268,0.432763875,0.732,0.09436975
505.0,0.268,0.43426269500000003,0.732,0.094801077
506.0,0.268,0.435761825,0.732,0.095232661
507.0,0.268,0.43726125,0.732,0.095664497
499.0,0.269,0.42527472,0.731,0.092217123
500.0,0.269,0.426771845,0.731,0.0926471
501.0,0.269,0.42826934,0.731,0.093077356
502.0,0.269,0.429767175,0.731,0.093507885
503.0,0.269,0.43126536,0.731,0.093938685
504.0,0.269,0.432763875,0.731,0.09436975
505.0,0.269,0.43426269500000003,0.731,0.094801077
506.0,0.269,0.435761825,0.731,0.095232661
507.0,0.269,0.43726125,0.731,0.095664497
499.0,0.27,0.42527472,0.73,0.092217123
500.0,0.27,0.426771845,0.73,0.0926471
501.0,0.27,0.42826934,0.73,0.093077356
502.0,0.27,0.429767175,0.73,0.093507885
503.0,0.27,0.43126536,0.73,0.093938685
504.0,0.27,0.432763875,0.73,0.09436975
505.0,0.27,0.43426269500000003,0.73,0.094801077
506.0,0.27,0.435761825,0.73,0.095232661
507.0,0.27,0.43726125,0.73,0.095664497
499.0,0.271,0.42527472,0.729,0.092217123
500.0,0.271,0.426771845,0.729,0.0926471
501.0,0.271,0.42826934,0.729,0.093077356
502.0,0.271,0.429767175,0.729,0.093507885
503.0,0.271,0.43126536,0.729,0.093938685
504.0,0.271,0.432763875,0.729,0.09436975
505.0,0.271,0.43426269500000003,0.729,0.094801077
506.0,0.271,0.435761825,0.729,0.095232661
507.0,0.271,0.43726125,0.729,0.095664497
499.0,0.272,0.42527472,0.728,0.092217123
500.0,0.272,0.426771845,0.728,0.0926471
501.0,0.272,0.42826934,0.728,0.093077356
502.0,0.272,0.429767175,0.728,0.093507885
503.0,0.272,0.43126536,0.728,0.093938685
504.0,0.272,0.432763875,0.728,0.09436975
505.0,0.272,0.43426269500000003,0.728,0.094801077
506.0,0.272,0.435761825,0.728,0.095232661
507.0,0.272,0.43726125,0.728,0.095664497
499.0,0.273,0.42527472,0.727,0.092217123
500.0,0.273,0.426771845,0.727,0.0926471
501.0,0.273,0.42826934,0.727,0.093077356
502.0,0.273,0.429767175,0.727,0.093507885
503.0,0.273,0.43126536,0.727,0.093938685
504.0,0.273,0.432763875,0.727,0.09436975
505.0,0.273,0.43426269500000003,0.727,0.094801077
506.0,0.273,0.435761825,0.727,0.095232661
507.0,0.273,0.43726125,0.727,0.095664497
499.0,0.274,0.42527472,0.726,0.092217123
500.0,0.274,0.426771845,0.726,0.0926471
501.0,0.274,0.42826934,0.726,0.093077356
502.0,0.274,0.429767175,0.726,0.093507885
503.0,0.274,0.43126536,0.726,0.093938685
504.0,0.274,0.432763875,0.726,0.09436975
505.0,0.274,0.43426269500000003,0.726,0.094801077
506.0,0.274,0.435761825,0.726,0.095232661
507.0,0.274,0.43726125,0.726,0.095664497
499.0,0.275,0.42527472,0.725,0.092217123
500.0,0.275,0.426771845,0.725,0.0926471
501.0,0.275,0.42826934,0.725,0.093077356
502.0,0.275,0.429767175,0.725,0.093507885
503.0,0.275,0.43126536,0.725,0.093938685
504.0,0.275,0.432763875,0.725,0.09436975
505.0,0.275,0.43426269500000003,0.725,0.094801077
506.0,0.275,0.435761825,0.725,0.095232661
507.0,0.275,0.43726125,0.725,0.095664497
499.0,0.276,0.42527472,0.724,0.092217123
500.0,0.276,0.426771845,0.724,0.0926471
501.0,0.276,0.42826934,0.724,0.093077356
502.0,0.276,0.429767175,0.724,0.093507885
503.0,0.276,0.43126536,0.724,0.093938685
504.0,0.276,0.432763875,0.724,0.09436975
505.0,0.276,0.43426269500000003,0.724,0.094801077
506.0,0.276,0.435761825,0.724,0.095232661
507.0,0.276,0.43726125,0.724,0.095664497
499.0,0.277,0.42527472,0.723,0.092217123
500.0,0.277,0.426771845,0.723,0.0926471
501.0,0.277,0.42826934,0.723,0.093077356
502.0,0.277,0.429767175,0.723,0.093507885
503.0,0.277,0.43126536,0.723,0.093938685
504.0,0.277,0.432763875,0.723,0.09436975
505.0,0.277,0.43426269500000003,0.723,0.094801077
506.0,0.277,0.435761825,0.723,0.095232661
507.0,0.277,0.43726125,0.723,0.095664497
499.0,0.278,0.42527472,0.722,0.092217123
500.0,0.278,0.426771845,0.722,0.0926471
501.0,0.278,0.42826934,0.722,0.093077356
502.0,0.278,0.429767175,0.722,0.093507885
503.0,0.278,0.43126536,0.722,0.093938685
504.0,0.278,0.432763875,0.722,0.09436975
505.0,0.278,0.43426269500000003,0.722,0.094801077
506.0,0.278,0.435761825,0.722,0.095232661
507.0,0.278,0.43726125,0.722,0.095664497
499.0,0.279,0.42527472,0.721,0.092217123
500.0,0.279,0.426771845,0.721,0.0926471
501.0,0.279,0.42826934,0.721,0.093077356
502.0,0.279,0.429767175,0.721,0.093507885
503.0,0.279,0.43126536,0.721,0.093938685
504.0,0.279,0.432763875,0.721,0.09436975
505.0,0.279,0.43426269500000003,0.721,0.094801077
506.0,0.279,0.435761825,0.721,0.095232661
507.0,0.279,0.43726125,0.721,0.095664497
499.0,0.28,0.42527472,0.72,0.092217123
500.0,0.28,0.426771845,0.72,0.0926471
501.0,0.28,0.42826934,0.72,0.093077356
502.0,0.28,0.429767175,0.72,0.093507885
503.0,0.28,0.43126536,0.72,0.093938685
504.0,0.28,0.432763875,0.72,0.09436975
505.0,0.28,0.43426269500000003,0.72,0.094801077
506.0,0.28,0.435761825,0.72,0.095232661
507.0,0.28,0.43726125,0.72,0.095664497
499.0,0.281,0.42527472,0.719,0.092217123
500.0,0.281,0.426771845,0.719,0.0926471
501.0,0.281,0.42826934,0.719,0.093077356
502.0,0.281,0.429767175,0.719,0.093507885
503.0,0.281,0.43126536,0.719,0.093938685
504.0,0.281,0.432763875,0.719,0.09436975
505.0,0.281,0.43426269500000003,0.719,0.094801077
506.0,0.281,0.435761825,0.719,0.095232661
507.0,0.281,0.43726125,0.719,0.095664497
499.0,0.282,0.42527472,0.718,0.092217123
500.0,0.282,0.426771845,0.718,0.0926471
501.0,0.282,0.42826934,0.718,0.093077356
502.0,0.282,0.429767175,0.718,0.093507885
503.0,0.282,0.43126536,0.718,0.093938685
504.0,0.282,0.432763875,0.718,0.09436975
505.0,0.282,0.43426269500000003,0.718,0.094801077
506.0,0.282,0.435761825,0.718,0.095232661
507.0,0.282,0.43726125,0.718,0.095664497
499.0,0.283,0.42527472,0.7170000000000001,0.092217123
500.0,0.283,0.426771845,0.7170000000000001,0.0926471
501.0,0.283,0.42826934,0.7170000000000001,0.093077356
502.0,0.283,0.429767175,0.7170000000000001,0.093507885
503.0,0.283,0.43126536,0.7170000000000001,0.093938685
504.0,0.283,0.432763875,0.7170000000000001,0.09436975
505.0,0.283,0.43426269500000003,0.7170000000000001,0.094801077
506.0,0.283,0.435761825,0.7170000000000001,0.095232661
507.0,0.283,0.43726125,0.7170000000000001,0.095664497
499.0,0.284,0.42527472,0.716,0.092217123
500.0,0.284,0.426771845,0.716,0.0926471
501.0,0.284,0.42826934,0.716,0.093077356
502.0,0.284,0.429767175,0.716,0.093507885
503.0,0.284,0.43126536,0.716,0.093938685
504.0,0.284,0.432763875,0.716,0.09436975
505.0,0.284,0.43426269500000003,0.716,0.094801077
506.0,0.284,0.435761825,0.716,0.095232661
507.0,0.284,0.43726125,0.716,0.095664497
499.0,0.285,0.42527472,0.7150000000000001,0.092217123
500.0,0.285,0.426771845,0.7150000000000001,0.0926471
501.0,0.285,0.42826934,0.7150000000000001,0.093077356
502.0,0.285,0.429767175,0.7150000000000001,0.093507885
503.0,0.285,0.43126536,0.7150000000000001,0.093938685
504.0,0.285,0.432763875,0.7150000000000001,0.09436975
505.0,0.285,0.43426269500000003,0.7150000000000001,0.094801077
506.0,0.285,0.435761825,0.7150000000000001,0.095232661
507.0,0.285,0.43726125,0.7150000000000001,0.095664497
499.0,0.286,0.42527472,0.714,0.092217123
500.0,0.286,0.426771845,0.714,0.0926471
501.0,0.286,0.42826934,0.714,0.093077356
502.0,0.286,0.429767175,0.714,0.093507885
503.0,0.286,0.43126536,0.714,0.093938685
504.0,0.286,0.432763875,0.714,0.09436975
505.0,0.286,0.43426269500000003,0.714,0.094801077
506.0,0.286,0.435761825,0.714,0.095232661
507.0,0.286,0.43726125,0.714,0.095664497
499.0,0.287,0.42527472,0.7130000000000001,0.092217123
500.0,0.287,0.426771845,0.7130000000000001,0.0926471
501.0,0.287,0.42826934,0.7130000000000001,0.093077356
502.0,0.287,0.429767175,0.7130000000000001,0.093507885
503.0,0.287,0.43126536,0.7130000000000001,0.093938685
504.0,0.287,0.432763875,0.7130000000000001,0.09436975
505.0,0.287,0.43426269500000003,0.7130000000000001,0.094801077
506.0,0.287,0.435761825,0.7130000000000001,0.095232661
507.0,0.287,0.43726125,0.7130000000000001,0.095664497
499.0,0.288,0.42527472,0.712,0.092217123
500.0,0.288,0.426771845,0.712,0.0926471
501.0,0.288,0.42826934,0.712,0.093077356
502.0,0.288,0.429767175,0.712,0.093507885
503.0,0.288,0.43126536,0.712,0.093938685
504.0,0.288,0.432763875,0.712,0.09436975
505.0,0.288,0.43426269500000003,0.712,0.094801077
506.0,0.288,0.435761825,0.712,0.095232661
507.0,0.288,0.43726125,0.712,0.095664497
499.0,0.289,0.42527472,0.7110000000000001,0.092217123
500.0,0.289,0.426771845,0.7110000000000001,0.0926471
501.0,0.289,0.42826934,0.7110000000000001,0.093077356
502.0,0.289,0.429767175,0.7110000000000001,0.093507885
503.0,0.289,0.43126536,0.7110000000000001,0.093938685
504.0,0.289,0.432763875,0.7110000000000001,0.09436975
505.0,0.289,0.43426269500000003,0.7110000000000001,0.094801077
506.0,0.289,0.435761825,0.7110000000000001,0.095232661
507.0,0.289,0.43726125,0.7110000000000001,0.095664497
499.0,0.29,0.42527472,0.71,0.092217123
500.0,0.29,0.426771845,0.71,0.0926471
501.0,0.29,0.42826934,0.71,0.093077356
502.0,0.29,0.429767175,0.71,0.093507885
503.0,0.29,0.43126536,0.71,0.093938685
504.0,0.29,0.432763875,0.71,0.09436975
505.0,0.29,0.43426269500000003,0.71,0.094801077
506.0,0.29,0.435761825,0.71,0.095232661
507.0,0.29,0.43726125,0.71,0.095664497
499.0,0.291,0.42527472,0.7090000000000001,0.092217123
500.0,0.291,0.426771845,0.7090000000000001,0.0926471
501.0,0.291,0.42826934,0.7090000000000001,0.093077356
502.0,0.291,0.429767175,0.7090000000000001,0.093507885
503.0,0.291,0.43126536,0.7090000000000001,0.093938685
504.0,0.291,0.432763875,0.7090000000000001,0.09436975
505.0,0.291,0.43426269500000003,0.7090000000000001,0.094801077
506.0,0.291,0.435761825,0.7090000000000001,0.095232661
507.0,0.291,0.43726125,0.7090000000000001,0.095664497
499.0,0.292,0.42527472,0.708,0.092217123
500.0,0.292,0.426771845,0.708,0.0926471
501.0,0.292,0.42826934,0.708,0.093077356
502.0,0.292,0.429767175,0.708,0.093507885
503.0,0.292,0.43126536,0.708,0.093938685
504.0,0.292,0.432763875,0.708,0.09436975
505.0,0.292,0.43426269500000003,0.708,0.094801077
506.0,0.292,0.435761825,0.708,0.095232661
507.0,0.292,0.43726125,0.708,0.095664497
499.0,0.293,0.42527472,0.7070000000000001,0.092217123
500.0,0.293,0.426771845,0.7070000000000001,0.0926471
501.0,0.293,0.42826934,0.7070000000000001,0.093077356
502.0,0.293,0.429767175,0.7070000000000001,0.093507885
503.0,0.293,0.43126536,0.7070000000000001,0.093938685
504.0,0.293,0.432763875,0.7070000000000001,0.09436975
505.0,0.293,0.43426269500000003,0.7070000000000001,0.094801077
506.0,0.293,0.435761825,0.7070000000000001,0.095232661
507.0,0.293,0.43726125,0.7070000000000001,0.095664497
499.0,0.294,0.42527472,0.706,0.092217123
500.0,0.294,0.426771845,0.706,0.0926471
501.0,0.294,0.42826934,0.706,0.093077356
502.0,0.294,0.429767175,0.706,0.093507885
503.0,0.294,0.43126536,0.706,0.093938685
504.0,0.294,0.432763875,0.706,0.09436975
505.0,0.294,0.43426269500000003,0.706,0.094801077
506.0,0.294,0.435761825,0.706,0.095232661
507.0,0.294,0.43726125,0.706,0.095664497
499.0,0.295,0.42527472,0.7050000000000001,0.092217123
500.0,0.295,0.426771845,0.7050000000000001,0.0926471
501.0,0.295,0.42826934,0.7050000000000001,0.093077356
502.0,0.295,0.429767175,0.7050000000000001,0.093507885
503.0,0.295,0.43126536,0.7050000000000001,0.093938685
504.0,0.295,0.432763875,0.7050000000000001,0.09436975
505.0,0.295,0.43426269500000003,0.7050000000000001,0.094801077
506.0,0.295,0.435761825,0.7050000000000001,0.095232661
507.0,0.295,0.43726125,0.7050000000000001,0.095664497
499.0,0.296,0.42527472,0.704,0.092217123
500.0,0.296,0.426771845,0.704,0.0926471
501.0,0.296,0.42826934,0.704,0.093077356
502.0,0.296,0.429767175,0.704,0.093507885
503.0,0.296,0.43126536,0.704,0.093938685
504.0,0.296,0.432763875,0.704,0.09436975
505.0,0.296,0.43426269500000003,0.704,0.094801077
506.0,0.296,0.435761825,0.704,0.095232661
507.0,0.296,0.43726125,0.704,0.095664497
499.0,0.297,0.42527472,0.7030000000000001,0.092217123
500.0,0.297,0.426771845,0.7030000000000001,0.0926471
501.0,0.297,0.42826934,0.7030000000000001,0.093077356
502.0,0.297,0.429767175,0.7030000000000001,0.093507885
503.0,0.297,0.43126536,0.7030000000000001,0.093938685
504.0,0.297,0.432763875,0.7030000000000001,0.09436975
505.0,0.297,0.43426269500000003,0.7030000000000001,0.094801077
506.0,0.297,0.435761825,0.7030000000000001,0.095232661
507.0,0.297,0.43726125,0.7030000000000001,0.095664497
499.0,0.298,0.42527472,0.702,0.092217123
500.0,0.298,0.426771845,0.702,0.0926471
501.0,0.298,0.42826934,0.702,0.093077356
502.0,0.298,0.429767175,0.702,0.093507885
503.0,0.298,0.43126536,0.702,0.093938685
504.0,0.298,0.432763875,0.702,0.09436975
505.0,0.298,0.43426269500000003,0.702,0.094801077
506.0,0.298,0.435761825,0.702,0.095232661
507.0,0.298,0.43726125,0.702,0.095664497
499.0,0.299,0.42527472,0.7010000000000001,0.092217123
500.0,0.299,0.426771845,0.7010000000000001,0.0926471
501.0,0.299,0.42826934,0.7010000000000001,0.093077356
502.0,0.299,0.429767175,0.7010000000000001,0.093507885
503.0,0.299,0.43126536,0.7010000000000001,0.093938685
504.0,0.299,0.432763875,0.7010000000000001,0.09436975
505.0,0.299,0.43426269500000003,0.7010000000000001,0.094801077
506.0,0.299,0.435761825,0.7010000000000001,0.095232661
507.0,0.299,0.43726125,0.7010000000000001,0.095664497
499.0,0.3,0.42527472,0.7,0.092217123
500.0,0.3,0.426771845,0.7,0.0926471
501.0,0.3,0.42826934,0.7,0.093077356
502.0,0.3,0.429767175,0.7,0.093507885
503.0,0.3,0.43126536,0.7,0.093938685
504.0,0.3,0.432763875,0.7,0.09436975
505.0,0.3,0.43426269500000003,0.7,0.094801077
506.0,0.3,0.435761825,0.7,0.095232661
507.0,0.3,0.43726125,0.7,0.095664497
499.0,0.301,0.42527472,0.6990000000000001,0.092217123
500.0,0.301,0.426771845,0.6990000000000001,0.0926471
501.0,0.301,0.42826934,0.6990000000000001,0.093077356
502.0,0.301,0.429767175,0.6990000000000001,0.093507885
503.0,0.301,0.43126536,0.6990000000000001,0.093938685
504.0,0.301,0.432763875,0.6990000000000001,0.09436975
505.0,0.301,0.43426269500000003,0.6990000000000001,0.094801077
506.0,0.301,0.435761825,0.6990000000000001,0.095232661
507.0,0.301,0.43726125,0.6990000000000001,0.095664497
499.0,0.302,0.42527472,0.698,0.092217123
500.0,0.302,0.426771845,0.698,0.0926471
501.0,0.302,0.42826934,0.698,0.093077356
502.0,0.302,0.429767175,0.698,0.093507885
503.0,0.302,0.43126536,0.698,0.093938685
504.0,0.302,0.432763875,0.698,0.09436975
505.0,0.302,0.43426269500000003,0.698,0.094801077
506.0,0.302,0.435761825,0.698,0.095232661
507.0,0.302,0.43726125,0.698,0.095664497
499.0,0.303,0.42527472,0.6970000000000001,0.092217123
500.0,0.303,0.426771845,0.6970000000000001,0.0926471
501.0,0.303,0.42826934,0.6970000000000001,0.093077356
502.0,0.303,0.429767175,0.6970000000000001,0.093507885
503.0,0.303,0.43126536,0.6970000000000001,0.093938685
504.0,0.303,0.432763875,0.6970000000000001,0.09436975
505.0,0.303,0.43426269500000003,0.6970000000000001,0.094801077
506.0,0.303,0.435761825,0.6970000000000001,0.095232661
507.0,0.303,0.43726125,0.6970000000000001,0.095664497
499.0,0.304,0.42527472,0.696,0.092217123
500.0,0.304,0.426771845,0.696,0.0926471
501.0,0.304,0.42826934,0.696,0.093077356
502.0,0.304,0.429767175,0.696,0.093507885
503.0,0.304,0.43126536,0.696,0.093938685
504.0,0.304,0.432763875,0.696,0.09436975
505.0,0.304,0.43426269500000003,0.696,0.094801077
506.0,0.304,0.435761825,0.696,0.095232661
507.0,0.304,0.43726125,0.696,0.095664497
499.0,0.305,0.42527472,0.6950000000000001,0.092217123
500.0,0.305,0.426771845,0.6950000000000001,0.0926471
501.0,0.305,0.42826934,0.6950000000000001,0.093077356
502.0,0.305,0.429767175,0.6950000000000001,0.093507885
503.0,0.305,0.43126536,0.6950000000000001,0.093938685
504.0,0.305,0.432763875,0.6950000000000001,0.09436975
505.0,0.305,0.43426269500000003,0.6950000000000001,0.094801077
506.0,0.305,0.435761825,0.6950000000000001,0.095232661
507.0,0.305,0.43726125,0.6950000000000001,0.095664497
499.0,0.306,0.42527472,0.694,0.092217123
500.0,0.306,0.426771845,0.694,0.0926471
501.0,0.306,0.42826934,0.694,0.093077356
502.0,0.306,0.429767175,0.694,0.093507885
503.0,0.306,0.43126536,0.694,0.093938685
504.0,0.306,0.432763875,0.694,0.09436975
505.0,0.306,0.43426269500000003,0.694,0.094801077
506.0,0.306,0.435761825,0.694,0.095232661
507.0,0.306,0.43726125,0.694,0.095664497
499.0,0.307,0.42527472,0.6930000000000001,0.092217123
500.0,0.307,0.426771845,0.6930000000000001,0.0926471
501.0,0.307,0.42826934,0.6930000000000001,0.093077356
502.0,0.307,0.429767175,0.6930000000000001,0.093507885
503.0,0.307,0.43126536,0.6930000000000001,0.093938685
504.0,0.307,0.432763875,0.6930000000000001,0.09436975
505.0,0.307,0.43426269500000003,0.6930000000000001,0.094801077
506.0,0.307,0.435761825,0.6930000000000001,0.095232661
507.0,0.307,0.43726125,0.6930000000000001,0.095664497
499.0,0.308,0.42527472,0.692,0.092217123
500.0,0.308,0.426771845,0.692,0.0926471
501.0,0.308,0.42826934,0.692,0.093077356
502.0,0.308,0.429767175,0.692,0.093507885
503.0,0.308,0.43126536,0.692,0.093938685
504.0,0.308,0.432763875,0.692,0.09436975
505.0,0.308,0.43426269500000003,0.692,0.094801077
506.0,0.308,0.435761825,0.692,0.095232661
507.0,0.308,0.43726125,0.692,0.095664497
499.0,0.309,0.42527472,0.6910000000000001,0.092217123
500.0,0.309,0.426771845,0.6910000000000001,0.0926471
501.0,0.309,0.42826934,0.6910000000000001,0.093077356
502.0,0.309,0.429767175,0.6910000000000001,0.093507885
503.0,0.309,0.43126536,0.6910000000000001,0.093938685
504.0,0.309,0.432763875,0.6910000000000001,0.09436975
505.0,0.309,0.43426269500000003,0.6910000000000001,0.094801077
506.0,0.309,0.435761825,0.6910000000000001,0.095232661
507.0,0.309,0.43726125,0.6910000000000001,0.095664497
499.0,0.31,0.42527472,0.69,0.092217123
500.0,0.31,0.426771845,0.69,0.0926471
501.0,0.31,0.42826934,0.69,0.093077356
502.0,0.31,0.429767175,0.69,0.093507885
503.0,0.31,0.43126536,0.69,0.093938685
504.0,0.31,0.432763875,0.69,0.09436975
505.0,0.31,0.43426269500000003,0.69,0.094801077
506.0,0.31,0.435761825,0.69,0.095232661
507.0,0.31,0.43726125,0.69,0.095664497
499.0,0.311,0.42527472,0.6890000000000001,0.092217123
500.0,0.311,0.426771845,0.6890000000000001,0.0926471
501.0,0.311,0.42826934,0.6890000000000001,0.093077356
502.0,0.311,0.429767175,0.6890000000000001,0.093507885
503.0,0.311,0.43126536,0.6890000000000001,0.093938685
504.0,0.311,0.432763875,0.6890000000000001,0.09436975
505.0,0.311,0.43426269500000003,0.6890000000000001,0.094801077
506.0,0.311,0.435761825,0.6890000000000001,0.095232661
507.0,0.311,0.43726125,0.6890000000000001,0.095664497
499.0,0.312,0.42527472,0.688,0.092217123
500.0,0.312,0.426771845,0.688,0.0926471
501.0,0.312,0.42826934,0.688,0.093077356
502.0,0.312,0.429767175,0.688,0.093507885
503.0,0.312,0.43126536,0.688,0.093938685
504.0,0.312,0.432763875,0.688,0.09436975
505.0,0.312,0.43426269500000003,0.688,0.094801077
506.0,0.312,0.435761825,0.688,0.095232661
507.0,0.312,0.43726125,0.688,0.095664497
499.0,0.313,0.42527472,0.687,0.092217123
500.0,0.313,0.426771845,0.687,0.0926471
501.0,0.313,0.42826934,0.687,0.093077356
502.0,0.313,0.429767175,0.687,0.093507885
503.0,0.313,0.43126536,0.687,0.093938685
504.0,0.313,0.432763875,0.687,0.09436975
505.0,0.313,0.43426269500000003,0.687,0.094801077
506.0,0.313,0.435761825,0.687,0.095232661
507.0,0.313,0.43726125,0.687,0.095664497
499.0,0.314,0.42527472,0.6859999999999999,0.092217123
500.0,0.314,0.426771845,0.6859999999999999,0.0926471
501.0,0.314,0.42826934,0.6859999999999999,0.093077356
502.0,0.314,0.429767175,0.6859999999999999,0.093507885
503.0,0.314,0.43126536,0.6859999999999999,0.093938685
504.0,0.314,0.432763875,0.6859999999999999,0.09436975
505.0,0.314,0.43426269500000003,0.6859999999999999,0.094801077
506.0,0.314,0.435761825,0.6859999999999999,0.095232661
507.0,0.314,0.43726125,0.6859999999999999,0.095664497
499.0,0.315,0.42527472,0.685,0.092217123
500.0,0.315,0.426771845,0.685,0.0926471
501.0,0.315,0.42826934,0.685,0.093077356
502.0,0.315,0.429767175,0.685,0.093507885
503.0,0.315,0.43126536,0.685,0.093938685
504.0,0.315,0.432763875,0.685,0.09436975
505.0,0.315,0.43426269500000003,0.685,0.094801077
506.0,0.315,0.435761825,0.685,0.095232661
507.0,0.315,0.43726125,0.685,0.095664497
499.0,0.316,0.42527472,0.6839999999999999,0.092217123
500.0,0.316,0.426771845,0.6839999999999999,0.0926471
501.0,0.316,0.42826934,0.6839999999999999,0.093077356
502.0,0.316,0.429767175,0.6839999999999999,0.093507885
503.0,0.316,0.43126536,0.6839999999999999,0.093938685
504.0,0.316,0.432763875,0.6839999999999999,0.09436975
505.0,0.316,0.43426269500000003,0.6839999999999999,0.094801077
506.0,0.316,0.435761825,0.6839999999999999,0.095232661
507.0,0.316,0.43726125,0.6839999999999999,0.095664497
499.0,0.317,0.42527472,0.683,0.092217123
500.0,0.317,0.426771845,0.683,0.0926471
501.0,0.317,0.42826934,0.683,0.093077356
502.0,0.317,0.429767175,0.683,0.093507885
503.0,0.317,0.43126536,0.683,0.093938685
504.0,0.317,0.432763875,0.683,0.09436975
505.0,0.317,0.43426269500000003,0.683,0.094801077
506.0,0.317,0.435761825,0.683,0.095232661
507.0,0.317,0.43726125,0.683,0.095664497
499.0,0.318,0.42527472,0.6819999999999999,0.092217123
500.0,0.318,0.426771845,0.6819999999999999,0.0926471
501.0,0.318,0.42826934,0.6819999999999999,0.093077356
502.0,0.318,0.429767175,0.6819999999999999,0.093507885
503.0,0.318,0.43126536,0.6819999999999999,0.093938685
504.0,0.318,0.432763875,0.6819999999999999,0.09436975
505.0,0.318,0.43426269500000003,0.6819999999999999,0.094801077
506.0,0.318,0.435761825,0.6819999999999999,0.095232661
507.0,0.318,0.43726125,0.6819999999999999,0.095664497
499.0,0.319,0.42527472,0.681,0.092217123
500.0,0.319,0.426771845,0.681,0.0926471
501.0,0.319,0.42826934,0.681,0.093077356
502.0,0.319,0.429767175,0.681,0.093507885
503.0,0.319,0.43126536,0.681,0.093938685
504.0,0.319,0.432763875,0.681,0.09436975
505.0,0.319,0.43426269500000003,0.681,0.094801077
506.0,0.319,0.435761825,0.681,0.095232661
507.0,0.319,0.43726125,0.681,0.095664497
499.0,0.32,0.42527472,0.6799999999999999,0.092217123
500.0,0.32,0.426771845,0.6799999999999999,0.0926471
501.0,0.32,0.42826934,0.6799999999999999,0.093077356
502.0,0.32,0.429767175,0.6799999999999999,0.093507885
503.0,0.32,0.43126536,0.6799999999999999,0.093938685
504.0,0.32,0.432763875,0.6799999999999999,0.09436975
505.0,0.32,0.43426269500000003,0.6799999999999999,0.094801077
506.0,0.32,0.435761825,0.6799999999999999,0.095232661
507.0,0.32,0.43726125,0.6799999999999999,0.095664497
499.0,0.321,0.42527472,0.679,0.092217123
500.0,0.321,0.426771845,0.679,0.0926471
501.0,0.321,0.42826934,0.679,0.093077356
502.0,0.321,0.429767175,0.679,0.093507885
503.0,0.321,0.43126536,0.679,0.093938685
504.0,0.321,0.432763875,0.679,0.09436975
505.0,0.321,0.43426269500000003,0.679,0.094801077
506.0,0.321,0.435761825,0.679,0.095232661
507.0,0.321,0.43726125,0.679,0.095664497
499.0,0.322,0.42527472,0.6779999999999999,0.092217123
500.0,0.322,0.426771845,0.6779999999999999,0.0926471
501.0,0.322,0.42826934,0.6779999999999999,0.093077356
502.0,0.322,0.429767175,0.6779999999999999,0.093507885
503.0,0.322,0.43126536,0.6779999999999999,0.093938685
504.0,0.322,0.432763875,0.6779999999999999,0.09436975
505.0,0.322,0.43426269500000003,0.6779999999999999,0.094801077
506.0,0.322,0.435761825,0.6779999999999999,0.095232661
507.0,0.322,0.43726125,0.6779999999999999,0.095664497
499.0,0.323,0.42527472,0.677,0.092217123
500.0,0.323,0.426771845,0.677,0.0926471
501.0,0.323,0.42826934,0.677,0.093077356
502.0,0.323,0.429767175,0.677,0.093507885
503.0,0.323,0.43126536,0.677,0.093938685
504.0,0.323,0.432763875,0.677,0.09436975
505.0,0.323,0.43426269500000003,0.677,0.094801077
506.0,0.323,0.435761825,0.677,0.095232661
507.0,0.323,0.43726125,0.677,0.095664497
499.0,0.324,0.42527472,0.6759999999999999,0.092217123
500.0,0.324,0.426771845,0.6759999999999999,0.0926471
501.0,0.324,0.42826934,0.6759999999999999,0.093077356
502.0,0.324,0.429767175,0.6759999999999999,0.093507885
503.0,0.324,0.43126536,0.6759999999999999,0.093938685
504.0,0.324,0.432763875,0.6759999999999999,0.09436975
505.0,0.324,0.43426269500000003,0.6759999999999999,0.094801077
506.0,0.324,0.435761825,0.6759999999999999,0.095232661
507.0,0.324,0.43726125,0.6759999999999999,0.095664497
499.0,0.325,0.42527472,0.675,0.092217123
500.0,0.325,0.426771845,0.675,0.0926471
501.0,0.325,0.42826934,0.675,0.093077356
502.0,0.325,0.429767175,0.675,0.093507885
503.0,0.325,0.43126536,0.675,0.093938685
504.0,0.325,0.432763875,0.675,0.09436975
505.0,0.325,0.43426269500000003,0.675,0.094801077
506.0,0.325,0.435761825,0.675,0.095232661
507.0,0.325,0.43726125,0.675,0.095664497
499.0,0.326,0.42527472,0.6739999999999999,0.092217123
500.0,0.326,0.426771845,0.6739999999999999,0.0926471
501.0,0.326,0.42826934,0.6739999999999999,0.093077356
502.0,0.326,0.429767175,0.6739999999999999,0.093507885
503.0,0.326,0.43126536,0.6739999999999999,0.093938685
504.0,0.326,0.432763875,0.6739999999999999,0.09436975
505.0,0.326,0.43426269500000003,0.6739999999999999,0.094801077
506.0,0.326,0.435761825,0.6739999999999999,0.095232661
507.0,0.326,0.43726125,0.6739999999999999,0.095664497
499.0,0.327,0.42527472,0.673,0.092217123
500.0,0.327,0.426771845,0.673,0.0926471
501.0,0.327,0.42826934,0.673,0.093077356
502.0,0.327,0.429767175,0.673,0.093507885
503.0,0.327,0.43126536,0.673,0.093938685
504.0,0.327,0.432763875,0.673,0.09436975
505.0,0.327,0.43426269500000003,0.673,0.094801077
506.0,0.327,0.435761825,0.673,0.095232661
507.0,0.327,0.43726125,0.673,0.095664497
499.0,0.328,0.42527472,0.6719999999999999,0.092217123
500.0,0.328,0.426771845,0.6719999999999999,0.0926471
501.0,0.328,0.42826934,0.6719999999999999,0.093077356
502.0,0.328,0.429767175,0.6719999999999999,0.093507885
503.0,0.328,0.43126536,0.6719999999999999,0.093938685
504.0,0.328,0.432763875,0.6719999999999999,0.09436975
505.0,0.328,0.43426269500000003,0.6719999999999999,0.094801077
506.0,0.328,0.435761825,0.6719999999999999,0.095232661
507.0,0.328,0.43726125,0.6719999999999999,0.095664497
499.0,0.329,0.42527472,0.671,0.092217123
500.0,0.329,0.426771845,0.671,0.0926471
501.0,0.329,0.42826934,0.671,0.093077356
502.0,0.329,0.429767175,0.671,0.093507885
503.0,0.329,0.43126536,0.671,0.093938685
504.0,0.329,0.432763875,0.671,0.09436975
505.0,0.329,0.43426269500000003,0.671,0.094801077
506.0,0.329,0.435761825,0.671,0.095232661
507.0,0.329,0.43726125,0.671,0.095664497
499.0,0.33,0.42527472,0.6699999999999999,0.092217123
500.0,0.33,0.426771845,0.6699999999999999,0.0926471
501.0,0.33,0.42826934,0.6699999999999999,0.093077356
502.0,0.33,0.429767175,0.6699999999999999,0.093507885
503.0,0.33,0.43126536,0.6699999999999999,0.093938685
504.0,0.33,0.432763875,0.6699999999999999,0.09436975
505.0,0.33,0.43426269500000003,0.6699999999999999,0.094801077
506.0,0.33,0.435761825,0.6699999999999999,0.095232661
507.0,0.33,0.43726125,0.6699999999999999,0.095664497
499.0,0.331,0.42527472,0.669,0.092217123
500.0,0.331,0.426771845,0.669,0.0926471
501.0,0.331,0.42826934,0.669,0.093077356
502.0,0.331,0.429767175,0.669,0.093507885
503.0,0.331,0.43126536,0.669,0.093938685
504.0,0.331,0.432763875,0.669,0.09436975
505.0,0.331,0.43426269500000003,0.669,0.094801077
506.0,0.331,0.435761825,0.669,0.095232661
507.0,0.331,0.43726125,0.669,0.095664497
499.0,0.332,0.42527472,0.6679999999999999,0.092217123
500.0,0.332,0.426771845,0.6679999999999999,0.0926471
501.0,0.332,0.42826934,0.6679999999999999,0.093077356
502.0,0.332,0.429767175,0.6679999999999999,0.093507885
503.0,0.332,0.43126536,0.6679999999999999,0.093938685
504.0,0.332,0.432763875,0.6679999999999999,0.09436975
505.0,0.332,0.43426269500000003,0.6679999999999999,0.094801077
506.0,0.332,0.435761825,0.6679999999999999,0.095232661
507.0,0.332,0.43726125,0.6679999999999999,0.095664497
499.0,0.333,0.42527472,0.667,0.092217123
500.0,0.333,0.426771845,0.667,0.0926471
501.0,0.333,0.42826934,0.667,0.093077356
502.0,0.333,0.429767175,0.667,0.093507885
503.0,0.333,0.43126536,0.667,0.093938685
504.0,0.333,0.432763875,0.667,0.09436975
505.0,0.333,0.43426269500000003,0.667,0.094801077
506.0,0.333,0.435761825,0.667,0.095232661
507.0,0.333,0.43726125,0.667,0.095664497
499.0,0.334,0.42527472,0.6659999999999999,0.092217123
500.0,0.334,0.426771845,0.6659999999999999,0.0926471
501.0,0.334,0.42826934,0.6659999999999999,0.093077356
502.0,0.334,0.429767175,0.6659999999999999,0.093507885
503.0,0.334,0.43126536,0.6659999999999999,0.093938685
504.0,0.334,0.432763875,0.6659999999999999,0.09436975
505.0,0.334,0.43426269500000003,0.6659999999999999,0.094801077
506.0,0.334,0.435761825,0.6659999999999999,0.095232661
507.0,0.334,0.43726125,0.6659999999999999,0.095664497
499.0,0.335,0.42527472,0.665,0.092217123
500.0,0.335,0.426771845,0.665,0.0926471
501.0,0.335,0.42826934,0.665,0.093077356
502.0,0.335,0.429767175,0.665,0.093507885
503.0,0.335,0.43126536,0.665,0.093938685
504.0,0.335,0.432763875,0.665,0.09436975
505.0,0.335,0.43426269500000003,0.665,0.094801077
506.0,0.335,0.435761825,0.665,0.095232661
507.0,0.335,0.43726125,0.665,0.095664497
499.0,0.336,0.42527472,0.6639999999999999,0.092217123
500.0,0.336,0.426771845,0.6639999999999999,0.0926471
501.0,0.336,0.42826934,0.6639999999999999,0.093077356
502.0,0.336,0.429767175,0.6639999999999999,0.093507885
503.0,0.336,0.43126536,0.6639999999999999,0.093938685
504.0,0.336,0.432763875,0.6639999999999999,0.09436975
505.0,0.336,0.43426269500000003,0.6639999999999999,0.094801077
506.0,0.336,0.435761825,0.6639999999999999,0.095232661
507.0,0.336,0.43726125,0.6639999999999999,0.095664497
499.0,0.337,0.42527472,0.663,0.092217123
500.0,0.337,0.426771845,0.663,0.0926471
501.0,0.337,0.42826934,0.663,0.093077356
502.0,0.337,0.429767175,0.663,0.093507885
503.0,0.337,0.43126536,0.663,0.093938685
504.0,0.337,0.432763875,0.663,0.09436975
505.0,0.337,0.43426269500000003,0.663,0.094801077
506.0,0.337,0.435761825,0.663,0.095232661
507.0,0.337,0.43726125,0.663,0.095664497
499.0,0.338,0.42527472,0.6619999999999999,0.092217123
500.0,0.338,0.426771845,0.6619999999999999,0.0926471
501.0,0.338,0.42826934,0.6619999999999999,0.093077356
502.0,0.338,0.429767175,0.6619999999999999,0.093507885
503.0,0.338,0.43126536,0.6619999999999999,0.093938685
504.0,0.338,0.432763875,0.6619999999999999,0.09436975
505.0,0.338,0.43426269500000003,0.6619999999999999,0.094801077
506.0,0.338,0.435761825,0.6619999999999999,0.095232661
507.0,0.338,0.43726125,0.6619999999999999,0.095664497
499.0,0.339,0.42527472,0.661,0.092217123
500.0,0.339,0.426771845,0.661,0.0926471
501.0,0.339,0.42826934,0.661,0.093077356
502.0,0.339,0.429767175,0.661,0.093507885
503.0,0.339,0.43126536,0.661,0.093938685
504.0,0.339,0.432763875,0.661,0.09436975
505.0,0.339,0.43426269500000003,0.661,0.094801077
506.0,0.339,0.435761825,0.661,0.095232661
507.0,0.339,0.43726125,0.661,0.095664497
499.0,0.34,0.42527472,0.6599999999999999,0.092217123
500.0,0.34,0.426771845,0.6599999999999999,0.0926471
501.0,0.34,0.42826934,0.6599999999999999,0.093077356
502.0,0.34,0.429767175,0.6599999999999999,0.093507885
503.0,0.34,0.43126536,0.6599999999999999,0.093938685
504.0,0.34,0.432763875,0.6599999999999999,0.09436975
505.0,0.34,0.43426269500000003,0.6599999999999999,0.094801077
506.0,0.34,0.435761825,0.6599999999999999,0.095232661
507.0,0.34,0.43726125,0.6599999999999999,0.095664497
499.0,0.341,0.42527472,0.659,0.092217123
500.0,0.341,0.426771845,0.659,0.0926471
501.0,0.341,0.42826934,0.659,0.093077356
502.0,0.341,0.429767175,0.659,0.093507885
503.0,0.341,0.43126536,0.659,0.093938685
504.0,0.341,0.432763875,0.659,0.09436975
505.0,0.341,0.43426269500000003,0.659,0.094801077
506.0,0.341,0.435761825,0.659,0.095232661
507.0,0.341,0.43726125,0.659,0.095664497
499.0,0.342,0.42527472,0.6579999999999999,0.092217123
500.0,0.342,0.426771845,0.6579999999999999,0.0926471
501.0,0.342,0.42826934,0.6579999999999999,0.093077356
502.0,0.342,0.429767175,0.6579999999999999,0.093507885
503.0,0.342,0.43126536,0.6579999999999999,0.093938685
504.0,0.342,0.432763875,0.6579999999999999,0.09436975
505.0,0.342,0.43426269500000003,0.6579999999999999,0.094801077
506.0,0.342,0.435761825,0.6579999999999999,0.095232661
507.0,0.342,0.43726125,0.6579999999999999,0.095664497
499.0,0.343,0.42527472,0.657,0.092217123
500.0,0.343,0.426771845,0.657,0.0926471
501.0,0.343,0.42826934,0.657,0.093077356
502.0,0.343,0.429767175,0.657,0.093507885
503.0,0.343,0.43126536,0.657,0.093938685
504.0,0.343,0.432763875,0.657,0.09436975
505.0,0.343,0.43426269500000003,0.657,0.094801077
506.0,0.343,0.435761825,0.657,0.095232661
507.0,0.343,0.43726125,0.657,0.095664497
499.0,0.344,0.42527472,0.656,0.092217123
500.0,0.344,0.426771845,0.656,0.0926471
501.0,0.344,0.42826934,0.656,0.093077356
502.0,0.344,0.429767175,0.656,0.093507885
503.0,0.344,0.43126536,0.656,0.093938685
504.0,0.344,0.432763875,0.656,0.09436975
505.0,0.344,0.43426269500000003,0.656,0.094801077
506.0,0.344,0.435761825,0.656,0.095232661
507.0,0.344,0.43726125,0.656,0.095664497
499.0,0.345,0.42527472,0.655,0.092217123
500.0,0.345,0.426771845,0.655,0.0926471
501.0,0.345,0.42826934,0.655,0.093077356
502.0,0.345,0.429767175,0.655,0.093507885
503.0,0.345,0.43126536,0.655,0.093938685
504.0,0.345,0.432763875,0.655,0.09436975
505.0,0.345,0.43426269500000003,0.655,0.094801077
506.0,0.345,0.435761825,0.655,0.095232661
507.0,0.345,0.43726125,0.655,0.095664497
499.0,0.346,0.42527472,0.654,0.092217123
500.0,0.346,0.426771845,0.654,0.0926471
501.0,0.346,0.42826934,0.654,0.093077356
502.0,0.346,0.429767175,0.654,0.093507885
503.0,0.346,0.43126536,0.654,0.093938685
504.0,0.346,0.432763875,0.654,0.09436975
505.0,0.346,0.43426269500000003,0.654,0.094801077
506.0,0.346,0.435761825,0.654,0.095232661
507.0,0.346,0.43726125,0.654,0.095664497
499.0,0.347,0.42527472,0.653,0.092217123
500.0,0.347,0.426771845,0.653,0.0926471
501.0,0.347,0.42826934,0.653,0.093077356
502.0,0.347,0.429767175,0.653,0.093507885
503.0,0.347,0.43126536,0.653,0.093938685
504.0,0.347,0.432763875,0.653,0.09436975
505.0,0.347,0.43426269500000003,0.653,0.094801077
506.0,0.347,0.435761825,0.653,0.095232661
507.0,0.347,0.43726125,0.653,0.095664497
499.0,0.348,0.42527472,0.652,0.092217123
500.0,0.348,0.426771845,0.652,0.0926471
501.0,0.348,0.42826934,0.652,0.093077356
502.0,0.348,0.429767175,0.652,0.093507885
503.0,0.348,0.43126536,0.652,0.093938685
504.0,0.348,0.432763875,0.652,0.09436975
505.0,0.348,0.43426269500000003,0.652,0.094801077
506.0,0.348,0.435761825,0.652,0.095232661
507.0,0.348,0.43726125,0.652,0.095664497
499.0,0.349,0.42527472,0.651,0.092217123
500.0,0.349,0.426771845,0.651,0.0926471
501.0,0.349,0.42826934,0.651,0.093077356
502.0,0.349,0.429767175,0.651,0.093507885
503.0,0.349,0.43126536,0.651,0.093938685
504.0,0.349,0.432763875,0.651,0.09436975
505.0,0.349,0.43426269500000003,0.651,0.094801077
506.0,0.349,0.435761825,0.651,0.095232661
507.0,0.349,0.43726125,0.651,0.095664497
499.0,0.35,0.42527472,0.65,0.092217123
500.0,0.35,0.426771845,0.65,0.0926471
501.0,0.35,0.42826934,0.65,0.093077356
502.0,0.35,0.429767175,0.65,0.093507885
503.0,0.35,0.43126536,0.65,0.093938685
504.0,0.35,0.432763875,0.65,0.09436975
505.0,0.35,0.43426269500000003,0.65,0.094801077
506.0,0.35,0.435761825,0.65,0.095232661
507.0,0.35,0.43726125,0.65,0.095664497
499.0,0.351,0.42527472,0.649,0.092217123
500.0,0.351,0.426771845,0.649,0.0926471
501.0,0.351,0.42826934,0.649,0.093077356
502.0,0.351,0.429767175,0.649,0.093507885
503.0,0.351,0.43126536,0.649,0.093938685
504.0,0.351,0.432763875,0.649,0.09436975
505.0,0.351,0.43426269500000003,0.649,0.094801077
506.0,0.351,0.435761825,0.649,0.095232661
507.0,0.351,0.43726125,0.649,0.095664497
499.0,0.352,0.42527472,0.648,0.092217123
500.0,0.352,0.426771845,0.648,0.0926471
501.0,0.352,0.42826934,0.648,0.093077356
502.0,0.352,0.429767175,0.648,0.093507885
503.0,0.352,0.43126536,0.648,0.093938685
504.0,0.352,0.432763875,0.648,0.09436975
505.0,0.352,0.43426269500000003,0.648,0.094801077
506.0,0.352,0.435761825,0.648,0.095232661
507.0,0.352,0.43726125,0.648,0.095664497
499.0,0.353,0.42527472,0.647,0.092217123
500.0,0.353,0.426771845,0.647,0.0926471
501.0,0.353,0.42826934,0.647,0.093077356
502.0,0.353,0.429767175,0.647,0.093507885
503.0,0.353,0.43126536,0.647,0.093938685
504.0,0.353,0.432763875,0.647,0.09436975
505.0,0.353,0.43426269500000003,0.647,0.094801077
506.0,0.353,0.435761825,0.647,0.095232661
507.0,0.353,0.43726125,0.647,0.095664497
499.0,0.354,0.42527472,0.646,0.092217123
500.0,0.354,0.426771845,0.646,0.0926471
501.0,0.354,0.42826934,0.646,0.093077356
502.0,0.354,0.429767175,0.646,0.093507885
503.0,0.354,0.43126536,0.646,0.093938685
504.0,0.354,0.432763875,0.646,0.09436975
505.0,0.354,0.43426269500000003,0.646,0.094801077
506.0,0.354,0.435761825,0.646,0.095232661
507.0,0.354,0.43726125,0.646,0.095664497
499.0,0.355,0.42527472,0.645,0.092217123
500.0,0.355,0.426771845,0.645,0.0926471
501.0,0.355,0.42826934,0.645,0.093077356
502.0,0.355,0.429767175,0.645,0.093507885
503.0,0.355,0.43126536,0.645,0.093938685
504.0,0.355,0.432763875,0.645,0.09436975
505.0,0.355,0.43426269500000003,0.645,0.094801077
506.0,0.355,0.435761825,0.645,0.095232661
507.0,0.355,0.43726125,0.645,0.095664497
499.0,0.356,0.42527472,0.644,0.092217123
500.0,0.356,0.426771845,0.644,0.0926471
501.0,0.356,0.42826934,0.644,0.093077356
502.0,0.356,0.429767175,0.644,0.093507885
503.0,0.356,0.43126536,0.644,0.093938685
504.0,0.356,0.432763875,0.644,0.09436975
505.0,0.356,0.43426269500000003,0.644,0.094801077
506.0,0.356,0.435761825,0.644,0.095232661
507.0,0.356,0.43726125,0.644,0.095664497
499.0,0.357,0.42527472,0.643,0.092217123
500.0,0.357,0.426771845,0.643,0.0926471
501.0,0.357,0.42826934,0.643,0.093077356
502.0,0.357,0.429767175,0.643,0.093507885
503.0,0.357,0.43126536,0.643,0.093938685
504.0,0.357,0.432763875,0.643,0.09436975
505.0,0.357,0.43426269500000003,0.643,0.094801077
506.0,0.357,0.435761825,0.643,0.095232661
507.0,0.357,0.43726125,0.643,0.095664497
499.0,0.358,0.42527472,0.642,0.092217123
500.0,0.358,0.426771845,0.642,0.0926471
501.0,0.358,0.42826934,0.642,0.093077356
502.0,0.358,0.429767175,0.642,0.093507885
503.0,0.358,0.43126536,0.642,0.093938685
504.0,0.358,0.432763875,0.642,0.09436975
505.0,0.358,0.43426269500000003,0.642,0.094801077
506.0,0.358,0.435761825,0.642,0.095232661
507.0,0.358,0.43726125,0.642,0.095664497
499.0,0.359,0.42527472,0.641,0.092217123
500.0,0.359,0.426771845,0.641,0.0926471
501.0,0.359,0.42826934,0.641,0.093077356
502.0,0.359,0.429767175,0.641,0.093507885
503.0,0.359,0.43126536,0.641,0.093938685
504.0,0.359,0.432763875,0.641,0.09436975
505.0,0.359,0.43426269500000003,0.641,0.094801077
506.0,0.359,0.435761825,0.641,0.095232661
507.0,0.359,0.43726125,0.641,0.095664497
499.0,0.36,0.42527472,0.64,0.092217123
500.0,0.36,0.426771845,0.64,0.0926471
501.0,0.36,0.42826934,0.64,0.093077356
502.0,0.36,0.429767175,0.64,0.093507885
503.0,0.36,0.43126536,0.64,0.093938685
504.0,0.36,0.432763875,0.64,0.09436975
505.0,0.36,0.43426269500000003,0.64,0.094801077
506.0,0.36,0.435761825,0.64,0.095232661
507.0,0.36,0.43726125,0.64,0.095664497
499.0,0.361,0.42527472,0.639,0.092217123
500.0,0.361,0.426771845,0.639,0.0926471
501.0,0.361,0.42826934,0.639,0.093077356
502.0,0.361,0.429767175,0.639,0.093507885
503.0,0.361,0.43126536,0.639,0.093938685
504.0,0.361,0.432763875,0.639,0.09436975
505.0,0.361,0.43426269500000003,0.639,0.094801077
506.0,0.361,0.435761825,0.639,0.095232661
507.0,0.361,0.43726125,0.639,0.095664497
499.0,0.362,0.42527472,0.638,0.092217123
500.0,0.362,0.426771845,0.638,0.0926471
501.0,0.362,0.42826934,0.638,0.093077356
502.0,0.362,0.429767175,0.638,0.093507885
503.0,0.362,0.43126536,0.638,0.093938685
504.0,0.362,0.432763875,0.638,0.09436975
505.0,0.362,0.43426269500000003,0.638,0.094801077
506.0,0.362,0.435761825,0.638,0.095232661
507.0,0.362,0.43726125,0.638,0.095664497
499.0,0.363,0.42527472,0.637,0.092217123
500.0,0.363,0.426771845,0.637,0.0926471
501.0,0.363,0.42826934,0.637,0.093077356
502.0,0.363,0.429767175,0.637,0.093507885
503.0,0.363,0.43126536,0.637,0.093938685
504.0,0.363,0.432763875,0.637,0.09436975
505.0,0.363,0.43426269500000003,0.637,0.094801077
506.0,0.363,0.435761825,0.637,0.095232661
507.0,0.363,0.43726125,0.637,0.095664497
499.0,0.364,0.42527472,0.636,0.092217123
500.0,0.364,0.426771845,0.636,0.0926471
501.0,0.364,0.42826934,0.636,0.093077356
502.0,0.364,0.429767175,0.636,0.093507885
503.0,0.364,0.43126536,0.636,0.093938685
504.0,0.364,0.432763875,0.636,0.09436975
505.0,0.364,0.43426269500000003,0.636,0.094801077
506.0,0.364,0.435761825,0.636,0.095232661
507.0,0.364,0.43726125,0.636,0.095664497
499.0,0.365,0.42527472,0.635,0.092217123
500.0,0.365,0.426771845,0.635,0.0926471
501.0,0.365,0.42826934,0.635,0.093077356
502.0,0.365,0.429767175,0.635,0.093507885
503.0,0.365,0.43126536,0.635,0.093938685
504.0,0.365,0.432763875,0.635,0.09436975
505.0,0.365,0.43426269500000003,0.635,0.094801077
506.0,0.365,0.435761825,0.635,0.095232661
507.0,0.365,0.43726125,0.635,0.095664497
499.0,0.366,0.42527472,0.634,0.092217123
500.0,0.366,0.426771845,0.634,0.0926471
501.0,0.366,0.42826934,0.634,0.093077356
502.0,0.366,0.429767175,0.634,0.093507885
503.0,0.366,0.43126536,0.634,0.093938685
504.0,0.366,0.432763875,0.634,0.09436975
505.0,0.366,0.43426269500000003,0.634,0.094801077
506.0,0.366,0.435761825,0.634,0.095232661
507.0,0.366,0.43726125,0.634,0.095664497
499.0,0.367,0.42527472,0.633,0.092217123
500.0,0.367,0.426771845,0.633,0.0926471
501.0,0.367,0.42826934,0.633,0.093077356
502.0,0.367,0.429767175,0.633,0.093507885
503.0,0.367,0.43126536,0.633,0.093938685
504.0,0.367,0.432763875,0.633,0.09436975
505.0,0.367,0.43426269500000003,0.633,0.094801077
506.0,0.367,0.435761825,0.633,0.095232661
507.0,0.367,0.43726125,0.633,0.095664497
499.0,0.368,0.42527472,0.632,0.092217123
500.0,0.368,0.426771845,0.632,0.0926471
501.0,0.368,0.42826934,0.632,0.093077356
502.0,0.368,0.429767175,0.632,0.093507885
503.0,0.368,0.43126536,0.632,0.093938685
504.0,0.368,0.432763875,0.632,0.09436975
505.0,0.368,0.43426269500000003,0.632,0.094801077
506.0,0.368,0.435761825,0.632,0.095232661
507.0,0.368,0.43726125,0.632,0.095664497
499.0,0.369,0.42527472,0.631,0.092217123
500.0,0.369,0.426771845,0.631,0.0926471
501.0,0.369,0.42826934,0.631,0.093077356
502.0,0.369,0.429767175,0.631,0.093507885
503.0,0.369,0.43126536,0.631,0.093938685
504.0,0.369,0.432763875,0.631,0.09436975
505.0,0.369,0.43426269500000003,0.631,0.094801077
506.0,0.369,0.435761825,0.631,0.095232661
507.0,0.369,0.43726125,0.631,0.095664497
499.0,0.37,0.42527472,0.63,0.092217123
500.0,0.37,0.426771845,0.63,0.0926471
501.0,0.37,0.42826934,0.63,0.093077356
502.0,0.37,0.429767175,0.63,0.093507885
503.0,0.37,0.43126536,0.63,0.093938685
504.0,0.37,0.432763875,0.63,0.09436975
505.0,0.37,0.43426269500000003,0.63,0.094801077
506.0,0.37,0.435761825,0.63,0.095232661
507.0,0.37,0.43726125,0.63,0.095664497
499.0,0.371,0.42527472,0.629,0.092217123
500.0,0.371,0.426771845,0.629,0.0926471
501.0,0.371,0.42826934,0.629,0.093077356
502.0,0.371,0.429767175,0.629,0.093507885
503.0,0.371,0.43126536,0.629,0.093938685
504.0,0.371,0.432763875,0.629,0.09436975
505.0,0.371,0.43426269500000003,0.629,0.094801077
506.0,0.371,0.435761825,0.629,0.095232661
507.0,0.371,0.43726125,0.629,0.095664497
499.0,0.372,0.42527472,0.628,0.092217123
500.0,0.372,0.426771845,0.628,0.0926471
501.0,0.372,0.42826934,0.628,0.093077356
502.0,0.372,0.429767175,0.628,0.093507885
503.0,0.372,0.43126536,0.628,0.093938685
504.0,0.372,0.432763875,0.628,0.09436975
505.0,0.372,0.43426269500000003,0.628,0.094801077
506.0,0.372,0.435761825,0.628,0.095232661
507.0,0.372,0.43726125,0.628,0.095664497
499.0,0.373,0.42527472,0.627,0.092217123
500.0,0.373,0.426771845,0.627,0.0926471
501.0,0.373,0.42826934,0.627,0.093077356
502.0,0.373,0.429767175,0.627,0.093507885
503.0,0.373,0.43126536,0.627,0.093938685
504.0,0.373,0.432763875,0.627,0.09436975
505.0,0.373,0.43426269500000003,0.627,0.094801077
506.0,0.373,0.435761825,0.627,0.095232661
507.0,0.373,0.43726125,0.627,0.095664497
499.0,0.374,0.42527472,0.626,0.092217123
500.0,0.374,0.426771845,0.626,0.0926471
501.0,0.374,0.42826934,0.626,0.093077356
502.0,0.374,0.429767175,0.626,0.093507885
503.0,0.374,0.43126536,0.626,0.093938685
504.0,0.374,0.432763875,0.626,0.09436975
505.0,0.374,0.43426269500000003,0.626,0.094801077
506.0,0.374,0.435761825,0.626,0.095232661
507.0,0.374,0.43726125,0.626,0.095664497
499.0,0.375,0.42527472,0.625,0.092217123
500.0,0.375,0.426771845,0.625,0.0926471
501.0,0.375,0.42826934,0.625,0.093077356
502.0,0.375,0.429767175,0.625,0.093507885
503.0,0.375,0.43126536,0.625,0.093938685
504.0,0.375,0.432763875,0.625,0.09436975
505.0,0.375,0.43426269500000003,0.625,0.094801077
506.0,0.375,0.435761825,0.625,0.095232661
507.0,0.375,0.43726125,0.625,0.095664497
499.0,0.376,0.42527472,0.624,0.092217123
500.0,0.376,0.426771845,0.624,0.0926471
501.0,0.376,0.42826934,0.624,0.093077356
502.0,0.376,0.429767175,0.624,0.093507885
503.0,0.376,0.43126536,0.624,0.093938685
504.0,0.376,0.432763875,0.624,0.09436975
505.0,0.376,0.43426269500000003,0.624,0.094801077
506.0,0.376,0.435761825,0.624,0.095232661
507.0,0.376,0.43726125,0.624,0.095664497
499.0,0.377,0.42527472,0.623,0.092217123
500.0,0.377,0.426771845,0.623,0.0926471
501.0,0.377,0.42826934,0.623,0.093077356
502.0,0.377,0.429767175,0.623,0.093507885
503.0,0.377,0.43126536,0.623,0.093938685
504.0,0.377,0.432763875,0.623,0.09436975
505.0,0.377,0.43426269500000003,0.623,0.094801077
506.0,0.377,0.435761825,0.623,0.095232661
507.0,0.377,0.43726125,0.623,0.095664497
499.0,0.378,0.42527472,0.622,0.092217123
500.0,0.378,0.426771845,0.622,0.0926471
501.0,0.378,0.42826934,0.622,0.093077356
502.0,0.378,0.429767175,0.622,0.093507885
503.0,0.378,0.43126536,0.622,0.093938685
504.0,0.378,0.432763875,0.622,0.09436975
505.0,0.378,0.43426269500000003,0.622,0.094801077
506.0,0.378,0.435761825,0.622,0.095232661
507.0,0.378,0.43726125,0.622,0.095664497
499.0,0.379,0.42527472,0.621,0.092217123
500.0,0.379,0.426771845,0.621,0.0926471
501.0,0.379,0.42826934,0.621,0.093077356
502.0,0.379,0.429767175,0.621,0.093507885
503.0,0.379,0.43126536,0.621,0.093938685
504.0,0.379,0.432763875,0.621,0.09436975
505.0,0.379,0.43426269500000003,0.621,0.094801077
506.0,0.379,0.435761825,0.621,0.095232661
507.0,0.379,0.43726125,0.621,0.095664497
499.0,0.38,0.42527472,0.62,0.092217123
500.0,0.38,0.426771845,0.62,0.0926471
501.0,0.38,0.42826934,0.62,0.093077356
502.0,0.38,0.429767175,0.62,0.093507885
503.0,0.38,0.43126536,0.62,0.093938685
504.0,0.38,0.432763875,0.62,0.09436975
505.0,0.38,0.43426269500000003,0.62,0.094801077
506.0,0.38,0.435761825,0.62,0.095232661
507.0,0.38,0.43726125,0.62,0.095664497
499.0,0.381,0.42527472,0.619,0.092217123
500.0,0.381,0.426771845,0.619,0.0926471
501.0,0.381,0.42826934,0.619,0.093077356
502.0,0.381,0.429767175,0.619,0.093507885
503.0,0.381,0.43126536,0.619,0.093938685
504.0,0.381,0.432763875,0.619,0.09436975
505.0,0.381,0.43426269500000003,0.619,0.094801077
506.0,0.381,0.435761825,0.619,0.095232661
507.0,0.381,0.43726125,0.619,0.095664497
499.0,0.382,0.42527472,0.618,0.092217123
500.0,0.382,0.426771845,0.618,0.0926471
501.0,0.382,0.42826934,0.618,0.093077356
502.0,0.382,0.429767175,0.618,0.093507885
503.0,0.382,0.43126536,0.618,0.093938685
504.0,0.382,0.432763875,0.618,0.09436975
505.0,0.382,0.43426269500000003,0.618,0.094801077
506.0,0.382,0.435761825,0.618,0.095232661
507.0,0.382,0.43726125,0.618,0.095664497
499.0,0.383,0.42527472,0.617,0.092217123
500.0,0.383,0.426771845,0.617,0.0926471
501.0,0.383,0.42826934,0.617,0.093077356
502.0,0.383,0.429767175,0.617,0.093507885
503.0,0.383,0.43126536,0.617,0.093938685
504.0,0.383,0.432763875,0.617,0.09436975
505.0,0.383,0.43426269500000003,0.617,0.094801077
506.0,0.383,0.435761825,0.617,0.095232661
507.0,0.383,0.43726125,0.617,0.095664497
499.0,0.384,0.42527472,0.616,0.092217123
500.0,0.384,0.426771845,0.616,0.0926471
501.0,0.384,0.42826934,0.616,0.093077356
502.0,0.384,0.429767175,0.616,0.093507885
503.0,0.384,0.43126536,0.616,0.093938685
504.0,0.384,0.432763875,0.616,0.09436975
505.0,0.384,0.43426269500000003,0.616,0.094801077
506.0,0.384,0.435761825,0.616,0.095232661
507.0,0.384,0.43726125,0.616,0.095664497
499.0,0.385,0.42527472,0.615,0.092217123
500.0,0.385,0.426771845,0.615,0.0926471
501.0,0.385,0.42826934,0.615,0.093077356
502.0,0.385,0.429767175,0.615,0.093507885
503.0,0.385,0.43126536,0.615,0.093938685
504.0,0.385,0.432763875,0.615,0.09436975
505.0,0.385,0.43426269500000003,0.615,0.094801077
506.0,0.385,0.435761825,0.615,0.095232661
507.0,0.385,0.43726125,0.615,0.095664497
499.0,0.386,0.42527472,0.614,0.092217123
500.0,0.386,0.426771845,0.614,0.0926471
501.0,0.386,0.42826934,0.614,0.093077356
502.0,0.386,0.429767175,0.614,0.093507885
503.0,0.386,0.43126536,0.614,0.093938685
504.0,0.386,0.432763875,0.614,0.09436975
505.0,0.386,0.43426269500000003,0.614,0.094801077
506.0,0.386,0.435761825,0.614,0.095232661
507.0,0.386,0.43726125,0.614,0.095664497
499.0,0.387,0.42527472,0.613,0.092217123
500.0,0.387,0.426771845,0.613,0.0926471
501.0,0.387,0.42826934,0.613,0.093077356
502.0,0.387,0.429767175,0.613,0.093507885
503.0,0.387,0.43126536,0.613,0.093938685
504.0,0.387,0.432763875,0.613,0.09436975
505.0,0.387,0.43426269500000003,0.613,0.094801077
506.0,0.387,0.435761825,0.613,0.095232661
507.0,0.387,0.43726125,0.613,0.095664497
499.0,0.388,0.42527472,0.612,0.092217123
500.0,0.388,0.426771845,0.612,0.0926471
501.0,0.388,0.42826934,0.612,0.093077356
502.0,0.388,0.429767175,0.612,0.093507885
503.0,0.388,0.43126536,0.612,0.093938685
504.0,0.388,0.432763875,0.612,0.09436975
505.0,0.388,0.43426269500000003,0.612,0.094801077
506.0,0.388,0.435761825,0.612,0.095232661
507.0,0.388,0.43726125,0.612,0.095664497
499.0,0.389,0.42527472,0.611,0.092217123
500.0,0.389,0.426771845,0.611,0.0926471
501.0,0.389,0.42826934,0.611,0.093077356
502.0,0.389,0.429767175,0.611,0.093507885
503.0,0.389,0.43126536,0.611,0.093938685
504.0,0.389,0.432763875,0.611,0.09436975
505.0,0.389,0.43426269500000003,0.611,0.094801077
506.0,0.389,0.435761825,0.611,0.095232661
507.0,0.389,0.43726125,0.611,0.095664497
499.0,0.39,0.42527472,0.61,0.092217123
500.0,0.39,0.426771845,0.61,0.0926471
501.0,0.39,0.42826934,0.61,0.093077356
502.0,0.39,0.429767175,0.61,0.093507885
503.0,0.39,0.43126536,0.61,0.093938685
504.0,0.39,0.432763875,0.61,0.09436975
505.0,0.39,0.43426269500000003,0.61,0.094801077
506.0,0.39,0.435761825,0.61,0.095232661
507.0,0.39,0.43726125,0.61,0.095664497
499.0,0.391,0.42527472,0.609,0.092217123
500.0,0.391,0.426771845,0.609,0.0926471
501.0,0.391,0.42826934,0.609,0.093077356
502.0,0.391,0.429767175,0.609,0.093507885
503.0,0.391,0.43126536,0.609,0.093938685
504.0,0.391,0.432763875,0.609,0.09436975
505.0,0.391,0.43426269500000003,0.609,0.094801077
506.0,0.391,0.435761825,0.609,0.095232661
507.0,0.391,0.43726125,0.609,0.095664497
499.0,0.392,0.42527472,0.608,0.092217123
500.0,0.392,0.426771845,0.608,0.0926471
501.0,0.392,0.42826934,0.608,0.093077356
502.0,0.392,0.429767175,0.608,0.093507885
503.0,0.392,0.43126536,0.608,0.093938685
504.0,0.392,0.432763875,0.608,0.09436975
505.0,0.392,0.43426269500000003,0.608,0.094801077
506.0,0.392,0.435761825,0.608,0.095232661
507.0,0.392,0.43726125,0.608,0.095664497
499.0,0.393,0.42527472,0.607,0.092217123
500.0,0.393,0.426771845,0.607,0.0926471
501.0,0.393,0.42826934,0.607,0.093077356
502.0,0.393,0.429767175,0.607,0.093507885
503.0,0.393,0.43126536,0.607,0.093938685
504.0,0.393,0.432763875,0.607,0.09436975
505.0,0.393,0.43426269500000003,0.607,0.094801077
506.0,0.393,0.435761825,0.607,0.095232661
507.0,0.393,0.43726125,0.607,0.095664497
499.0,0.394,0.42527472,0.606,0.092217123
500.0,0.394,0.426771845,0.606,0.0926471
501.0,0.394,0.42826934,0.606,0.093077356
502.0,0.394,0.429767175,0.606,0.093507885
503.0,0.394,0.43126536,0.606,0.093938685
504.0,0.394,0.432763875,0.606,0.09436975
505.0,0.394,0.43426269500000003,0.606,0.094801077
506.0,0.394,0.435761825,0.606,0.095232661
507.0,0.394,0.43726125,0.606,0.095664497
499.0,0.395,0.42527472,0.605,0.092217123
500.0,0.395,0.426771845,0.605,0.0926471
501.0,0.395,0.42826934,0.605,0.093077356
502.0,0.395,0.429767175,0.605,0.093507885
503.0,0.395,0.43126536,0.605,0.093938685
504.0,0.395,0.432763875,0.605,0.09436975
505.0,0.395,0.43426269500000003,0.605,0.094801077
506.0,0.395,0.435761825,0.605,0.095232661
507.0,0.395,0.43726125,0.605,0.095664497
499.0,0.396,0.42527472,0.604,0.092217123
500.0,0.396,0.426771845,0.604,0.0926471
501.0,0.396,0.42826934,0.604,0.093077356
502.0,0.396,0.429767175,0.604,0.093507885
503.0,0.396,0.43126536,0.604,0.093938685
504.0,0.396,0.432763875,0.604,0.09436975
505.0,0.396,0.43426269500000003,0.604,0.094801077
506.0,0.396,0.435761825,0.604,0.095232661
507.0,0.396,0.43726125,0.604,0.095664497
499.0,0.397,0.42527472,0.603,0.092217123
500.0,0.397,0.426771845,0.603,0.0926471
501.0,0.397,0.42826934,0.603,0.093077356
502.0,0.397,0.429767175,0.603,0.093507885
503.0,0.397,0.43126536,0.603,0.093938685
504.0,0.397,0.432763875,0.603,0.09436975
505.0,0.397,0.43426269500000003,0.603,0.094801077
506.0,0.397,0.435761825,0.603,0.095232661
507.0,0.397,0.43726125,0.603,0.095664497
499.0,0.398,0.42527472,0.602,0.092217123
500.0,0.398,0.426771845,0.602,0.0926471
501.0,0.398,0.42826934,0.602,0.093077356
502.0,0.398,0.429767175,0.602,0.093507885
503.0,0.398,0.43126536,0.602,0.093938685
504.0,0.398,0.432763875,0.602,0.09436975
505.0,0.398,0.43426269500000003,0.602,0.094801077
506.0,0.398,0.435761825,0.602,0.095232661
507.0,0.398,0.43726125,0.602,0.095664497
499.0,0.399,0.42527472,0.601,0.092217123
500.0,0.399,0.426771845,0.601,0.0926471
501.0,0.399,0.42826934,0.601,0.093077356
502.0,0.399,0.429767175,0.601,0.093507885
503.0,0.399,0.43126536,0.601,0.093938685
504.0,0.399,0.432763875,0.601,0.09436975
505.0,0.399,0.43426269500000003,0.601,0.094801077
506.0,0.399,0.435761825,0.601,0.095232661
507.0,0.399,0.43726125,0.601,0.095664497
499.0,0.4,0.42527472,0.6,0.092217123
500.0,0.4,0.426771845,0.6,0.0926471
501.0,0.4,0.42826934,0.6,0.093077356
502.0,0.4,0.429767175,0.6,0.093507885
503.0,0.4,0.43126536,0.6,0.093938685
504.0,0.4,0.432763875,0.6,0.09436975
505.0,0.4,0.43426269500000003,0.6,0.094801077
506.0,0.4,0.435761825,0.6,0.095232661
507.0,0.4,0.43726125,0.6,0.095664497
499.0,0.401,0.42527472,0.599,0.092217123
500.0,0.401,0.426771845,0.599,0.0926471
501.0,0.401,0.42826934,0.599,0.093077356
502.0,0.401,0.429767175,0.599,0.093507885
503.0,0.401,0.43126536,0.599,0.093938685
504.0,0.401,0.432763875,0.599,0.09436975
505.0,0.401,0.43426269500000003,0.599,0.094801077
506.0,0.401,0.435761825,0.599,0.095232661
507.0,0.401,0.43726125,0.599,0.095664497
499.0,0.402,0.42527472,0.598,0.092217123
500.0,0.402,0.426771845,0.598,0.0926471
501.0,0.402,0.42826934,0.598,0.093077356
502.0,0.402,0.429767175,0.598,0.093507885
503.0,0.402,0.43126536,0.598,0.093938685
504.0,0.402,0.432763875,0.598,0.09436975
505.0,0.402,0.43426269500000003,0.598,0.094801077
506.0,0.402,0.435761825,0.598,0.095232661
507.0,0.402,0.43726125,0.598,0.095664497
499.0,0.403,0.42527472,0.597,0.092217123
500.0,0.403,0.426771845,0.597,0.0926471
501.0,0.403,0.42826934,0.597,0.093077356
502.0,0.403,0.429767175,0.597,0.093507885
503.0,0.403,0.43126536,0.597,0.093938685
504.0,0.403,0.432763875,0.597,0.09436975
505.0,0.403,0.43426269500000003,0.597,0.094801077
506.0,0.403,0.435761825,0.597,0.095232661
507.0,0.403,0.43726125,0.597,0.095664497
499.0,0.404,0.42527472,0.596,0.092217123
500.0,0.404,0.426771845,0.596,0.0926471
501.0,0.404,0.42826934,0.596,0.093077356
502.0,0.404,0.429767175,0.596,0.093507885
503.0,0.404,0.43126536,0.596,0.093938685
504.0,0.404,0.432763875,0.596,0.09436975
505.0,0.404,0.43426269500000003,0.596,0.094801077
506.0,0.404,0.435761825,0.596,0.095232661
507.0,0.404,0.43726125,0.596,0.095664497
499.0,0.405,0.42527472,0.595,0.092217123
500.0,0.405,0.426771845,0.595,0.0926471
501.0,0.405,0.42826934,0.595,0.093077356
502.0,0.405,0.429767175,0.595,0.093507885
503.0,0.405,0.43126536,0.595,0.093938685
504.0,0.405,0.432763875,0.595,0.09436975
505.0,0.405,0.43426269500000003,0.595,0.094801077
506.0,0.405,0.435761825,0.595,0.095232661
507.0,0.405,0.43726125,0.595,0.095664497
499.0,0.406,0.42527472,0.594,0.092217123
500.0,0.406,0.426771845,0.594,0.0926471
501.0,0.406,0.42826934,0.594,0.093077356
502.0,0.406,0.429767175,0.594,0.093507885
503.0,0.406,0.43126536,0.594,0.093938685
504.0,0.406,0.432763875,0.594,0.09436975
505.0,0.406,0.43426269500000003,0.594,0.094801077
506.0,0.406,0.435761825,0.594,0.095232661
507.0,0.406,0.43726125,0.594,0.095664497
499.0,0.407,0.42527472,0.593,0.092217123
500.0,0.407,0.426771845,0.593,0.0926471
501.0,0.407,0.42826934,0.593,0.093077356
502.0,0.407,0.429767175,0.593,0.093507885
503.0,0.407,0.43126536,0.593,0.093938685
504.0,0.407,0.432763875,0.593,0.09436975
505.0,0.407,0.43426269500000003,0.593,0.094801077
506.0,0.407,0.435761825,0.593,0.095232661
507.0,0.407,0.43726125,0.593,0.095664497
499.0,0.408,0.42527472,0.5920000000000001,0.092217123
500.0,0.408,0.426771845,0.5920000000000001,0.0926471
501.0,0.408,0.42826934,0.5920000000000001,0.093077356
502.0,0.408,0.429767175,0.5920000000000001,0.093507885
503.0,0.408,0.43126536,0.5920000000000001,0.093938685
504.0,0.408,0.432763875,0.5920000000000001,0.09436975
505.0,0.408,0.43426269500000003,0.5920000000000001,0.094801077
506.0,0.408,0.435761825,0.5920000000000001,0.095232661
507.0,0.408,0.43726125,0.5920000000000001,0.095664497
499.0,0.409,0.42527472,0.591,0.092217123
500.0,0.409,0.426771845,0.591,0.0926471
501.0,0.409,0.42826934,0.591,0.093077356
502.0,0.409,0.429767175,0.591,0.093507885
503.0,0.409,0.43126536,0.591,0.093938685
504.0,0.409,0.432763875,0.591,0.09436975
505.0,0.409,0.43426269500000003,0.591,0.094801077
506.0,0.409,0.435761825,0.591,0.095232661
507.0,0.409,0.43726125,0.591,0.095664497
499.0,0.41,0.42527472,0.5900000000000001,0.092217123
500.0,0.41,0.426771845,0.5900000000000001,0.0926471
501.0,0.41,0.42826934,0.5900000000000001,0.093077356
502.0,0.41,0.429767175,0.5900000000000001,0.093507885
503.0,0.41,0.43126536,0.5900000000000001,0.093938685
504.0,0.41,0.432763875,0.5900000000000001,0.09436975
505.0,0.41,0.43426269500000003,0.5900000000000001,0.094801077
506.0,0.41,0.435761825,0.5900000000000001,0.095232661
507.0,0.41,0.43726125,0.5900000000000001,0.095664497
499.0,0.411,0.42527472,0.589,0.092217123
500.0,0.411,0.426771845,0.589,0.0926471
501.0,0.411,0.42826934,0.589,0.093077356
502.0,0.411,0.429767175,0.589,0.093507885
503.0,0.411,0.43126536,0.589,0.093938685
504.0,0.411,0.432763875,0.589,0.09436975
505.0,0.411,0.43426269500000003,0.589,0.094801077
506.0,0.411,0.435761825,0.589,0.095232661
507.0,0.411,0.43726125,0.589,0.095664497
499.0,0.412,0.42527472,0.5880000000000001,0.092217123
500.0,0.412,0.426771845,0.5880000000000001,0.0926471
501.0,0.412,0.42826934,0.5880000000000001,0.093077356
502.0,0.412,0.429767175,0.5880000000000001,0.093507885
503.0,0.412,0.43126536,0.5880000000000001,0.093938685
504.0,0.412,0.432763875,0.5880000000000001,0.09436975
505.0,0.412,0.43426269500000003,0.5880000000000001,0.094801077
506.0,0.412,0.435761825,0.5880000000000001,0.095232661
507.0,0.412,0.43726125,0.5880000000000001,0.095664497
499.0,0.413,0.42527472,0.587,0.092217123
500.0,0.413,0.426771845,0.587,0.0926471
501.0,0.413,0.42826934,0.587,0.093077356
502.0,0.413,0.429767175,0.587,0.093507885
503.0,0.413,0.43126536,0.587,0.093938685
504.0,0.413,0.432763875,0.587,0.09436975
505.0,0.413,0.43426269500000003,0.587,0.094801077
506.0,0.413,0.435761825,0.587,0.095232661
507.0,0.413,0.43726125,0.587,0.095664497
499.0,0.414,0.42527472,0.5860000000000001,0.092217123
500.0,0.414,0.426771845,0.5860000000000001,0.0926471
501.0,0.414,0.42826934,0.5860000000000001,0.093077356
502.0,0.414,0.429767175,0.5860000000000001,0.093507885
503.0,0.414,0.43126536,0.5860000000000001,0.093938685
504.0,0.414,0.432763875,0.5860000000000001,0.09436975
505.0,0.414,0.43426269500000003,0.5860000000000001,0.094801077
506.0,0.414,0.435761825,0.5860000000000001,0.095232661
507.0,0.414,0.43726125,0.5860000000000001,0.095664497
499.0,0.415,0.42527472,0.585,0.092217123
500.0,0.415,0.426771845,0.585,0.0926471
501.0,0.415,0.42826934,0.585,0.093077356
502.0,0.415,0.429767175,0.585,0.093507885
503.0,0.415,0.43126536,0.585,0.093938685
504.0,0.415,0.432763875,0.585,0.09436975
505.0,0.415,0.43426269500000003,0.585,0.094801077
506.0,0.415,0.435761825,0.585,0.095232661
507.0,0.415,0.43726125,0.585,0.095664497
499.0,0.416,0.42527472,0.5840000000000001,0.092217123
500.0,0.416,0.426771845,0.5840000000000001,0.0926471
501.0,0.416,0.42826934,0.5840000000000001,0.093077356
502.0,0.416,0.429767175,0.5840000000000001,0.093507885
503.0,0.416,0.43126536,0.5840000000000001,0.093938685
504.0,0.416,0.432763875,0.5840000000000001,0.09436975
505.0,0.416,0.43426269500000003,0.5840000000000001,0.094801077
506.0,0.416,0.435761825,0.5840000000000001,0.095232661
507.0,0.416,0.43726125,0.5840000000000001,0.095664497
499.0,0.417,0.42527472,0.583,0.092217123
500.0,0.417,0.426771845,0.583,0.0926471
501.0,0.417,0.42826934,0.583,0.093077356
502.0,0.417,0.429767175,0.583,0.093507885
503.0,0.417,0.43126536,0.583,0.093938685
504.0,0.417,0.432763875,0.583,0.09436975
505.0,0.417,0.43426269500000003,0.583,0.094801077
506.0,0.417,0.435761825,0.583,0.095232661
507.0,0.417,0.43726125,0.583,0.095664497
499.0,0.418,0.42527472,0.5820000000000001,0.092217123
500.0,0.418,0.426771845,0.5820000000000001,0.0926471
501.0,0.418,0.42826934,0.5820000000000001,0.093077356
502.0,0.418,0.429767175,0.5820000000000001,0.093507885
503.0,0.418,0.43126536,0.5820000000000001,0.093938685
504.0,0.418,0.432763875,0.5820000000000001,0.09436975
505.0,0.418,0.43426269500000003,0.5820000000000001,0.094801077
506.0,0.418,0.435761825,0.5820000000000001,0.095232661
507.0,0.418,0.43726125,0.5820000000000001,0.095664497
499.0,0.419,0.42527472,0.581,0.092217123
500.0,0.419,0.426771845,0.581,0.0926471
501.0,0.419,0.42826934,0.581,0.093077356
502.0,0.419,0.429767175,0.581,0.093507885
503.0,0.419,0.43126536,0.581,0.093938685
504.0,0.419,0.432763875,0.581,0.09436975
505.0,0.419,0.43426269500000003,0.581,0.094801077
506.0,0.419,0.435761825,0.581,0.095232661
507.0,0.419,0.43726125,0.581,0.095664497
499.0,0.42,0.42527472,0.5800000000000001,0.092217123
500.0,0.42,0.426771845,0.5800000000000001,0.0926471
501.0,0.42,0.42826934,0.5800000000000001,0.093077356
502.0,0.42,0.429767175,0.5800000000000001,0.093507885
503.0,0.42,0.43126536,0.5800000000000001,0.093938685
504.0,0.42,0.432763875,0.5800000000000001,0.09436975
505.0,0.42,0.43426269500000003,0.5800000000000001,0.094801077
506.0,0.42,0.435761825,0.5800000000000001,0.095232661
507.0,0.42,0.43726125,0.5800000000000001,0.095664497
499.0,0.421,0.42527472,0.579,0.092217123
500.0,0.421,0.426771845,0.579,0.0926471
501.0,0.421,0.42826934,0.579,0.093077356
502.0,0.421,0.429767175,0.579,0.093507885
503.0,0.421,0.43126536,0.579,0.093938685
504.0,0.421,0.432763875,0.579,0.09436975
505.0,0.421,0.43426269500000003,0.579,0.094801077
506.0,0.421,0.435761825,0.579,0.095232661
507.0,0.421,0.43726125,0.579,0.095664497
499.0,0.422,0.42527472,0.5780000000000001,0.092217123
500.0,0.422,0.426771845,0.5780000000000001,0.0926471
501.0,0.422,0.42826934,0.5780000000000001,0.093077356
502.0,0.422,0.429767175,0.5780000000000001,0.093507885
503.0,0.422,0.43126536,0.5780000000000001,0.093938685
504.0,0.422,0.432763875,0.5780000000000001,0.09436975
505.0,0.422,0.43426269500000003,0.5780000000000001,0.094801077
506.0,0.422,0.435761825,0.5780000000000001,0.095232661
507.0,0.422,0.43726125,0.5780000000000001,0.095664497
499.0,0.423,0.42527472,0.577,0.092217123
500.0,0.423,0.426771845,0.577,0.0926471
501.0,0.423,0.42826934,0.577,0.093077356
502.0,0.423,0.429767175,0.577,0.093507885
503.0,0.423,0.43126536,0.577,0.093938685
504.0,0.423,0.432763875,0.577,0.09436975
505.0,0.423,0.43426269500000003,0.577,0.094801077
506.0,0.423,0.435761825,0.577,0.095232661
507.0,0.423,0.43726125,0.577,0.095664497
499.0,0.424,0.42527472,0.5760000000000001,0.092217123
500.0,0.424,0.426771845,0.5760000000000001,0.0926471
501.0,0.424,0.42826934,0.5760000000000001,0.093077356
502.0,0.424,0.429767175,0.5760000000000001,0.093507885
503.0,0.424,0.43126536,0.5760000000000001,0.093938685
504.0,0.424,0.432763875,0.5760000000000001,0.09436975
505.0,0.424,0.43426269500000003,0.5760000000000001,0.094801077
506.0,0.424,0.435761825,0.5760000000000001,0.095232661
507.0,0.424,0.43726125,0.5760000000000001,0.095664497
499.0,0.425,0.42527472,0.575,0.092217123
500.0,0.425,0.426771845,0.575,0.0926471
501.0,0.425,0.42826934,0.575,0.093077356
502.0,0.425,0.429767175,0.575,0.093507885
503.0,0.425,0.43126536,0.575,0.093938685
504.0,0.425,0.432763875,0.575,0.09436975
505.0,0.425,0.43426269500000003,0.575,0.094801077
506.0,0.425,0.435761825,0.575,0.095232661
507.0,0.425,0.43726125,0.575,0.095664497
499.0,0.426,0.42527472,0.5740000000000001,0.092217123
500.0,0.426,0.426771845,0.5740000000000001,0.0926471
501.0,0.426,0.42826934,0.5740000000000001,0.093077356
502.0,0.426,0.429767175,0.5740000000000001,0.093507885
503.0,0.426,0.43126536,0.5740000000000001,0.093938685
504.0,0.426,0.432763875,0.5740000000000001,0.09436975
505.0,0.426,0.43426269500000003,0.5740000000000001,0.094801077
506.0,0.426,0.435761825,0.5740000000000001,0.095232661
507.0,0.426,0.43726125,0.5740000000000001,0.095664497
499.0,0.427,0.42527472,0.573,0.092217123
500.0,0.427,0.426771845,0.573,0.0926471
501.0,0.427,0.42826934,0.573,0.093077356
502.0,0.427,0.429767175,0.573,0.093507885
503.0,0.427,0.43126536,0.573,0.093938685
504.0,0.427,0.432763875,0.573,0.09436975
505.0,0.427,0.43426269500000003,0.573,0.094801077
506.0,0.427,0.435761825,0.573,0.095232661
507.0,0.427,0.43726125,0.573,0.095664497
499.0,0.428,0.42527472,0.5720000000000001,0.092217123
500.0,0.428,0.426771845,0.5720000000000001,0.0926471
501.0,0.428,0.42826934,0.5720000000000001,0.093077356
502.0,0.428,0.429767175,0.5720000000000001,0.093507885
503.0,0.428,0.43126536,0.5720000000000001,0.093938685
504.0,0.428,0.432763875,0.5720000000000001,0.09436975
505.0,0.428,0.43426269500000003,0.5720000000000001,0.094801077
506.0,0.428,0.435761825,0.5720000000000001,0.095232661
507.0,0.428,0.43726125,0.5720000000000001,0.095664497
499.0,0.429,0.42527472,0.571,0.092217123
500.0,0.429,0.426771845,0.571,0.0926471
501.0,0.429,0.42826934,0.571,0.093077356
502.0,0.429,0.429767175,0.571,0.093507885
503.0,0.429,0.43126536,0.571,0.093938685
504.0,0.429,0.432763875,0.571,0.09436975
505.0,0.429,0.43426269500000003,0.571,0.094801077
506.0,0.429,0.435761825,0.571,0.095232661
507.0,0.429,0.43726125,0.571,0.095664497
499.0,0.43,0.42527472,0.5700000000000001,0.092217123
500.0,0.43,0.426771845,0.5700000000000001,0.0926471
501.0,0.43,0.42826934,0.5700000000000001,0.093077356
502.0,0.43,0.429767175,0.5700000000000001,0.093507885
503.0,0.43,0.43126536,0.5700000000000001,0.093938685
504.0,0.43,0.432763875,0.5700000000000001,0.09436975
505.0,0.43,0.43426269500000003,0.5700000000000001,0.094801077
506.0,0.43,0.435761825,0.5700000000000001,0.095232661
507.0,0.43,0.43726125,0.5700000000000001,0.095664497
499.0,0.431,0.42527472,0.569,0.092217123
500.0,0.431,0.426771845,0.569,0.0926471
501.0,0.431,0.42826934,0.569,0.093077356
502.0,0.431,0.429767175,0.569,0.093507885
503.0,0.431,0.43126536,0.569,0.093938685
504.0,0.431,0.432763875,0.569,0.09436975
505.0,0.431,0.43426269500000003,0.569,0.094801077
506.0,0.431,0.435761825,0.569,0.095232661
507.0,0.431,0.43726125,0.569,0.095664497
499.0,0.432,0.42527472,0.5680000000000001,0.092217123
500.0,0.432,0.426771845,0.5680000000000001,0.0926471
501.0,0.432,0.42826934,0.5680000000000001,0.093077356
502.0,0.432,0.429767175,0.5680000000000001,0.093507885
503.0,0.432,0.43126536,0.5680000000000001,0.093938685
504.0,0.432,0.432763875,0.5680000000000001,0.09436975
505.0,0.432,0.43426269500000003,0.5680000000000001,0.094801077
506.0,0.432,0.435761825,0.5680000000000001,0.095232661
507.0,0.432,0.43726125,0.5680000000000001,0.095664497
499.0,0.433,0.42527472,0.567,0.092217123
500.0,0.433,0.426771845,0.567,0.0926471
501.0,0.433,0.42826934,0.567,0.093077356
502.0,0.433,0.429767175,0.567,0.093507885
503.0,0.433,0.43126536,0.567,0.093938685
504.0,0.433,0.432763875,0.567,0.09436975
505.0,0.433,0.43426269500000003,0.567,0.094801077
506.0,0.433,0.435761825,0.567,0.095232661
507.0,0.433,0.43726125,0.567,0.095664497
499.0,0.434,0.42527472,0.5660000000000001,0.092217123
500.0,0.434,0.426771845,0.5660000000000001,0.0926471
501.0,0.434,0.42826934,0.5660000000000001,0.093077356
502.0,0.434,0.429767175,0.5660000000000001,0.093507885
503.0,0.434,0.43126536,0.5660000000000001,0.093938685
504.0,0.434,0.432763875,0.5660000000000001,0.09436975
505.0,0.434,0.43426269500000003,0.5660000000000001,0.094801077
506.0,0.434,0.435761825,0.5660000000000001,0.095232661
507.0,0.434,0.43726125,0.5660000000000001,0.095664497
499.0,0.435,0.42527472,0.565,0.092217123
500.0,0.435,0.426771845,0.565,0.0926471
501.0,0.435,0.42826934,0.565,0.093077356
502.0,0.435,0.429767175,0.565,0.093507885
503.0,0.435,0.43126536,0.565,0.093938685
504.0,0.435,0.432763875,0.565,0.09436975
505.0,0.435,0.43426269500000003,0.565,0.094801077
506.0,0.435,0.435761825,0.565,0.095232661
507.0,0.435,0.43726125,0.565,0.095664497
499.0,0.436,0.42527472,0.5640000000000001,0.092217123
500.0,0.436,0.426771845,0.5640000000000001,0.0926471
501.0,0.436,0.42826934,0.5640000000000001,0.093077356
502.0,0.436,0.429767175,0.5640000000000001,0.093507885
503.0,0.436,0.43126536,0.5640000000000001,0.093938685
504.0,0.436,0.432763875,0.5640000000000001,0.09436975
505.0,0.436,0.43426269500000003,0.5640000000000001,0.094801077
506.0,0.436,0.435761825,0.5640000000000001,0.095232661
507.0,0.436,0.43726125,0.5640000000000001,0.095664497
499.0,0.437,0.42527472,0.563,0.092217123
500.0,0.437,0.426771845,0.563,0.0926471
501.0,0.437,0.42826934,0.563,0.093077356
502.0,0.437,0.429767175,0.563,0.093507885
503.0,0.437,0.43126536,0.563,0.093938685
504.0,0.437,0.432763875,0.563,0.09436975
505.0,0.437,0.43426269500000003,0.563,0.094801077
506.0,0.437,0.435761825,0.563,0.095232661
507.0,0.437,0.43726125,0.563,0.095664497
499.0,0.438,0.42527472,0.562,0.092217123
500.0,0.438,0.426771845,0.562,0.0926471
501.0,0.438,0.42826934,0.562,0.093077356
502.0,0.438,0.429767175,0.562,0.093507885
503.0,0.438,0.43126536,0.562,0.093938685
504.0,0.438,0.432763875,0.562,0.09436975
505.0,0.438,0.43426269500000003,0.562,0.094801077
506.0,0.438,0.435761825,0.562,0.095232661
507.0,0.438,0.43726125,0.562,0.095664497
499.0,0.439,0.42527472,0.5609999999999999,0.092217123
500.0,0.439,0.426771845,0.5609999999999999,0.0926471
501.0,0.439,0.42826934,0.5609999999999999,0.093077356
502.0,0.439,0.429767175,0.5609999999999999,0.093507885
503.0,0.439,0.43126536,0.5609999999999999,0.093938685
504.0,0.439,0.432763875,0.5609999999999999,0.09436975
505.0,0.439,0.43426269500000003,0.5609999999999999,0.094801077
506.0,0.439,0.435761825,0.5609999999999999,0.095232661
507.0,0.439,0.43726125,0.5609999999999999,0.095664497
499.0,0.44,0.42527472,0.56,0.092217123
500.0,0.44,0.426771845,0.56,0.0926471
501.0,0.44,0.42826934,0.56,0.093077356
502.0,0.44,0.429767175,0.56,0.093507885
503.0,0.44,0.43126536,0.56,0.093938685
504.0,0.44,0.432763875,0.56,0.09436975
505.0,0.44,0.43426269500000003,0.56,0.094801077
506.0,0.44,0.435761825,0.56,0.095232661
507.0,0.44,0.43726125,0.56,0.095664497
499.0,0.441,0.42527472,0.5589999999999999,0.092217123
500.0,0.441,0.426771845,0.5589999999999999,0.0926471
501.0,0.441,0.42826934,0.5589999999999999,0.093077356
502.0,0.441,0.429767175,0.5589999999999999,0.093507885
503.0,0.441,0.43126536,0.5589999999999999,0.093938685
504.0,0.441,0.432763875,0.5589999999999999,0.09436975
505.0,0.441,0.43426269500000003,0.5589999999999999,0.094801077
506.0,0.441,0.435761825,0.5589999999999999,0.095232661
507.0,0.441,0.43726125,0.5589999999999999,0.095664497
499.0,0.442,0.42527472,0.558,0.092217123
500.0,0.442,0.426771845,0.558,0.0926471
501.0,0.442,0.42826934,0.558,0.093077356
502.0,0.442,0.429767175,0.558,0.093507885
503.0,0.442,0.43126536,0.558,0.093938685
504.0,0.442,0.432763875,0.558,0.09436975
505.0,0.442,0.43426269500000003,0.558,0.094801077
506.0,0.442,0.435761825,0.558,0.095232661
507.0,0.442,0.43726125,0.558,0.095664497
499.0,0.443,0.42527472,0.5569999999999999,0.092217123
500.0,0.443,0.426771845,0.5569999999999999,0.0926471
501.0,0.443,0.42826934,0.5569999999999999,0.093077356
502.0,0.443,0.429767175,0.5569999999999999,0.093507885
503.0,0.443,0.43126536,0.5569999999999999,0.093938685
504.0,0.443,0.432763875,0.5569999999999999,0.09436975
505.0,0.443,0.43426269500000003,0.5569999999999999,0.094801077
506.0,0.443,0.435761825,0.5569999999999999,0.095232661
507.0,0.443,0.43726125,0.5569999999999999,0.095664497
499.0,0.444,0.42527472,0.556,0.092217123
500.0,0.444,0.426771845,0.556,0.0926471
501.0,0.444,0.42826934,0.556,0.093077356
502.0,0.444,0.429767175,0.556,0.093507885
503.0,0.444,0.43126536,0.556,0.093938685
504.0,0.444,0.432763875,0.556,0.09436975
505.0,0.444,0.43426269500000003,0.556,0.094801077
506.0,0.444,0.435761825,0.556,0.095232661
507.0,0.444,0.43726125,0.556,0.095664497
499.0,0.445,0.42527472,0.5549999999999999,0.092217123
500.0,0.445,0.426771845,0.5549999999999999,0.0926471
501.0,0.445,0.42826934,0.5549999999999999,0.093077356
502.0,0.445,0.429767175,0.5549999999999999,0.093507885
503.0,0.445,0.43126536,0.5549999999999999,0.093938685
504.0,0.445,0.432763875,0.5549999999999999,0.09436975
505.0,0.445,0.43426269500000003,0.5549999999999999,0.094801077
506.0,0.445,0.435761825,0.5549999999999999,0.095232661
507.0,0.445,0.43726125,0.5549999999999999,0.095664497
499.0,0.446,0.47456174500000003,0.554,0.084434118
500.0,0.446,0.475641995,0.554,0.084912362
501.0,0.446,0.47672163,0.554,0.08539139
502.0,0.446,0.47780064499999997,0.554,0.085871196
503.0,0.446,0.478879025,0.554,0.086351774
504.0,0.446,0.479956775,0.554,0.08683312
505.0,0.446,0.48103388,0.554,0.087315227
506.0,0.446,0.482110335,0.554,0.08779809
507.0,0.446,0.483186145,0.554,0.088281704
499.0,0.447,0.570829635,0.5529999999999999,0.07274631
500.0,0.447,0.572112255,0.5529999999999999,0.073160083
501.0,0.447,0.573394125,0.5529999999999999,0.073574543
502.0,0.447,0.574675235,0.5529999999999999,0.073989687
503.0,0.447,0.57595558,0.5529999999999999,0.074405508
504.0,0.447,0.57723516,0.5529999999999999,0.074822004
505.0,0.447,0.57851395,0.5529999999999999,0.075239167
506.0,0.447,0.5797919549999999,0.5529999999999999,0.075656995
507.0,0.447,0.5810691649999999,0.5529999999999999,0.076075481
499.0,0.448,0.6850442299999999,0.552,0.062755672
500.0,0.448,0.68656983,0.552,0.063113635
501.0,0.448,0.688094525,0.552,0.063472199
502.0,0.448,0.689618305,0.552,0.06383136
503.0,0.448,0.691141155,0.552,0.064191113
504.0,0.448,0.692663075,0.552,0.064551455
505.0,0.448,0.694184055,0.552,0.064912381
506.0,0.448,0.6957040800000001,0.552,0.065273887
507.0,0.448,0.6972231449999999,0.552,0.065635969
499.0,0.449,0.82026299,0.5509999999999999,0.054203839
500.0,0.449,0.82208096,0.5509999999999999,0.054513494
501.0,0.449,0.8238978450000001,0.5509999999999999,0.054823672
502.0,0.449,0.82571362,0.5509999999999999,0.055134369
503.0,0.449,0.827528295,0.5509999999999999,0.055445581
504.0,0.449,0.82934184,0.5509999999999999,0.055757305
505.0,0.449,0.83115426,0.5509999999999999,0.056069536
506.0,0.449,0.8329655300000001,0.5509999999999999,0.056382272
507.0,0.449,0.8347756550000001,0.5509999999999999,0.056695509
499.0,0.45,0.980018235,0.55,0.046873561
500.0,0.45,0.982188675,0.55,0.047141402
501.0,0.45,0.984357815,0.55,0.047409696
502.0,0.45,0.986525635,0.55,0.047678439
503.0,0.45,0.987357375,0.55,0.048000654
504.0,0.45,0.985465845,0.55,0.048432972
505.0,0.45,0.98358453,0.55,0.04886757
506.0,0.45,0.98171327,0.55,0.049304451
507.0,0.45,0.97985193,0.55,0.04974362
499.0,0.451,0.990154895,0.5489999999999999,0.04648053
500.0,0.451,0.991818825,0.5489999999999999,0.046766528
501.0,0.451,0.991171595,0.5489999999999999,0.047142849
502.0,0.451,0.98925924,0.5489999999999999,0.047570614
503.0,0.451,0.987357375,0.5489999999999999,0.048000654
504.0,0.451,0.985465845,0.5489999999999999,0.048432972
505.0,0.451,0.98358453,0.5489999999999999,0.04886757
506.0,0.451,0.98171327,0.5489999999999999,0.049304451
507.0,0.451,0.97985193,0.5489999999999999,0.04974362
499.0,0.452,0.990154895,0.548,0.04648053
500.0,0.452,0.991818825,0.548,0.046766528
501.0,0.452,0.991171595,0.548,0.047142849
502.0,0.452,0.98925924,0.548,0.047570614
503.0,0.452,0.987357375,0.548,0.048000654
504.0,0.452,0.985465845,0.548,0.048432972
505.0,0.452,0.98358453,0.548,0.04886757
506.0,0.452,0.98171327,0.548,0.049304451
507.0,0.452,0.97985193,0.548,0.04974362
499.0,0.453,0.990154895,0.5469999999999999,0.04648053
500.0,0.453,0.991818825,0.5469999999999999,0.046766528
501.0,0.453,0.991171595,0.5469999999999999,0.047142849
502.0,0.453,0.98925924,0.5469999999999999,0.047570614
503.0,0.453,0.987357375,0.5469999999999999,0.048000654
504.0,0.453,0.985465845,0.5469999999999999,0.048432972
505.0,0.453,0.98358453,0.5469999999999999,0.04886757
506.0,0.453,0.98171327,0.5469999999999999,0.049304451
507.0,0.453,0.97985193,0.5469999999999999,0.04974362
499.0,0.454,0.990154895,0.546,0.04648053
500.0,0.454,0.991818825,0.546,0.046766528
501.0,0.454,0.991171595,0.546,0.047142849
502.0,0.454,0.98925924,0.546,0.047570614
503.0,0.454,0.987357375,0.546,0.048000654
504.0,0.454,0.985465845,0.546,0.048432972
505.0,0.454,0.98358453,0.546,0.04886757
506.0,0.454,0.98171327,0.546,0.049304451
507.0,0.454,0.97985193,0.546,0.04974362
499.0,0.455,0.990154895,0.5449999999999999,0.04648053
500.0,0.455,0.991818825,0.5449999999999999,0.046766528
501.0,0.455,0.991171595,0.5449999999999999,0.047142849
502.0,0.455,0.98925924,0.5449999999999999,0.047570614
503.0,0.455,0.987357375,0.5449999999999999,0.048000654
504.0,0.455,0.985465845,0.5449999999999999,0.048432972
505.0,0.455,0.98358453,0.5449999999999999,0.04886757
506.0,0.455,0.98171327,0.5449999999999999,0.049304451
507.0,0.455,0.97985193,0.5449999999999999,0.04974362
499.0,0.456,0.990154895,0.544,0.04648053
500.0,0.456,0.991818825,0.544,0.046766528
501.0,0.456,0.991171595,0.544,0.047142849
502.0,0.456,0.98925924,0.544,0.047570614
503.0,0.456,0.987357375,0.544,0.048000654
504.0,0.456,0.985465845,0.544,0.048432972
505.0,0.456,0.98358453,0.544,0.04886757
506.0,0.456,0.98171327,0.544,0.049304451
507.0,0.456,0.97985193,0.544,0.04974362
499.0,0.457,0.990154895,0.5429999999999999,0.04648053
500.0,0.457,0.991818825,0.5429999999999999,0.046766528
501.0,0.457,0.991171595,0.5429999999999999,0.047142849
502.0,0.457,0.98925924,0.5429999999999999,0.047570614
503.0,0.457,0.987357375,0.5429999999999999,0.048000654
504.0,0.457,0.985465845,0.5429999999999999,0.048432972
505.0,0.457,0.98358453,0.5429999999999999,0.04886757
506.0,0.457,0.98171327,0.5429999999999999,0.049304451
507.0,0.457,0.97985193,0.5429999999999999,0.04974362
499.0,0.458,0.990154895,0.542,0.04648053
500.0,0.458,0.991818825,0.542,0.046766528
501.0,0.458,0.991171595,0.542,0.047142849
502.0,0.458,0.98925924,0.542,0.047570614
503.0,0.458,0.987357375,0.542,0.048000654
504.0,0.458,0.985465845,0.542,0.048432972
505.0,0.458,0.98358453,0.542,0.04886757
506.0,0.458,0.98171327,0.542,0.049304451
507.0,0.458,0.97985193,0.542,0.04974362
499.0,0.459,0.990154895,0.5409999999999999,0.04648053
500.0,0.459,0.991818825,0.5409999999999999,0.046766528
501.0,0.459,0.991171595,0.5409999999999999,0.047142849
502.0,0.459,0.98925924,0.5409999999999999,0.047570614
503.0,0.459,0.987357375,0.5409999999999999,0.048000654
504.0,0.459,0.985465845,0.5409999999999999,0.048432972
505.0,0.459,0.98358453,0.5409999999999999,0.04886757
506.0,0.459,0.98171327,0.5409999999999999,0.049304451
507.0,0.459,0.97985193,0.5409999999999999,0.04974362
499.0,0.46,0.990154895,0.54,0.04648053
500.0,0.46,0.991818825,0.54,0.046766528
501.0,0.46,0.991171595,0.54,0.047142849
502.0,0.46,0.98925924,0.54,0.047570614
503.0,0.46,0.987357375,0.54,0.048000654
504.0,0.46,0.985465845,0.54,0.048432972
505.0,0.46,0.98358453,0.54,0.04886757
506.0,0.46,0.98171327,0.54,0.049304451
507.0,0.46,0.97985193,0.54,0.04974362
499.0,0.461,0.990154895,0.5389999999999999,0.04648053
500.0,0.461,0.991818825,0.5389999999999999,0.046766528
501.0,0.461,0.991171595,0.5389999999999999,0.047142849
502.0,0.461,0.98925924,0.5389999999999999,0.047570614
503.0,0.461,0.987357375,0.5389999999999999,0.048000654
504.0,0.461,0.985465845,0.5389999999999999,0.048432972
505.0,0.461,0.98358453,0.5389999999999999,0.04886757
506.0,0.461,0.98171327,0.5389999999999999,0.049304451
507.0,0.461,0.97985193,0.5389999999999999,0.04974362
499.0,0.462,0.990154895,0.538,0.04648053
500.0,0.462,0.991818825,0.538,0.046766528
501.0,0.462,0.991171595,0.538,0.047142849
502.0,0.462,0.98925924,0.538,0.047570614
503.0,0.462,0.987357375,0.538,0.048000654
504.0,0.462,0.985465845,0.538,0.048432972
505.0,0.462,0.98358453,0.538,0.04886757
506.0,0.462,0.98171327,0.538,0.049304451
507.0,0.462,0.97985193,0.538,0.04974362
499.0,0.463,0.990154895,0.5369999999999999,0.04648053
500.0,0.463,0.991818825,0.5369999999999999,0.046766528
501.0,0.463,0.991171595,0.5369999999999999,0.047142849
502.0,0.463,0.98925924,0.5369999999999999,0.047570614
503.0,0.463,0.987357375,0.5369999999999999,0.048000654
504.0,0.463,0.985465845,0.5369999999999999,0.048432972
505.0,0.463,0.98358453,0.5369999999999999,0.04886757
506.0,0.463,0.98171327,0.5369999999999999,0.049304451
507.0,0.463,0.97985193,0.5369999999999999,0.04974362
499.0,0.464,0.990154895,0.536,0.04648053
500.0,0.464,0.991818825,0.536,0.046766528
501.0,0.464,0.991171595,0.536,0.047142849
502.0,0.464,0.98925924,0.536,0.047570614
503.0,0.464,0.987357375,0.536,0.048000654
504.0,0.464,0.985465845,0.536,0.048432972
505.0,0.464,0.98358453,0.536,0.04886757
506.0,0.464,0.98171327,0.536,0.049304451
507.0,0.464,0.97985193,0.536,0.04974362
499.0,0.465,0.990154895,0.5349999999999999,0.04648053
500.0,0.465,0.991818825,0.5349999999999999,0.046766528
501.0,0.465,0.991171595,0.5349999999999999,0.047142849
502.0,0.465,0.98925924,0.5349999999999999,0.047570614
503.0,0.465,0.987357375,0.5349999999999999,0.048000654
504.0,0.465,0.985465845,0.5349999999999999,0.048432972
505.0,0.465,0.98358453,0.5349999999999999,0.04886757
506.0,0.465,0.98171327,0.5349999999999999,0.049304451
507.0,0.465,0.97985193,0.5349999999999999,0.04974362
499.0,0.466,0.990154895,0.534,0.04648053
500.0,0.466,0.991818825,0.534,0.046766528
501.0,0.466,0.991171595,0.534,0.047142849
502.0,0.466,0.98925924,0.534,0.047570614
503.0,0.466,0.987357375,0.534,0.048000654
504.0,0.466,0.985465845,0.534,0.048432972
505.0,0.466,0.98358453,0.534,0.04886757
506.0,0.466,0.98171327,0.534,0.049304451
507.0,0.466,0.97985193,0.534,0.04974362
499.0,0.467,0.990154895,0.5329999999999999,0.04648053
500.0,0.467,0.991818825,0.5329999999999999,0.046766528
501.0,0.467,0.991171595,0.5329999999999999,0.047142849
502.0,0.467,0.98925924,0.5329999999999999,0.047570614
503.0,0.467,0.987357375,0.5329999999999999,0.048000654
504.0,0.467,0.985465845,0.5329999999999999,0.048432972
505.0,0.467,0.98358453,0.5329999999999999,0.04886757
506.0,0.467,0.98171327,0.5329999999999999,0.049304451
507.0,0.467,0.97985193,0.5329999999999999,0.04974362
499.0,0.468,0.990154895,0.532,0.04648053
500.0,0.468,0.991818825,0.532,0.046766528
501.0,0.468,0.991171595,0.532,0.047142849
502.0,0.468,0.98925924,0.532,0.047570614
503.0,0.468,0.987357375,0.532,0.048000654
504.0,0.468,0.985465845,0.532,0.048432972
505.0,0.468,0.98358453,0.532,0.04886757
506.0,0.468,0.98171327,0.532,0.049304451
507.0,0.468,0.97985193,0.532,0.04974362
499.0,0.469,0.990154895,0.531,0.04648053
500.0,0.469,0.991818825,0.531,0.046766528
501.0,0.469,0.991171595,0.531,0.047142849
502.0,0.469,0.98925924,0.531,0.047570614
503.0,0.469,0.987357375,0.531,0.048000654
504.0,0.469,0.985465845,0.531,0.048432972
505.0,0.469,0.98358453,0.531,0.04886757
506.0,0.469,0.98171327,0.531,0.049304451
507.0,0.469,0.97985193,0.531,0.04974362
499.0,0.47,0.990154895,0.53,0.04648053
500.0,0.47,0.991818825,0.53,0.046766528
501.0,0.47,0.991171595,0.53,0.047142849
502.0,0.47,0.98925924,0.53,0.047570614
503.0,0.47,0.987357375,0.53,0.048000654
504.0,0.47,0.985465845,0.53,0.048432972
505.0,0.47,0.98358453,0.53,0.04886757
506.0,0.47,0.98171327,0.53,0.049304451
507.0,0.47,0.97985193,0.53,0.04974362
499.0,0.471,0.990154895,0.529,0.04648053
500.0,0.471,0.991818825,0.529,0.046766528
501.0,0.471,0.991171595,0.529,0.047142849
502.0,0.471,0.98925924,0.529,0.047570614
503.0,0.471,0.987357375,0.529,0.048000654
504.0,0.471,0.985465845,0.529,0.048432972
505.0,0.471,0.98358453,0.529,0.04886757
506.0,0.471,0.98171327,0.529,0.049304451
507.0,0.471,0.97985193,0.529,0.04974362
499.0,0.472,0.990154895,0.528,0.04648053
500.0,0.472,0.991818825,0.528,0.046766528
501.0,0.472,0.991171595,0.528,0.047142849
502.0,0.472,0.98925924,0.528,0.047570614
503.0,0.472,0.987357375,0.528,0.048000654
504.0,0.472,0.985465845,0.528,0.048432972
505.0,0.472,0.98358453,0.528,0.04886757
506.0,0.472,0.98171327,0.528,0.049304451
507.0,0.472,0.97985193,0.528,0.04974362
499.0,0.473,0.990154895,0.527,0.04648053
500.0,0.473,0.991818825,0.527,0.046766528
501.0,0.473,0.991171595,0.527,0.047142849
502.0,0.473,0.98925924,0.527,0.047570614
503.0,0.473,0.987357375,0.527,0.048000654
504.0,0.473,0.985465845,0.527,0.048432972
505.0,0.473,0.98358453,0.527,0.04886757
506.0,0.473,0.98171327,0.527,0.049304451
507.0,0.473,0.97985193,0.527,0.04974362
499.0,0.474,0.990154895,0.526,0.04648053
500.0,0.474,0.991818825,0.526,0.046766528
501.0,0.474,0.991171595,0.526,0.047142849
502.0,0.474,0.98925924,0.526,0.047570614
503.0,0.474,0.987357375,0.526,0.048000654
504.0,0.474,0.985465845,0.526,0.048432972
505.0,0.474,0.98358453,0.526,0.04886757
506.0,0.474,0.98171327,0.526,0.049304451
507.0,0.474,0.97985193,0.526,0.04974362
499.0,0.475,0.990154895,0.525,0.04648053
500.0,0.475,0.991818825,0.525,0.046766528
501.0,0.475,0.991171595,0.525,0.047142849
502.0,0.475,0.98925924,0.525,0.047570614
503.0,0.475,0.987357375,0.525,0.048000654
504.0,0.475,0.985465845,0.525,0.048432972
505.0,0.475,0.98358453,0.525,0.04886757
506.0,0.475,0.98171327,0.525,0.049304451
507.0,0.475,0.97985193,0.525,0.04974362
499.0,0.476,0.990154895,0.524,0.04648053
500.0,0.476,0.991818825,0.524,0.046766528
501.0,0.476,0.991171595,0.524,0.047142849
502.0,0.476,0.98925924,0.524,0.047570614
503.0,0.476,0.987357375,0.524,0.048000654
504.0,0.476,0.985465845,0.524,0.048432972
505.0,0.476,0.98358453,0.524,0.04886757
506.0,0.476,0.98171327,0.524,0.049304451
507.0,0.476,0.97985193,0.524,0.04974362
499.0,0.477,0.990154895,0.523,0.04648053
500.0,0.477,0.991818825,0.523,0.046766528
501.0,0.477,0.991171595,0.523,0.047142849
502.0,0.477,0.98925924,0.523,0.047570614
503.0,0.477,0.987357375,0.523,0.048000654
504.0,0.477,0.985465845,0.523,0.048432972
505.0,0.477,0.98358453,0.523,0.04886757
506.0,0.477,0.98171327,0.523,0.049304451
507.0,0.477,0.97985193,0.523,0.04974362
499.0,0.478,0.990154895,0.522,0.04648053
500.0,0.478,0.991818825,0.522,0.046766528
501.0,0.478,0.991171595,0.522,0.047142849
502.0,0.478,0.98925924,0.522,0.047570614
503.0,0.478,0.987357375,0.522,0.048000654
504.0,0.478,0.985465845,0.522,0.048432972
505.0,0.478,0.98358453,0.522,0.04886757
506.0,0.478,0.98171327,0.522,0.049304451
507.0,0.478,0.97985193,0.522,0.04974362
499.0,0.479,0.990154895,0.521,0.04648053
500.0,0.479,0.991818825,0.521,0.046766528
501.0,0.479,0.991171595,0.521,0.047142849
502.0,0.479,0.98925924,0.521,0.047570614
503.0,0.479,0.987357375,0.521,0.048000654
504.0,0.479,0.985465845,0.521,0.048432972
505.0,0.479,0.98358453,0.521,0.04886757
506.0,0.479,0.98171327,0.521,0.049304451
507.0,0.479,0.97985193,0.521,0.04974362
499.0,0.48,0.990154895,0.52,0.04648053
500.0,0.48,0.991818825,0.52,0.046766528
501.0,0.48,0.991171595,0.52,0.047142849
502.0,0.48,0.98925924,0.52,0.047570614
503.0,0.48,0.987357375,0.52,0.048000654
504.0,0.48,0.985465845,0.52,0.048432972
505.0,0.48,0.98358453,0.52,0.04886757
506.0,0.48,0.98171327,0.52,0.049304451
507.0,0.48,0.97985193,0.52,0.04974362
499.0,0.481,0.990154895,0.519,0.04648053
500.0,0.481,0.991818825,0.519,0.046766528
501.0,0.481,0.991171595,0.519,0.047142849
502.0,0.481,0.98925924,0.519,0.047570614
503.0,0.481,0.987357375,0.519,0.048000654
504.0,0.481,0.985465845,0.519,0.048432972
505.0,0.481,0.98358453,0.519,0.04886757
506.0,0.481,0.98171327,0.519,0.049304451
507.0,0.481,0.97985193,0.519,0.04974362
499.0,0.482,0.990154895,0.518,0.04648053
500.0,0.482,0.991818825,0.518,0.046766528
501.0,0.482,0.991171595,0.518,0.047142849
502.0,0.482,0.98925924,0.518,0.047570614
503.0,0.482,0.987357375,0.518,0.048000654
504.0,0.482,0.985465845,0.518,0.048432972
505.0,0.482,0.98358453,0.518,0.04886757
506.0,0.482,0.98171327,0.518,0.049304451
507.0,0.482,0.97985193,0.518,0.04974362
499.0,0.483,0.990154895,0.517,0.04648053
500.0,0.483,0.991818825,0.517,0.046766528
501.0,0.483,0.991171595,0.517,0.047142849
502.0,0.483,0.98925924,0.517,0.047570614
503.0,0.483,0.987357375,0.517,0.048000654
504.0,0.483,0.985465845,0.517,0.048432972
505.0,0.483,0.98358453,0.517,0.04886757
506.0,0.483,0.98171327,0.517,0.049304451
507.0,0.483,0.97985193,0.517,0.04974362
499.0,0.484,0.990154895,0.516,0.04648053
500.0,0.484,0.991818825,0.516,0.046766528
501.0,0.484,0.991171595,0.516,0.047142849
502.0,0.484,0.98925924,0.516,0.047570614
503.0,0.484,0.987357375,0.516,0.048000654
504.0,0.484,0.985465845,0.516,0.048432972
505.0,0.484,0.98358453,0.516,0.04886757
506.0,0.484,0.98171327,0.516,0.049304451
507.0,0.484,0.97985193,0.516,0.04974362
499.0,0.485,0.990154895,0.515,0.04648053
500.0,0.485,0.991818825,0.515,0.046766528
501.0,0.485,0.991171595,0.515,0.047142849
502.0,0.485,0.98925924,0.515,0.047570614
503.0,0.485,0.987357375,0.515,0.048000654
504.0,0.485,0.985465845,0.515,0.048432972
505.0,0.485,0.98358453,0.515,0.04886757
506.0,0.485,0.98171327,0.515,0.049304451
507.0,0.485,0.97985193,0.515,0.04974362
499.0,0.486,0.990154895,0.514,0.04648053
500.0,0.486,0.991818825,0.514,0.046766528
501.0,0.486,0.991171595,0.514,0.047142849
502.0,0.486,0.98925924,0.514,0.047570614
503.0,0.486,0.987357375,0.514,0.048000654
504.0,0.486,0.985465845,0.514,0.048432972
505.0,0.486,0.98358453,0.514,0.04886757
506.0,0.486,0.98171327,0.514,0.049304451
507.0,0.486,0.97985193,0.514,0.04974362
499.0,0.487,0.990154895,0.513,0.04648053
500.0,0.487,0.991818825,0.513,0.046766528
501.0,0.487,0.991171595,0.513,0.047142849
502.0,0.487,0.98925924,0.513,0.047570614
503.0,0.487,0.987357375,0.513,0.048000654
504.0,0.487,0.985465845,0.513,0.048432972
505.0,0.487,0.98358453,0.513,0.04886757
506.0,0.487,0.98171327,0.513,0.049304451
507.0,0.487,0.97985193,0.513,0.04974362
499.0,0.488,0.990154895,0.512,0.04648053
500.0,0.488,0.991818825,0.512,0.046766528
501.0,0.488,0.991171595,0.512,0.047142849
502.0,0.488,0.98925924,0.512,0.047570614
503.0,0.488,0.987357375,0.512,0.048000654
504.0,0.488,0.985465845,0.512,0.048432972
505.0,0.488,0.98358453,0.512,0.04886757
506.0,0.488,0.98171327,0.512,0.049304451
507.0,0.488,0.97985193,0.512,0.04974362
499.0,0.489,0.990154895,0.511,0.04648053
500.0,0.489,0.991818825,0.511,0.046766528
501.0,0.489,0.991171595,0.511,0.047142849
502.0,0.489,0.98925924,0.511,0.047570614
503.0,0.489,0.987357375,0.511,0.048000654
504.0,0.489,0.985465845,0.511,0.048432972
505.0,0.489,0.98358453,0.511,0.04886757
506.0,0.489,0.98171327,0.511,0.049304451
507.0,0.489,0.97985193,0.511,0.04974362
499.0,0.49,0.990154895,0.51,0.04648053
500.0,0.49,0.991818825,0.51,0.046766528
501.0,0.49,0.991171595,0.51,0.047142849
502.0,0.49,0.98925924,0.51,0.047570614
503.0,0.49,0.987357375,0.51,0.048000654
504.0,0.49,0.985465845,0.51,0.048432972
505.0,0.49,0.98358453,0.51,0.04886757
506.0,0.49,0.98171327,0.51,0.049304451
507.0,0.49,0.97985193,0.51,0.04974362
499.0,0.491,0.990154895,0.509,0.04648053
500.0,0.491,0.991818825,0.509,0.046766528
501.0,0.491,0.991171595,0.509,0.047142849
502.0,0.491,0.98925924,0.509,0.047570614
503.0,0.491,0.987357375,0.509,0.048000654
504.0,0.491,0.985465845,0.509,0.048432972
505.0,0.491,0.98358453,0.509,0.04886757
506.0,0.491,0.98171327,0.509,0.049304451
507.0,0.491,0.97985193,0.509,0.04974362
499.0,0.492,0.990154895,0.508,0.04648053
500.0,0.492,0.991818825,0.508,0.046766528
501.0,0.492,0.991171595,0.508,0.047142849
502.0,0.492,0.98925924,0.508,0.047570614
503.0,0.492,0.987357375,0.508,0.048000654
504.0,0.492,0.985465845,0.508,0.048432972
505.0,0.492,0.98358453,0.508,0.04886757
506.0,0.492,0.98171327,0.508,0.049304451
507.0,0.492,0.97985193,0.508,0.04974362
499.0,0.493,0.990154895,0.507,0.04648053
500.0,0.493,0.991818825,0.507,0.046766528
501.0,0.493,0.991171595,0.507,0.047142849
502.0,0.493,0.98925924,0.507,0.047570614
503.0,0.493,0.987357375,0.507,0.048000654
504.0,0.493,0.985465845,0.507,0.048432972
505.0,0.493,0.98358453,0.507,0.04886757
506.0,0.493,0.98171327,0.507,0.049304451
507.0,0.493,0.97985193,0.507,0.04974362
499.0,0.494,0.990154895,0.506,0.04648053
500.0,0.494,0.991818825,0.506,0.046766528
501.0,0.494,0.991171595,0.506,0.047142849
502.0,0.494,0.98925924,0.506,0.047570614
503.0,0.494,0.987357375,0.506,0.048000654
504.0,0.494,0.985465845,0.506,0.048432972
505.0,0.494,0.98358453,0.506,0.04886757
506.0,0.494,0.98171327,0.506,0.049304451
507.0,0.494,0.97985193,0.506,0.04974362
499.0,0.495,0.990154895,0.505,0.04648053
500.0,0.495,0.991818825,0.505,0.046766528
501.0,0.495,0.991171595,0.505,0.047142849
502.0,0.495,0.98925924,0.505,0.047570614
503.0,0.495,0.987357375,0.505,0.048000654
504.0,0.495,0.985465845,0.505,0.048432972
505.0,0.495,0.98358453,0.505,0.04886757
506.0,0.495,0.98171327,0.505,0.049304451
507.0,0.495,0.97985193,0.505,0.04974362
499.0,0.496,0.990154895,0.504,0.04648053
500.0,0.496,0.991818825,0.504,0.046766528
501.0,0.496,0.991171595,0.504,0.047142849
502.0,0.496,0.98925924,0.504,0.047570614
503.0,0.496,0.987357375,0.504,0.048000654
504.0,0.496,0.985465845,0.504,0.048432972
505.0,0.496,0.98358453,0.504,0.04886757
506.0,0.496,0.98171327,0.504,0.049304451
507.0,0.496,0.97985193,0.504,0.04974362
499.0,0.497,0.990154895,0.503,0.04648053
500.0,0.497,0.991818825,0.503,0.046766528
501.0,0.497,0.991171595,0.503,0.047142849
502.0,0.497,0.98925924,0.503,0.047570614
503.0,0.497,0.987357375,0.503,0.048000654
504.0,0.497,0.985465845,0.503,0.048432972
505.0,0.497,0.98358453,0.503,0.04886757
506.0,0.497,0.98171327,0.503,0.049304451
507.0,0.497,0.97985193,0.503,0.04974362
499.0,0.498,0.990154895,0.502,0.04648053
500.0,0.498,0.991818825,0.502,0.046766528
501.0,0.498,0.991171595,0.502,0.047142849
502.0,0.498,0.98925924,0.502,0.047570614
503.0,0.498,0.987357375,0.502,0.048000654
504.0,0.498,0.985465845,0.502,0.048432972
505.0,0.498,0.98358453,0.502,0.04886757
506.0,0.498,0.98171327,0.502,0.049304451
507.0,0.498,0.97985193,0.502,0.04974362
499.0,0.499,0.990154895,0.501,0.04648053
500.0,0.499,0.991818825,0.501,0.046766528
501.0,0.499,0.991171595,0.501,0.047142849
502.0,0.499,0.98925924,0.501,0.047570614
503.0,0.499,0.987357375,0.501,0.048000654
504.0,0.499,0.985465845,0.501,0.048432972
505.0,0.499,0.98358453,0.501,0.04886757
506.0,0.499,0.98171327,0.501,0.049304451
507.0,0.499,0.97985193,0.501,0.04974362
499.0,0.5,0.990154895,0.5,0.04648053
500.0,0.5,0.991818825,0.5,0.046766528
501.0,0.5,0.991171595,0.5,0.047142849
502.0,0.5,0.98925924,0.5,0.047570614
503.0,0.5,0.987357375,0.5,0.048000654
504.0,0.5,0.985465845,0.5,0.048432972
505.0,0.5,0.98358453,0.5,0.04886757
506.0,0.5,0.98171327,0.5,0.049304451
507.0,0.5,0.97985193,0.5,0.04974362
499.0,0.501,0.990154895,0.499,0.04648053
500.0,0.501,0.991818825,0.499,0.046766528
501.0,0.501,0.991171595,0.499,0.047142849
502.0,0.501,0.98925924,0.499,0.047570614
503.0,0.501,0.987357375,0.499,0.048000654
504.0,0.501,0.985465845,0.499,0.048432972
505.0,0.501,0.98358453,0.499,0.04886757
506.0,0.501,0.98171327,0.499,0.049304451
507.0,0.501,0.97985193,0.499,0.04974362
499.0,0.502,0.990154895,0.498,0.04648053
500.0,0.502,0.991818825,0.498,0.046766528
501.0,0.502,0.991171595,0.498,0.047142849
502.0,0.502,0.98925924,0.498,0.047570614
503.0,0.502,0.987357375,0.498,0.048000654
504.0,0.502,0.985465845,0.498,0.048432972
505.0,0.502,0.98358453,0.498,0.04886757
506.0,0.502,0.98171327,0.498,0.049304451
507.0,0.502,0.97985193,0.498,0.04974362
499.0,0.503,0.990154895,0.497,0.04648053
500.0,0.503,0.991818825,0.497,0.046766528
501.0,0.503,0.991171595,0.497,0.047142849
502.0,0.503,0.98925924,0.497,0.047570614
503.0,0.503,0.987357375,0.497,0.048000654
504.0,0.503,0.985465845,0.497,0.048432972
505.0,0.503,0.98358453,0.497,0.04886757
506.0,0.503,0.98171327,0.497,0.049304451
507.0,0.503,0.97985193,0.497,0.04974362
499.0,0.504,0.990154895,0.496,0.04648053
500.0,0.504,0.991818825,0.496,0.046766528
501.0,0.504,0.991171595,0.496,0.047142849
502.0,0.504,0.98925924,0.496,0.047570614
503.0,0.504,0.987357375,0.496,0.048000654
504.0,0.504,0.985465845,0.496,0.048432972
505.0,0.504,0.98358453,0.496,0.04886757
506.0,0.504,0.98171327,0.496,0.049304451
507.0,0.504,0.97985193,0.496,0.04974362
499.0,0.505,0.990154895,0.495,0.04648053
500.0,0.505,0.991818825,0.495,0.046766528
501.0,0.505,0.991171595,0.495,0.047142849
502.0,0.505,0.98925924,0.495,0.047570614
503.0,0.505,0.987357375,0.495,0.048000654
504.0,0.505,0.985465845,0.495,0.048432972
505.0,0.505,0.98358453,0.495,0.04886757
506.0,0.505,0.98171327,0.495,0.049304451
507.0,0.505,0.97985193,0.495,0.04974362
499.0,0.506,0.990154895,0.494,0.04648053
500.0,0.506,0.991818825,0.494,0.046766528
501.0,0.506,0.991171595,0.494,0.047142849
502.0,0.506,0.98925924,0.494,0.047570614
503.0,0.506,0.987357375,0.494,0.048000654
504.0,0.506,0.985465845,0.494,0.048432972
505.0,0.506,0.98358453,0.494,0.04886757
506.0,0.506,0.98171327,0.494,0.049304451
507.0,0.506,0.97985193,0.494,0.04974362
499.0,0.507,0.990154895,0.493,0.04648053
500.0,0.507,0.991818825,0.493,0.046766528
501.0,0.507,0.991171595,0.493,0.047142849
502.0,0.507,0.98925924,0.493,0.047570614
503.0,0.507,0.987357375,0.493,0.048000654
504.0,0.507,0.985465845,0.493,0.048432972
505.0,0.507,0.98358453,0.493,0.04886757
506.0,0.507,0.98171327,0.493,0.049304451
507.0,0.507,0.97985193,0.493,0.04974362
499.0,0.508,0.990154895,0.492,0.04648053
500.0,0.508,0.991818825,0.492,0.046766528
501.0,0.508,0.991171595,0.492,0.047142849
502.0,0.508,0.98925924,0.492,0.047570614
503.0,0.508,0.987357375,0.492,0.048000654
504.0,0.508,0.985465845,0.492,0.048432972
505.0,0.508,0.98358453,0.492,0.04886757
506.0,0.508,0.98171327,0.492,0.049304451
507.0,0.508,0.97985193,0.492,0.04974362
499.0,0.509,0.990154895,0.491,0.04648053
500.0,0.509,0.991818825,0.491,0.046766528
501.0,0.509,0.991171595,0.491,0.047142849
502.0,0.509,0.98925924,0.491,0.047570614
503.0,0.509,0.987357375,0.491,0.048000654
504.0,0.509,0.985465845,0.491,0.048432972
505.0,0.509,0.98358453,0.491,0.04886757
506.0,0.509,0.98171327,0.491,0.049304451
507.0,0.509,0.97985193,0.491,0.04974362
499.0,0.51,0.990154895,0.49,0.04648053
500.0,0.51,0.991818825,0.49,0.046766528
501.0,0.51,0.991171595,0.49,0.047142849
502.0,0.51,0.98925924,0.49,0.047570614
503.0,0.51,0.987357375,0.49,0.048000654
504.0,0.51,0.985465845,0.49,0.048432972
505.0,0.51,0.98358453,0.49,0.04886757
506.0,0.51,0.98171327,0.49,0.049304451
507.0,0.51,0.97985193,0.49,0.04974362
499.0,0.511,0.990154895,0.489,0.04648053
500.0,0.511,0.991818825,0.489,0.046766528
501.0,0.511,0.991171595,0.489,0.047142849
502.0,0.511,0.98925924,0.489,0.047570614
503.0,0.511,0.987357375,0.489,0.048000654
504.0,0.511,0.985465845,0.489,0.048432972
505.0,0.511,0.98358453,0.489,0.04886757
506.0,0.511,0.98171327,0.489,0.049304451
507.0,0.511,0.97985193,0.489,0.04974362
499.0,0.512,0.990154895,0.488,0.04648053
500.0,0.512,0.991818825,0.488,0.046766528
501.0,0.512,0.991171595,0.488,0.047142849
502.0,0.512,0.98925924,0.488,0.047570614
503.0,0.512,0.987357375,0.488,0.048000654
504.0,0.512,0.985465845,0.488,0.048432972
505.0,0.512,0.98358453,0.488,0.04886757
506.0,0.512,0.98171327,0.488,0.049304451
507.0,0.512,0.97985193,0.488,0.04974362
499.0,0.513,0.990154895,0.487,0.04648053
500.0,0.513,0.991818825,0.487,0.046766528
501.0,0.513,0.991171595,0.487,0.047142849
502.0,0.513,0.98925924,0.487,0.047570614
503.0,0.513,0.987357375,0.487,0.048000654
504.0,0.513,0.985465845,0.487,0.048432972
505.0,0.513,0.98358453,0.487,0.04886757
506.0,0.513,0.98171327,0.487,0.049304451
507.0,0.513,0.97985193,0.487,0.04974362
499.0,0.514,0.990154895,0.486,0.04648053
500.0,0.514,0.991818825,0.486,0.046766528
501.0,0.514,0.991171595,0.486,0.047142849
502.0,0.514,0.98925924,0.486,0.047570614
503.0,0.514,0.987357375,0.486,0.048000654
504.0,0.514,0.985465845,0.486,0.048432972
505.0,0.514,0.98358453,0.486,0.04886757
506.0,0.514,0.98171327,0.486,0.049304451
507.0,0.514,0.97985193,0.486,0.04974362
499.0,0.515,0.990154895,0.485,0.04648053
500.0,0.515,0.991818825,0.485,0.046766528
501.0,0.515,0.991171595,0.485,0.047142849
502.0,0.515,0.98925924,0.485,0.047570614
503.0,0.515,0.987357375,0.485,0.048000654
504.0,0.515,0.985465845,0.485,0.048432972
505.0,0.515,0.98358453,0.485,0.04886757
506.0,0.515,0.98171327,0.485,0.049304451
507.0,0.515,0.97985193,0.485,0.04974362
499.0,0.516,0.990154895,0.484,0.04648053
500.0,0.516,0.991818825,0.484,0.046766528
501.0,0.516,0.991171595,0.484,0.047142849
502.0,0.516,0.98925924,0.484,0.047570614
503.0,0.516,0.987357375,0.484,0.048000654
504.0,0.516,0.985465845,0.484,0.048432972
505.0,0.516,0.98358453,0.484,0.04886757
506.0,0.516,0.98171327,0.484,0.049304451
507.0,0.516,0.97985193,0.484,0.04974362
499.0,0.517,0.990154895,0.483,0.04648053
500.0,0.517,0.991818825,0.483,0.046766528
501.0,0.517,0.991171595,0.483,0.047142849
502.0,0.517,0.98925924,0.483,0.047570614
503.0,0.517,0.987357375,0.483,0.048000654
504.0,0.517,0.985465845,0.483,0.048432972
505.0,0.517,0.98358453,0.483,0.04886757
506.0,0.517,0.98171327,0.483,0.049304451
507.0,0.517,0.97985193,0.483,0.04974362
499.0,0.518,0.990154895,0.482,0.04648053
500.0,0.518,0.991818825,0.482,0.046766528
501.0,0.518,0.991171595,0.482,0.047142849
502.0,0.518,0.98925924,0.482,0.047570614
503.0,0.518,0.987357375,0.482,0.048000654
504.0,0.518,0.985465845,0.482,0.048432972
505.0,0.518,0.98358453,0.482,0.04886757
506.0,0.518,0.98171327,0.482,0.049304451
507.0,0.518,0.97985193,0.482,0.04974362
499.0,0.519,0.990154895,0.481,0.04648053
500.0,0.519,0.991818825,0.481,0.046766528
501.0,0.519,0.991171595,0.481,0.047142849
502.0,0.519,0.98925924,0.481,0.047570614
503.0,0.519,0.987357375,0.481,0.048000654
504.0,0.519,0.985465845,0.481,0.048432972
505.0,0.519,0.98358453,0.481,0.04886757
506.0,0.519,0.98171327,0.481,0.049304451
507.0,0.519,0.97985193,0.481,0.04974362
499.0,0.52,0.990154895,0.48,0.04648053
500.0,0.52,0.991818825,0.48,0.046766528
501.0,0.52,0.991171595,0.48,0.047142849
502.0,0.52,0.98925924,0.48,0.047570614
503.0,0.52,0.987357375,0.48,0.048000654
504.0,0.52,0.985465845,0.48,0.048432972
505.0,0.52,0.98358453,0.48,0.04886757
506.0,0.52,0.98171327,0.48,0.049304451
507.0,0.52,0.97985193,0.48,0.04974362
499.0,0.521,0.990154895,0.479,0.04648053
500.0,0.521,0.991818825,0.479,0.046766528
501.0,0.521,0.991171595,0.479,0.047142849
502.0,0.521,0.98925924,0.479,0.047570614
503.0,0.521,0.987357375,0.479,0.048000654
504.0,0.521,0.985465845,0.479,0.048432972
505.0,0.521,0.98358453,0.479,0.04886757
506.0,0.521,0.98171327,0.479,0.049304451
507.0,0.521,0.97985193,0.479,0.04974362
499.0,0.522,0.990154895,0.478,0.04648053
500.0,0.522,0.991818825,0.478,0.046766528
501.0,0.522,0.991171595,0.478,0.047142849
502.0,0.522,0.98925924,0.478,0.047570614
503.0,0.522,0.987357375,0.478,0.048000654
504.0,0.522,0.985465845,0.478,0.048432972
505.0,0.522,0.98358453,0.478,0.04886757
506.0,0.522,0.98171327,0.478,0.049304451
507.0,0.522,0.97985193,0.478,0.04974362
499.0,0.523,0.990154895,0.477,0.04648053
500.0,0.523,0.991818825,0.477,0.046766528
501.0,0.523,0.991171595,0.477,0.047142849
502.0,0.523,0.98925924,0.477,0.047570614
503.0,0.523,0.987357375,0.477,0.048000654
504.0,0.523,0.985465845,0.477,0.048432972
505.0,0.523,0.98358453,0.477,0.04886757
506.0,0.523,0.98171327,0.477,0.049304451
507.0,0.523,0.97985193,0.477,0.04974362
499.0,0.524,0.990154895,0.476,0.04648053
500.0,0.524,0.991818825,0.476,0.046766528
501.0,0.524,0.991171595,0.476,0.047142849
502.0,0.524,0.98925924,0.476,0.047570614
503.0,0.524,0.987357375,0.476,0.048000654
504.0,0.524,0.985465845,0.476,0.048432972
505.0,0.524,0.98358453,0.476,0.04886757
506.0,0.524,0.98171327,0.476,0.049304451
507.0,0.524,0.97985193,0.476,0.04974362
499.0,0.525,0.990154895,0.475,0.04648053
500.0,0.525,0.991818825,0.475,0.046766528
501.0,0.525,0.991171595,0.475,0.047142849
502.0,0.525,0.98925924,0.475,0.047570614
503.0,0.525,0.987357375,0.475,0.048000654
504.0,0.525,0.985465845,0.475,0.048432972
505.0,0.525,0.98358453,0.475,0.04886757
506.0,0.525,0.98171327,0.475,0.049304451
507.0,0.525,0.97985193,0.475,0.04974362
499.0,0.526,0.990154895,0.474,0.04648053
500.0,0.526,0.991818825,0.474,0.046766528
501.0,0.526,0.991171595,0.474,0.047142849
502.0,0.526,0.98925924,0.474,0.047570614
503.0,0.526,0.987357375,0.474,0.048000654
504.0,0.526,0.985465845,0.474,0.048432972
505.0,0.526,0.98358453,0.474,0.04886757
506.0,0.526,0.98171327,0.474,0.049304451
507.0,0.526,0.97985193,0.474,0.04974362
499.0,0.527,0.990154895,0.473,0.04648053
500.0,0.527,0.991818825,0.473,0.046766528
501.0,0.527,0.991171595,0.473,0.047142849
502.0,0.527,0.98925924,0.473,0.047570614
503.0,0.527,0.987357375,0.473,0.048000654
504.0,0.527,0.985465845,0.473,0.048432972
505.0,0.527,0.98358453,0.473,0.04886757
506.0,0.527,0.98171327,0.473,0.049304451
507.0,0.527,0.97985193,0.473,0.04974362
499.0,0.528,0.990154895,0.472,0.04648053
500.0,0.528,0.991818825,0.472,0.046766528
501.0,0.528,0.991171595,0.472,0.047142849
502.0,0.528,0.98925924,0.472,0.047570614
503.0,0.528,0.987357375,0.472,0.048000654
504.0,0.528,0.985465845,0.472,0.048432972
505.0,0.528,0.98358453,0.472,0.04886757
506.0,0.528,0.98171327,0.472,0.049304451
507.0,0.528,0.97985193,0.472,0.04974362
499.0,0.529,0.990154895,0.471,0.04648053
500.0,0.529,0.991818825,0.471,0.046766528
501.0,0.529,0.991171595,0.471,0.047142849
502.0,0.529,0.98925924,0.471,0.047570614
503.0,0.529,0.987357375,0.471,0.048000654
504.0,0.529,0.985465845,0.471,0.048432972
505.0,0.529,0.98358453,0.471,0.04886757
506.0,0.529,0.98171327,0.471,0.049304451
507.0,0.529,0.97985193,0.471,0.04974362
499.0,0.53,0.990154895,0.47,0.04648053
500.0,0.53,0.991818825,0.47,0.046766528
501.0,0.53,0.991171595,0.47,0.047142849
502.0,0.53,0.98925924,0.47,0.047570614
503.0,0.53,0.987357375,0.47,0.048000654
504.0,0.53,0.985465845,0.47,0.048432972
505.0,0.53,0.98358453,0.47,0.04886757
506.0,0.53,0.98171327,0.47,0.049304451
507.0,0.53,0.97985193,0.47,0.04974362
499.0,0.531,0.990154895,0.469,0.04648053
500.0,0.531,0.991818825,0.469,0.046766528
501.0,0.531,0.991171595,0.469,0.047142849
502.0,0.531,0.98925924,0.469,0.047570614
503.0,0.531,0.987357375,0.469,0.048000654
504.0,0.531,0.985465845,0.469,0.048432972
505.0,0.531,0.98358453,0.469,0.04886757
506.0,0.531,0.98171327,0.469,0.049304451
507.0,0.531,0.97985193,0.469,0.04974362
499.0,0.532,0.990154895,0.46799999999999997,0.04648053
500.0,0.532,0.991818825,0.46799999999999997,0.046766528
501.0,0.532,0.991171595,0.46799999999999997,0.047142849
502.0,0.532,0.98925924,0.46799999999999997,0.047570614
503.0,0.532,0.987357375,0.46799999999999997,0.048000654
504.0,0.532,0.985465845,0.46799999999999997,0.048432972
505.0,0.532,0.98358453,0.46799999999999997,0.04886757
506.0,0.532,0.98171327,0.46799999999999997,0.049304451
507.0,0.532,0.97985193,0.46799999999999997,0.04974362
499.0,0.533,0.990154895,0.46699999999999997,0.04648053
500.0,0.533,0.991818825,0.46699999999999997,0.046766528
501.0,0.533,0.991171595,0.46699999999999997,0.047142849
502.0,0.533,0.98925924,0.46699999999999997,0.047570614
503.0,0.533,0.987357375,0.46699999999999997,0.048000654
504.0,0.533,0.985465845,0.46699999999999997,0.048432972
505.0,0.533,0.98358453,0.46699999999999997,0.04886757
506.0,0.533,0.98171327,0.46699999999999997,0.049304451
507.0,0.533,0.97985193,0.46699999999999997,0.04974362
499.0,0.534,0.990154895,0.46599999999999997,0.04648053
500.0,0.534,0.991818825,0.46599999999999997,0.046766528
501.0,0.534,0.991171595,0.46599999999999997,0.047142849
502.0,0.534,0.98925924,0.46599999999999997,0.047570614
503.0,0.534,0.987357375,0.46599999999999997,0.048000654
504.0,0.534,0.985465845,0.46599999999999997,0.048432972
505.0,0.534,0.98358453,0.46599999999999997,0.04886757
506.0,0.534,0.98171327,0.46599999999999997,0.049304451
507.0,0.534,0.97985193,0.46599999999999997,0.04974362
499.0,0.535,0.990154895,0.46499999999999997,0.04648053
500.0,0.535,0.991818825,0.46499999999999997,0.046766528
501.0,0.535,0.991171595,0.46499999999999997,0.047142849
502.0,0.535,0.98925924,0.46499999999999997,0.047570614
503.0,0.535,0.987357375,0.46499999999999997,0.048000654
504.0,0.535,0.985465845,0.46499999999999997,0.048432972
505.0,0.535,0.98358453,0.46499999999999997,0.04886757
506.0,0.535,0.98171327,0.46499999999999997,0.049304451
507.0,0.535,0.97985193,0.46499999999999997,0.04974362
499.0,0.536,0.990154895,0.46399999999999997,0.04648053
500.0,0.536,0.991818825,0.46399999999999997,0.046766528
501.0,0.536,0.991171595,0.46399999999999997,0.047142849
502.0,0.536,0.98925924,0.46399999999999997,0.047570614
503.0,0.536,0.987357375,0.46399999999999997,0.048000654
504.0,0.536,0.985465845,0.46399999999999997,0.048432972
505.0,0.536,0.98358453,0.46399999999999997,0.04886757
506.0,0.536,0.98171327,0.46399999999999997,0.049304451
507.0,0.536,0.97985193,0.46399999999999997,0.04974362
499.0,0.537,0.990154895,0.46299999999999997,0.04648053
500.0,0.537,0.991818825,0.46299999999999997,0.046766528
501.0,0.537,0.991171595,0.46299999999999997,0.047142849
502.0,0.537,0.98925924,0.46299999999999997,0.047570614
503.0,0.537,0.987357375,0.46299999999999997,0.048000654
504.0,0.537,0.985465845,0.46299999999999997,0.048432972
505.0,0.537,0.98358453,0.46299999999999997,0.04886757
506.0,0.537,0.98171327,0.46299999999999997,0.049304451
507.0,0.537,0.97985193,0.46299999999999997,0.04974362
499.0,0.538,0.990154895,0.46199999999999997,0.04648053
500.0,0.538,0.991818825,0.46199999999999997,0.046766528
501.0,0.538,0.991171595,0.46199999999999997,0.047142849
502.0,0.538,0.98925924,0.46199999999999997,0.047570614
503.0,0.538,0.987357375,0.46199999999999997,0.048000654
504.0,0.538,0.985465845,0.46199999999999997,0.048432972
505.0,0.538,0.98358453,0.46199999999999997,0.04886757
506.0,0.538,0.98171327,0.46199999999999997,0.049304451
507.0,0.538,0.97985193,0.46199999999999997,0.04974362
499.0,0.539,0.990154895,0.46099999999999997,0.04648053
500.0,0.539,0.991818825,0.46099999999999997,0.046766528
501.0,0.539,0.991171595,0.46099999999999997,0.047142849
502.0,0.539,0.98925924,0.46099999999999997,0.047570614
503.0,0.539,0.987357375,0.46099999999999997,0.048000654
504.0,0.539,0.985465845,0.46099999999999997,0.048432972
505.0,0.539,0.98358453,0.46099999999999997,0.04886757
506.0,0.539,0.98171327,0.46099999999999997,0.049304451
507.0,0.539,0.97985193,0.46099999999999997,0.04974362
499.0,0.54,0.990154895,0.45999999999999996,0.04648053
500.0,0.54,0.991818825,0.45999999999999996,0.046766528
501.0,0.54,0.991171595,0.45999999999999996,0.047142849
502.0,0.54,0.98925924,0.45999999999999996,0.047570614
503.0,0.54,0.987357375,0.45999999999999996,0.048000654
504.0,0.54,0.985465845,0.45999999999999996,0.048432972
505.0,0.54,0.98358453,0.45999999999999996,0.04886757
506.0,0.54,0.98171327,0.45999999999999996,0.049304451
507.0,0.54,0.97985193,0.45999999999999996,0.04974362
499.0,0.541,0.990154895,0.45899999999999996,0.04648053
500.0,0.541,0.991818825,0.45899999999999996,0.046766528
501.0,0.541,0.991171595,0.45899999999999996,0.047142849
502.0,0.541,0.98925924,0.45899999999999996,0.047570614
503.0,0.541,0.987357375,0.45899999999999996,0.048000654
504.0,0.541,0.985465845,0.45899999999999996,0.048432972
505.0,0.541,0.98358453,0.45899999999999996,0.04886757
506.0,0.541,0.98171327,0.45899999999999996,0.049304451
507.0,0.541,0.97985193,0.45899999999999996,0.04974362
499.0,0.542,0.990154895,0.45799999999999996,0.04648053
500.0,0.542,0.991818825,0.45799999999999996,0.046766528
501.0,0.542,0.991171595,0.45799999999999996,0.047142849
502.0,0.542,0.98925924,0.45799999999999996,0.047570614
503.0,0.542,0.987357375,0.45799999999999996,0.048000654
504.0,0.542,0.985465845,0.45799999999999996,0.048432972
505.0,0.542,0.98358453,0.45799999999999996,0.04886757
506.0,0.542,0.98171327,0.45799999999999996,0.049304451
507.0,0.542,0.97985193,0.45799999999999996,0.04974362
499.0,0.543,0.990154895,0.45699999999999996,0.04648053
500.0,0.543,0.991818825,0.45699999999999996,0.046766528
501.0,0.543,0.991171595,0.45699999999999996,0.047142849
502.0,0.543,0.98925924,0.45699999999999996,0.047570614
503.0,0.543,0.987357375,0.45699999999999996,0.048000654
504.0,0.543,0.985465845,0.45699999999999996,0.048432972
505.0,0.543,0.98358453,0.45699999999999996,0.04886757
506.0,0.543,0.98171327,0.45699999999999996,0.049304451
507.0,0.543,0.97985193,0.45699999999999996,0.04974362
499.0,0.544,0.990154895,0.45599999999999996,0.04648053
500.0,0.544,0.991818825,0.45599999999999996,0.046766528
501.0,0.544,0.991171595,0.45599999999999996,0.047142849
502.0,0.544,0.98925924,0.45599999999999996,0.047570614
503.0,0.544,0.987357375,0.45599999999999996,0.048000654
504.0,0.544,0.985465845,0.45599999999999996,0.048432972
505.0,0.544,0.98358453,0.45599999999999996,0.04886757
506.0,0.544,0.98171327,0.45599999999999996,0.049304451
507.0,0.544,0.97985193,0.45599999999999996,0.04974362
499.0,0.545,0.990154895,0.45499999999999996,0.04648053
500.0,0.545,0.991818825,0.45499999999999996,0.046766528
501.0,0.545,0.991171595,0.45499999999999996,0.047142849
502.0,0.545,0.98925924,0.45499999999999996,0.047570614
503.0,0.545,0.987357375,0.45499999999999996,0.048000654
504.0,0.545,0.985465845,0.45499999999999996,0.048432972
505.0,0.545,0.98358453,0.45499999999999996,0.04886757
506.0,0.545,0.98171327,0.45499999999999996,0.049304451
507.0,0.545,0.97985193,0.45499999999999996,0.04974362
499.0,0.546,0.990154895,0.45399999999999996,0.04648053
500.0,0.546,0.991818825,0.45399999999999996,0.046766528
501.0,0.546,0.991171595,0.45399999999999996,0.047142849
502.0,0.546,0.98925924,0.45399999999999996,0.047570614
503.0,0.546,0.987357375,0.45399999999999996,0.048000654
504.0,0.546,0.985465845,0.45399999999999996,0.048432972
505.0,0.546,0.98358453,0.45399999999999996,0.04886757
506.0,0.546,0.98171327,0.45399999999999996,0.049304451
507.0,0.546,0.97985193,0.45399999999999996,0.04974362
499.0,0.547,0.990154895,0.45299999999999996,0.04648053
500.0,0.547,0.991818825,0.45299999999999996,0.046766528
501.0,0.547,0.991171595,0.45299999999999996,0.047142849
502.0,0.547,0.98925924,0.45299999999999996,0.047570614
503.0,0.547,0.987357375,0.45299999999999996,0.048000654
504.0,0.547,0.985465845,0.45299999999999996,0.048432972
505.0,0.547,0.98358453,0.45299999999999996,0.04886757
506.0,0.547,0.98171327,0.45299999999999996,0.049304451
507.0,0.547,0.97985193,0.45299999999999996,0.04974362
499.0,0.548,0.990154895,0.45199999999999996,0.04648053
500.0,0.548,0.991818825,0.45199999999999996,0.046766528
501.0,0.548,0.991171595,0.45199999999999996,0.047142849
502.0,0.548,0.98925924,0.45199999999999996,0.047570614
503.0,0.548,0.987357375,0.45199999999999996,0.048000654
504.0,0.548,0.985465845,0.45199999999999996,0.048432972
505.0,0.548,0.98358453,0.45199999999999996,0.04886757
506.0,0.548,0.98171327,0.45199999999999996,0.049304451
507.0,0.548,0.97985193,0.45199999999999996,0.04974362
499.0,0.549,0.990154895,0.45099999999999996,0.04648053
500.0,0.549,0.991818825,0.45099999999999996,0.046766528
501.0,0.549,0.991171595,0.45099999999999996,0.047142849
502.0,0.549,0.98925924,0.45099999999999996,0.047570614
503.0,0.549,0.987357375,0.45099999999999996,0.048000654
504.0,0.549,0.985465845,0.45099999999999996,0.048432972
505.0,0.549,0.98358453,0.45099999999999996,0.04886757
506.0,0.549,0.98171327,0.45099999999999996,0.049304451
507.0,0.549,0.97985193,0.45099999999999996,0.04974362
499.0,0.55,0.990154895,0.44999999999999996,0.04648053
500.0,0.55,0.991818825,0.44999999999999996,0.046766528
501.0,0.55,0.991171595,0.44999999999999996,0.047142849
502.0,0.55,0.98925924,0.44999999999999996,0.047570614
503.0,0.55,0.987357375,0.44999999999999996,0.048000654
504.0,0.55,0.985465845,0.44999999999999996,0.048432972
505.0,0.55,0.98358453,0.44999999999999996,0.04886757
506.0,0.55,0.98171327,0.44999999999999996,0.049304451
507.0,0.55,0.97985193,0.44999999999999996,0.04974362
499.0,0.551,0.990154895,0.44899999999999995,0.04648053
500.0,0.551,0.991818825,0.44899999999999995,0.046766528
501.0,0.551,0.991171595,0.44899999999999995,0.047142849
502.0,0.551,0.98925924,0.44899999999999995,0.047570614
503.0,0.551,0.987357375,0.44899999999999995,0.048000654
504.0,0.551,0.985465845,0.44899999999999995,0.048432972
505.0,0.551,0.98358453,0.44899999999999995,0.04886757
506.0,0.551,0.98171327,0.44899999999999995,0.049304451
507.0,0.551,0.97985193,0.44899999999999995,0.04974362
499.0,0.552,0.990154895,0.44799999999999995,0.04648053
500.0,0.552,0.991818825,0.44799999999999995,0.046766528
501.0,0.552,0.991171595,0.44799999999999995,0.047142849
502.0,0.552,0.98925924,0.44799999999999995,0.047570614
503.0,0.552,0.987357375,0.44799999999999995,0.048000654
504.0,0.552,0.985465845,0.44799999999999995,0.048432972
505.0,0.552,0.98358453,0.44799999999999995,0.04886757
506.0,0.552,0.98171327,0.44799999999999995,0.049304451
507.0,0.552,0.97985193,0.44799999999999995,0.04974362
499.0,0.553,0.990154895,0.44699999999999995,0.04648053
500.0,0.553,0.991818825,0.44699999999999995,0.046766528
501.0,0.553,0.991171595,0.44699999999999995,0.047142849
502.0,0.553,0.98925924,0.44699999999999995,0.047570614
503.0,0.553,0.987357375,0.44699999999999995,0.048000654
504.0,0.553,0.985465845,0.44699999999999995,0.048432972
505.0,0.553,0.98358453,0.44699999999999995,0.04886757
506.0,0.553,0.98171327,0.44699999999999995,0.049304451
507.0,0.553,0.97985193,0.44699999999999995,0.04974362
499.0,0.554,0.990154895,0.44599999999999995,0.04648053
500.0,0.554,0.991818825,0.44599999999999995,0.046766528
501.0,0.554,0.991171595,0.44599999999999995,0.047142849
502.0,0.554,0.98925924,0.44599999999999995,0.047570614
503.0,0.554,0.987357375,0.44599999999999995,0.048000654
504.0,0.554,0.985465845,0.44599999999999995,0.048432972
505.0,0.554,0.98358453,0.44599999999999995,0.04886757
506.0,0.554,0.98171327,0.44599999999999995,0.049304451
507.0,0.554,0.97985193,0.44599999999999995,0.04974362
499.0,0.555,0.990154895,0.44499999999999995,0.04648053
500.0,0.555,0.991818825,0.44499999999999995,0.046766528
501.0,0.555,0.991171595,0.44499999999999995,0.047142849
502.0,0.555,0.98925924,0.44499999999999995,0.047570614
503.0,0.555,0.987357375,0.44499999999999995,0.048000654
504.0,0.555,0.985465845,0.44499999999999995,0.048432972
505.0,0.555,0.98358453,0.44499999999999995,0.04886757
506.0,0.555,0.98171327,0.44499999999999995,0.049304451
507.0,0.555,0.97985193,0.44499999999999995,0.04974362
499.0,0.556,0.990154895,0.44399999999999995,0.04648053
500.0,0.556,0.991818825,0.44399999999999995,0.046766528
501.0,0.556,0.991171595,0.44399999999999995,0.047142849
502.0,0.556,0.98925924,0.44399999999999995,0.047570614
503.0,0.556,0.987357375,0.44399999999999995,0.048000654
504.0,0.556,0.985465845,0.44399999999999995,0.048432972
505.0,0.556,0.98358453,0.44399999999999995,0.04886757
506.0,0.556,0.98171327,0.44399999999999995,0.049304451
507.0,0.556,0.97985193,0.44399999999999995,0.04974362
499.0,0.557,0.990154895,0.44299999999999995,0.04648053
500.0,0.557,0.991818825,0.44299999999999995,0.046766528
501.0,0.557,0.991171595,0.44299999999999995,0.047142849
502.0,0.557,0.98925924,0.44299999999999995,0.047570614
503.0,0.557,0.987357375,0.44299999999999995,0.048000654
504.0,0.557,0.985465845,0.44299999999999995,0.048432972
505.0,0.557,0.98358453,0.44299999999999995,0.04886757
506.0,0.557,0.98171327,0.44299999999999995,0.049304451
507.0,0.557,0.97985193,0.44299999999999995,0.04974362
499.0,0.558,0.990154895,0.44199999999999995,0.04648053
500.0,0.558,0.991818825,0.44199999999999995,0.046766528
501.0,0.558,0.991171595,0.44199999999999995,0.047142849
502.0,0.558,0.98925924,0.44199999999999995,0.047570614
503.0,0.558,0.987357375,0.44199999999999995,0.048000654
504.0,0.558,0.985465845,0.44199999999999995,0.048432972
505.0,0.558,0.98358453,0.44199999999999995,0.04886757
506.0,0.558,0.98171327,0.44199999999999995,0.049304451
507.0,0.558,0.97985193,0.44199999999999995,0.04974362
499.0,0.559,0.990154895,0.44099999999999995,0.04648053
500.0,0.559,0.991818825,0.44099999999999995,0.046766528
501.0,0.559,0.991171595,0.44099999999999995,0.047142849
502.0,0.559,0.98925924,0.44099999999999995,0.047570614
503.0,0.559,0.987357375,0.44099999999999995,0.048000654
504.0,0.559,0.985465845,0.44099999999999995,0.048432972
505.0,0.559,0.98358453,0.44099999999999995,0.04886757
506.0,0.559,0.98171327,0.44099999999999995,0.049304451
507.0,0.559,0.97985193,0.44099999999999995,0.04974362
499.0,0.56,0.990154895,0.43999999999999995,0.04648053
500.0,0.56,0.991818825,0.43999999999999995,0.046766528
501.0,0.56,0.991171595,0.43999999999999995,0.047142849
502.0,0.56,0.98925924,0.43999999999999995,0.047570614
503.0,0.56,0.987357375,0.43999999999999995,0.048000654
504.0,0.56,0.985465845,0.43999999999999995,0.048432972
505.0,0.56,0.98358453,0.43999999999999995,0.04886757
506.0,0.56,0.98171327,0.43999999999999995,0.049304451
507.0,0.56,0.97985193,0.43999999999999995,0.04974362
499.0,0.561,0.990154895,0.43899999999999995,0.04648053
500.0,0.561,0.991818825,0.43899999999999995,0.046766528
501.0,0.561,0.991171595,0.43899999999999995,0.047142849
502.0,0.561,0.98925924,0.43899999999999995,0.047570614
503.0,0.561,0.987357375,0.43899999999999995,0.048000654
504.0,0.561,0.985465845,0.43899999999999995,0.048432972
505.0,0.561,0.98358453,0.43899999999999995,0.04886757
506.0,0.561,0.98171327,0.43899999999999995,0.049304451
507.0,0.561,0.97985193,0.43899999999999995,0.04974362
499.0,0.562,0.990154895,0.43799999999999994,0.04648053
500.0,0.562,0.991818825,0.43799999999999994,0.046766528
501.0,0.562,0.991171595,0.43799999999999994,0.047142849
502.0,0.562,0.98925924,0.43799999999999994,0.047570614
503.0,0.562,0.987357375,0.43799999999999994,0.048000654
504.0,0.562,0.985465845,0.43799999999999994,0.048432972
505.0,0.562,0.98358453,0.43799999999999994,0.04886757
506.0,0.562,0.98171327,0.43799999999999994,0.049304451
507.0,0.562,0.97985193,0.43799999999999994,0.04974362
499.0,0.563,0.990154895,0.43700000000000006,0.04648053
500.0,0.563,0.991818825,0.43700000000000006,0.046766528
501.0,0.563,0.991171595,0.43700000000000006,0.047142849
502.0,0.563,0.98925924,0.43700000000000006,0.047570614
503.0,0.563,0.987357375,0.43700000000000006,0.048000654
504.0,0.563,0.985465845,0.43700000000000006,0.048432972
505.0,0.563,0.98358453,0.43700000000000006,0.04886757
506.0,0.563,0.98171327,0.43700000000000006,0.049304451
507.0,0.563,0.97985193,0.43700000000000006,0.04974362
499.0,0.564,0.990154895,0.43600000000000005,0.04648053
500.0,0.564,0.991818825,0.43600000000000005,0.046766528
501.0,0.564,0.991171595,0.43600000000000005,0.047142849
502.0,0.564,0.98925924,0.43600000000000005,0.047570614
503.0,0.564,0.987357375,0.43600000000000005,0.048000654
504.0,0.564,0.985465845,0.43600000000000005,0.048432972
505.0,0.564,0.98358453,0.43600000000000005,0.04886757
506.0,0.564,0.98171327,0.43600000000000005,0.049304451
507.0,0.564,0.97985193,0.43600000000000005,0.04974362
499.0,0.565,0.990154895,0.43500000000000005,0.04648053
500.0,0.565,0.991818825,0.43500000000000005,0.046766528
501.0,0.565,0.991171595,0.43500000000000005,0.047142849
502.0,0.565,0.98925924,0.43500000000000005,0.047570614
503.0,0.565,0.987357375,0.43500000000000005,0.048000654
504.0,0.565,0.985465845,0.43500000000000005,0.048432972
505.0,0.565,0.98358453,0.43500000000000005,0.04886757
506.0,0.565,0.98171327,0.43500000000000005,0.049304451
507.0,0.565,0.97985193,0.43500000000000005,0.04974362
499.0,0.566,0.990154895,0.43400000000000005,0.04648053
500.0,0.566,0.991818825,0.43400000000000005,0.046766528
501.0,0.566,0.991171595,0.43400000000000005,0.047142849
502.0,0.566,0.98925924,0.43400000000000005,0.047570614
503.0,0.566,0.987357375,0.43400000000000005,0.048000654
504.0,0.566,0.985465845,0.43400000000000005,0.048432972
505.0,0.566,0.98358453,0.43400000000000005,0.04886757
506.0,0.566,0.98171327,0.43400000000000005,0.049304451
507.0,0.566,0.97985193,0.43400000000000005,0.04974362
499.0,0.567,0.990154895,0.43300000000000005,0.04648053
500.0,0.567,0.991818825,0.43300000000000005,0.046766528
501.0,0.567,0.991171595,0.43300000000000005,0.047142849
502.0,0.567,0.98925924,0.43300000000000005,0.047570614
503.0,0.567,0.987357375,0.43300000000000005,0.048000654
504.0,0.567,0.985465845,0.43300000000000005,0.048432972
505.0,0.567,0.98358453,0.43300000000000005,0.04886757
506.0,0.567,0.98171327,0.43300000000000005,0.049304451
507.0,0.567,0.97985193,0.43300000000000005,0.04974362
499.0,0.568,0.990154895,0.43200000000000005,0.04648053
500.0,0.568,0.991818825,0.43200000000000005,0.046766528
501.0,0.568,0.991171595,0.43200000000000005,0.047142849
502.0,0.568,0.98925924,0.43200000000000005,0.047570614
503.0,0.568,0.987357375,0.43200000000000005,0.048000654
504.0,0.568,0.985465845,0.43200000000000005,0.048432972
505.0,0.568,0.98358453,0.43200000000000005,0.04886757
506.0,0.568,0.98171327,0.43200000000000005,0.049304451
507.0,0.568,0.97985193,0.43200000000000005,0.04974362
499.0,0.569,0.990154895,0.43100000000000005,0.04648053
500.0,0.569,0.991818825,0.43100000000000005,0.046766528
501.0,0.569,0.991171595,0.43100000000000005,0.047142849
502.0,0.569,0.98925924,0.43100000000000005,0.047570614
503.0,0.569,0.987357375,0.43100000000000005,0.048000654
504.0,0.569,0.985465845,0.43100000000000005,0.048432972
505.0,0.569,0.98358453,0.43100000000000005,0.04886757
506.0,0.569,0.98171327,0.43100000000000005,0.049304451
507.0,0.569,0.97985193,0.43100000000000005,0.04974362
499.0,0.57,0.990154895,0.43000000000000005,0.04648053
500.0,0.57,0.991818825,0.43000000000000005,0.046766528
501.0,0.57,0.991171595,0.43000000000000005,0.047142849
502.0,0.57,0.98925924,0.43000000000000005,0.047570614
503.0,0.57,0.987357375,0.43000000000000005,0.048000654
504.0,0.57,0.985465845,0.43000000000000005,0.048432972
505.0,0.57,0.98358453,0.43000000000000005,0.04886757
506.0,0.57,0.98171327,0.43000000000000005,0.049304451
507.0,0.57,0.97985193,0.43000000000000005,0.04974362
499.0,0.571,0.990154895,0.42900000000000005,0.04648053
500.0,0.571,0.991818825,0.42900000000000005,0.046766528
501.0,0.571,0.991171595,0.42900000000000005,0.047142849
502.0,0.571,0.98925924,0.42900000000000005,0.047570614
503.0,0.571,0.987357375,0.42900000000000005,0.048000654
504.0,0.571,0.985465845,0.42900000000000005,0.048432972
505.0,0.571,0.98358453,0.42900000000000005,0.04886757
506.0,0.571,0.98171327,0.42900000000000005,0.049304451
507.0,0.571,0.97985193,0.42900000000000005,0.04974362
499.0,0.572,0.990154895,0.42800000000000005,0.04648053
500.0,0.572,0.991818825,0.42800000000000005,0.046766528
501.0,0.572,0.991171595,0.42800000000000005,0.047142849
502.0,0.572,0.98925924,0.42800000000000005,0.047570614
503.0,0.572,0.987357375,0.42800000000000005,0.048000654
504.0,0.572,0.985465845,0.42800000000000005,0.048432972
505.0,0.572,0.98358453,0.42800000000000005,0.04886757
506.0,0.572,0.98171327,0.42800000000000005,0.049304451
507.0,0.572,0.97985193,0.42800000000000005,0.04974362
499.0,0.573,0.990154895,0.42700000000000005,0.04648053
500.0,0.573,0.991818825,0.42700000000000005,0.046766528
501.0,0.573,0.991171595,0.42700000000000005,0.047142849
502.0,0.573,0.98925924,0.42700000000000005,0.047570614
503.0,0.573,0.987357375,0.42700000000000005,0.048000654
504.0,0.573,0.985465845,0.42700000000000005,0.048432972
505.0,0.573,0.98358453,0.42700000000000005,0.04886757
506.0,0.573,0.98171327,0.42700000000000005,0.049304451
507.0,0.573,0.97985193,0.42700000000000005,0.04974362
499.0,0.574,0.990154895,0.42600000000000005,0.04648053
500.0,0.574,0.991818825,0.42600000000000005,0.046766528
501.0,0.574,0.991171595,0.42600000000000005,0.047142849
502.0,0.574,0.98925924,0.42600000000000005,0.047570614
503.0,0.574,0.987357375,0.42600000000000005,0.048000654
504.0,0.574,0.985465845,0.42600000000000005,0.048432972
505.0,0.574,0.98358453,0.42600000000000005,0.04886757
506.0,0.574,0.98171327,0.42600000000000005,0.049304451
507.0,0.574,0.97985193,0.42600000000000005,0.04974362
499.0,0.575,0.990154895,0.42500000000000004,0.04648053
500.0,0.575,0.991818825,0.42500000000000004,0.046766528
501.0,0.575,0.991171595,0.42500000000000004,0.047142849
502.0,0.575,0.98925924,0.42500000000000004,0.047570614
503.0,0.575,0.987357375,0.42500000000000004,0.048000654
504.0,0.575,0.985465845,0.42500000000000004,0.048432972
505.0,0.575,0.98358453,0.42500000000000004,0.04886757
506.0,0.575,0.98171327,0.42500000000000004,0.049304451
507.0,0.575,0.97985193,0.42500000000000004,0.04974362
499.0,0.576,0.990154895,0.42400000000000004,0.04648053
500.0,0.576,0.991818825,0.42400000000000004,0.046766528
501.0,0.576,0.991171595,0.42400000000000004,0.047142849
502.0,0.576,0.98925924,0.42400000000000004,0.047570614
503.0,0.576,0.987357375,0.42400000000000004,0.048000654
504.0,0.576,0.985465845,0.42400000000000004,0.048432972
505.0,0.576,0.98358453,0.42400000000000004,0.04886757
506.0,0.576,0.98171327,0.42400000000000004,0.049304451
507.0,0.576,0.97985193,0.42400000000000004,0.04974362
499.0,0.577,0.990154895,0.42300000000000004,0.04648053
500.0,0.577,0.991818825,0.42300000000000004,0.046766528
501.0,0.577,0.991171595,0.42300000000000004,0.047142849
502.0,0.577,0.98925924,0.42300000000000004,0.047570614
503.0,0.577,0.987357375,0.42300000000000004,0.048000654
504.0,0.577,0.985465845,0.42300000000000004,0.048432972
505.0,0.577,0.98358453,0.42300000000000004,0.04886757
506.0,0.577,0.98171327,0.42300000000000004,0.049304451
507.0,0.577,0.97985193,0.42300000000000004,0.04974362
499.0,0.578,0.990154895,0.42200000000000004,0.04648053
500.0,0.578,0.991818825,0.42200000000000004,0.046766528
501.0,0.578,0.991171595,0.42200000000000004,0.047142849
502.0,0.578,0.98925924,0.42200000000000004,0.047570614
503.0,0.578,0.987357375,0.42200000000000004,0.048000654
504.0,0.578,0.985465845,0.42200000000000004,0.048432972
505.0,0.578,0.98358453,0.42200000000000004,0.04886757
506.0,0.578,0.98171327,0.42200000000000004,0.049304451
507.0,0.578,0.97985193,0.42200000000000004,0.04974362
499.0,0.579,0.990154895,0.42100000000000004,0.04648053
500.0,0.579,0.991818825,0.42100000000000004,0.046766528
501.0,0.579,0.991171595,0.42100000000000004,0.047142849
502.0,0.579,0.98925924,0.42100000000000004,0.047570614
503.0,0.579,0.987357375,0.42100000000000004,0.048000654
504.0,0.579,0.985465845,0.42100000000000004,0.048432972
505.0,0.579,0.98358453,0.42100000000000004,0.04886757
506.0,0.579,0.98171327,0.42100000000000004,0.049304451
507.0,0.579,0.97985193,0.42100000000000004,0.04974362
499.0,0.58,0.990154895,0.42000000000000004,0.04648053
500.0,0.58,0.991818825,0.42000000000000004,0.046766528
501.0,0.58,0.991171595,0.42000000000000004,0.047142849
502.0,0.58,0.98925924,0.42000000000000004,0.047570614
503.0,0.58,0.987357375,0.42000000000000004,0.048000654
504.0,0.58,0.985465845,0.42000000000000004,0.048432972
505.0,0.58,0.98358453,0.42000000000000004,0.04886757
506.0,0.58,0.98171327,0.42000000000000004,0.049304451
507.0,0.58,0.97985193,0.42000000000000004,0.04974362
499.0,0.581,0.990154895,0.41900000000000004,0.04648053
500.0,0.581,0.991818825,0.41900000000000004,0.046766528
501.0,0.581,0.991171595,0.41900000000000004,0.047142849
502.0,0.581,0.98925924,0.41900000000000004,0.047570614
503.0,0.581,0.987357375,0.41900000000000004,0.048000654
504.0,0.581,0.985465845,0.41900000000000004,0.048432972
505.0,0.581,0.98358453,0.41900000000000004,0.04886757
506.0,0.581,0.98171327,0.41900000000000004,0.049304451
507.0,0.581,0.97985193,0.41900000000000004,0.04974362
499.0,0.582,0.990154895,0.41800000000000004,0.04648053
500.0,0.582,0.991818825,0.41800000000000004,0.046766528
501.0,0.582,0.991171595,0.41800000000000004,0.047142849
502.0,0.582,0.98925924,0.41800000000000004,0.047570614
503.0,0.582,0.987357375,0.41800000000000004,0.048000654
504.0,0.582,0.985465845,0.41800000000000004,0.048432972
505.0,0.582,0.98358453,0.41800000000000004,0.04886757
506.0,0.582,0.98171327,0.41800000000000004,0.049304451
507.0,0.582,0.97985193,0.41800000000000004,0.04974362
499.0,0.583,0.990154895,0.41700000000000004,0.04648053
500.0,0.583,0.991818825,0.41700000000000004,0.046766528
501.0,0.583,0.991171595,0.41700000000000004,0.047142849
502.0,0.583,0.98925924,0.41700000000000004,0.047570614
503.0,0.583,0.987357375,0.41700000000000004,0.048000654
504.0,0.583,0.985465845,0.41700000000000004,0.048432972
505.0,0.583,0.98358453,0.41700000000000004,0.04886757
506.0,0.583,0.98171327,0.41700000000000004,0.049304451
507.0,0.583,0.97985193,0.41700000000000004,0.04974362
499.0,0.584,0.990154895,0.41600000000000004,0.04648053
500.0,0.584,0.991818825,0.41600000000000004,0.046766528
501.0,0.584,0.991171595,0.41600000000000004,0.047142849
502.0,0.584,0.98925924,0.41600000000000004,0.047570614
503.0,0.584,0.987357375,0.41600000000000004,0.048000654
504.0,0.584,0.985465845,0.41600000000000004,0.048432972
505.0,0.584,0.98358453,0.41600000000000004,0.04886757
506.0,0.584,0.98171327,0.41600000000000004,0.049304451
507.0,0.584,0.97985193,0.41600000000000004,0.04974362
499.0,0.585,0.990154895,0.41500000000000004,0.04648053
500.0,0.585,0.991818825,0.41500000000000004,0.046766528
501.0,0.585,0.991171595,0.41500000000000004,0.047142849
502.0,0.585,0.98925924,0.41500000000000004,0.047570614
503.0,0.585,0.987357375,0.41500000000000004,0.048000654
504.0,0.585,0.985465845,0.41500000000000004,0.048432972
505.0,0.585,0.98358453,0.41500000000000004,0.04886757
506.0,0.585,0.98171327,0.41500000000000004,0.049304451
507.0,0.585,0.97985193,0.41500000000000004,0.04974362
499.0,0.586,0.990154895,0.41400000000000003,0.04648053
500.0,0.586,0.991818825,0.41400000000000003,0.046766528
501.0,0.586,0.991171595,0.41400000000000003,0.047142849
502.0,0.586,0.98925924,0.41400000000000003,0.047570614
503.0,0.586,0.987357375,0.41400000000000003,0.048000654
504.0,0.586,0.985465845,0.41400000000000003,0.048432972
505.0,0.586,0.98358453,0.41400000000000003,0.04886757
506.0,0.586,0.98171327,0.41400000000000003,0.049304451
507.0,0.586,0.97985193,0.41400000000000003,0.04974362
499.0,0.587,0.990154895,0.41300000000000003,0.04648053
500.0,0.587,0.991818825,0.41300000000000003,0.046766528
501.0,0.587,0.991171595,0.41300000000000003,0.047142849
502.0,0.587,0.98925924,0.41300000000000003,0.047570614
503.0,0.587,0.987357375,0.41300000000000003,0.048000654
504.0,0.587,0.985465845,0.41300000000000003,0.048432972
505.0,0.587,0.98358453,0.41300000000000003,0.04886757
506.0,0.587,0.98171327,0.41300000000000003,0.049304451
507.0,0.587,0.97985193,0.41300000000000003,0.04974362
499.0,0.588,0.990154895,0.41200000000000003,0.04648053
500.0,0.588,0.991818825,0.41200000000000003,0.046766528
501.0,0.588,0.991171595,0.41200000000000003,0.047142849
502.0,0.588,0.98925924,0.41200000000000003,0.047570614
503.0,0.588,0.987357375,0.41200000000000003,0.048000654
504.0,0.588,0.985465845,0.41200000000000003,0.048432972
505.0,0.588,0.98358453,0.41200000000000003,0.04886757
506.0,0.588,0.98171327,0.41200000000000003,0.049304451
507.0,0.588,0.97985193,0.41200000000000003,0.04974362
499.0,0.589,0.990154895,0.41100000000000003,0.04648053
500.0,0.589,0.991818825,0.41100000000000003,0.046766528
501.0,0.589,0.991171595,0.41100000000000003,0.047142849
502.0,0.589,0.98925924,0.41100000000000003,0.047570614
503.0,0.589,0.987357375,0.41100000000000003,0.048000654
504.0,0.589,0.985465845,0.41100000000000003,0.048432972
505.0,0.589,0.98358453,0.41100000000000003,0.04886757
506.0,0.589,0.98171327,0.41100000000000003,0.049304451
507.0,0.589,0.97985193,0.41100000000000003,0.04974362
499.0,0.59,0.990154895,0.41000000000000003,0.04648053
500.0,0.59,0.991818825,0.41000000000000003,0.046766528
501.0,0.59,0.991171595,0.41000000000000003,0.047142849
502.0,0.59,0.98925924,0.41000000000000003,0.047570614
503.0,0.59,0.987357375,0.41000000000000003,0.048000654
504.0,0.59,0.985465845,0.41000000000000003,0.048432972
505.0,0.59,0.98358453,0.41000000000000003,0.04886757
506.0,0.59,0.98171327,0.41000000000000003,0.049304451
507.0,0.59,0.97985193,0.41000000000000003,0.04974362
499.0,0.591,0.990154895,0.40900000000000003,0.04648053
500.0,0.591,0.991818825,0.40900000000000003,0.046766528
501.0,0.591,0.991171595,0.40900000000000003,0.047142849
502.0,0.591,0.98925924,0.40900000000000003,0.047570614
503.0,0.591,0.987357375,0.40900000000000003,0.048000654
504.0,0.591,0.985465845,0.40900000000000003,0.048432972
505.0,0.591,0.98358453,0.40900000000000003,0.04886757
506.0,0.591,0.98171327,0.40900000000000003,0.049304451
507.0,0.591,0.97985193,0.40900000000000003,0.04974362
499.0,0.592,0.990154895,0.40800000000000003,0.04648053
500.0,0.592,0.991818825,0.40800000000000003,0.046766528
501.0,0.592,0.991171595,0.40800000000000003,0.047142849
502.0,0.592,0.98925924,0.40800000000000003,0.047570614
503.0,0.592,0.987357375,0.40800000000000003,0.048000654
504.0,0.592,0.985465845,0.40800000000000003,0.048432972
505.0,0.592,0.98358453,0.40800000000000003,0.04886757
506.0,0.592,0.98171327,0.40800000000000003,0.049304451
507.0,0.592,0.97985193,0.40800000000000003,0.04974362
499.0,0.593,0.990154895,0.40700000000000003,0.04648053
500.0,0.593,0.991818825,0.40700000000000003,0.046766528
501.0,0.593,0.991171595,0.40700000000000003,0.047142849
502.0,0.593,0.98925924,0.40700000000000003,0.047570614
503.0,0.593,0.987357375,0.40700000000000003,0.048000654
504.0,0.593,0.985465845,0.40700000000000003,0.048432972
505.0,0.593,0.98358453,0.40700000000000003,0.04886757
506.0,0.593,0.98171327,0.40700000000000003,0.049304451
507.0,0.593,0.97985193,0.40700000000000003,0.04974362
499.0,0.594,0.990154895,0.406,0.04648053
500.0,0.594,0.991818825,0.406,0.046766528
501.0,0.594,0.991171595,0.406,0.047142849
502.0,0.594,0.98925924,0.406,0.047570614
503.0,0.594,0.987357375,0.406,0.048000654
504.0,0.594,0.985465845,0.406,0.048432972
505.0,0.594,0.98358453,0.406,0.04886757
506.0,0.594,0.98171327,0.406,0.049304451
507.0,0.594,0.97985193,0.406,0.04974362
499.0,0.595,0.990154895,0.405,0.04648053
500.0,0.595,0.991818825,0.405,0.046766528
501.0,0.595,0.991171595,0.405,0.047142849
502.0,0.595,0.98925924,0.405,0.047570614
503.0,0.595,0.987357375,0.405,0.048000654
504.0,0.595,0.985465845,0.405,0.048432972
505.0,0.595,0.98358453,0.405,0.04886757
506.0,0.595,0.98171327,0.405,0.049304451
507.0,0.595,0.97985193,0.405,0.04974362
499.0,0.596,0.990154895,0.404,0.04648053
500.0,0.596,0.991818825,0.404,0.046766528
501.0,0.596,0.991171595,0.404,0.047142849
502.0,0.596,0.98925924,0.404,0.047570614
503.0,0.596,0.987357375,0.404,0.048000654
504.0,0.596,0.985465845,0.404,0.048432972
505.0,0.596,0.98358453,0.404,0.04886757
506.0,0.596,0.98171327,0.404,0.049304451
507.0,0.596,0.97985193,0.404,0.04974362
499.0,0.597,0.990154895,0.403,0.04648053
500.0,0.597,0.991818825,0.403,0.046766528
501.0,0.597,0.991171595,0.403,0.047142849
502.0,0.597,0.98925924,0.403,0.047570614
503.0,0.597,0.987357375,0.403,0.048000654
504.0,0.597,0.985465845,0.403,0.048432972
505.0,0.597,0.98358453,0.403,0.04886757
506.0,0.597,0.98171327,0.403,0.049304451
507.0,0.597,0.97985193,0.403,0.04974362
499.0,0.598,0.990154895,0.402,0.04648053
500.0,0.598,0.991818825,0.402,0.046766528
501.0,0.598,0.991171595,0.402,0.047142849
502.0,0.598,0.98925924,0.402,0.047570614
503.0,0.598,0.987357375,0.402,0.048000654
504.0,0.598,0.985465845,0.402,0.048432972
505.0,0.598,0.98358453,0.402,0.04886757
506.0,0.598,0.98171327,0.402,0.049304451
507.0,0.598,0.97985193,0.402,0.04974362
499.0,0.599,0.990154895,0.401,0.04648053
500.0,0.599,0.991818825,0.401,0.046766528
501.0,0.599,0.991171595,0.401,0.047142849
502.0,0.599,0.98925924,0.401,0.047570614
503.0,0.599,0.987357375,0.401,0.048000654
504.0,0.599,0.985465845,0.401,0.048432972
505.0,0.599,0.98358453,0.401,0.04886757
506.0,0.599,0.98171327,0.401,0.049304451
507.0,0.599,0.97985193,0.401,0.04974362
499.0,0.6,0.990154895,0.4,0.04648053
500.0,0.6,0.991818825,0.4,0.046766528
501.0,0.6,0.991171595,0.4,0.047142849
502.0,0.6,0.98925924,0.4,0.047570614
503.0,0.6,0.987357375,0.4,0.048000654
504.0,0.6,0.985465845,0.4,0.048432972
505.0,0.6,0.98358453,0.4,0.04886757
506.0,0.6,0.98171327,0.4,0.049304451
507.0,0.6,0.97985193,0.4,0.04974362
499.0,0.601,0.990154895,0.399,0.04648053
500.0,0.601,0.991818825,0.399,0.046766528
501.0,0.601,0.991171595,0.399,0.047142849
502.0,0.601,0.98925924,0.399,0.047570614
503.0,0.601,0.987357375,0.399,0.048000654
504.0,0.601,0.985465845,0.399,0.048432972
505.0,0.601,0.98358453,0.399,0.04886757
506.0,0.601,0.98171327,0.399,0.049304451
507.0,0.601,0.97985193,0.399,0.04974362
499.0,0.602,0.990154895,0.398,0.04648053
500.0,0.602,0.991818825,0.398,0.046766528
501.0,0.602,0.991171595,0.398,0.047142849
502.0,0.602,0.98925924,0.398,0.047570614
503.0,0.602,0.987357375,0.398,0.048000654
504.0,0.602,0.985465845,0.398,0.048432972
505.0,0.602,0.98358453,0.398,0.04886757
506.0,0.602,0.98171327,0.398,0.049304451
507.0,0.602,0.97985193,0.398,0.04974362
499.0,0.603,0.990154895,0.397,0.04648053
500.0,0.603,0.991818825,0.397,0.046766528
501.0,0.603,0.991171595,0.397,0.047142849
502.0,0.603,0.98925924,0.397,0.047570614
503.0,0.603,0.987357375,0.397,0.048000654
504.0,0.603,0.985465845,0.397,0.048432972
505.0,0.603,0.98358453,0.397,0.04886757
506.0,0.603,0.98171327,0.397,0.049304451
507.0,0.603,0.97985193,0.397,0.04974362
499.0,0.604,0.990154895,0.396,0.04648053
500.0,0.604,0.991818825,0.396,0.046766528
501.0,0.604,0.991171595,0.396,0.047142849
502.0,0.604,0.98925924,0.396,0.047570614
503.0,0.604,0.987357375,0.396,0.048000654
504.0,0.604,0.985465845,0.396,0.048432972
505.0,0.604,0.98358453,0.396,0.04886757
506.0,0.604,0.98171327,0.396,0.049304451
507.0,0.604,0.97985193,0.396,0.04974362
499.0,0.605,0.990154895,0.395,0.04648053
500.0,0.605,0.991818825,0.395,0.046766528
501.0,0.605,0.991171595,0.395,0.047142849
502.0,0.605,0.98925924,0.395,0.047570614
503.0,0.605,0.987357375,0.395,0.048000654
504.0,0.605,0.985465845,0.395,0.048432972
505.0,0.605,0.98358453,0.395,0.04886757
506.0,0.605,0.98171327,0.395,0.049304451
507.0,0.605,0.97985193,0.395,0.04974362
499.0,0.606,0.990154895,0.394,0.04648053
500.0,0.606,0.991818825,0.394,0.046766528
501.0,0.606,0.991171595,0.394,0.047142849
502.0,0.606,0.98925924,0.394,0.047570614
503.0,0.606,0.987357375,0.394,0.048000654
504.0,0.606,0.985465845,0.394,0.048432972
505.0,0.606,0.98358453,0.394,0.04886757
506.0,0.606,0.98171327,0.394,0.049304451
507.0,0.606,0.97985193,0.394,0.04974362
499.0,0.607,0.990154895,0.393,0.04648053
500.0,0.607,0.991818825,0.393,0.046766528
501.0,0.607,0.991171595,0.393,0.047142849
502.0,0.607,0.98925924,0.393,0.047570614
503.0,0.607,0.987357375,0.393,0.048000654
504.0,0.607,0.985465845,0.393,0.048432972
505.0,0.607,0.98358453,0.393,0.04886757
506.0,0.607,0.98171327,0.393,0.049304451
507.0,0.607,0.97985193,0.393,0.04974362
499.0,0.608,0.990154895,0.392,0.04648053
500.0,0.608,0.991818825,0.392,0.046766528
501.0,0.608,0.991171595,0.392,0.047142849
502.0,0.608,0.98925924,0.392,0.047570614
503.0,0.608,0.987357375,0.392,0.048000654
504.0,0.608,0.985465845,0.392,0.048432972
505.0,0.608,0.98358453,0.392,0.04886757
506.0,0.608,0.98171327,0.392,0.049304451
507.0,0.608,0.97985193,0.392,0.04974362
499.0,0.609,0.990154895,0.391,0.04648053
500.0,0.609,0.991818825,0.391,0.046766528
501.0,0.609,0.991171595,0.391,0.047142849
502.0,0.609,0.98925924,0.391,0.047570614
503.0,0.609,0.987357375,0.391,0.048000654
504.0,0.609,0.985465845,0.391,0.048432972
505.0,0.609,0.98358453,0.391,0.04886757
506.0,0.609,0.98171327,0.391,0.049304451
507.0,0.609,0.97985193,0.391,0.04974362
499.0,0.61,0.990154895,0.39,0.04648053
500.0,0.61,0.991818825,0.39,0.046766528
501.0,0.61,0.991171595,0.39,0.047142849
502.0,0.61,0.98925924,0.39,0.047570614
503.0,0.61,0.987357375,0.39,0.048000654
504.0,0.61,0.985465845,0.39,0.048432972
505.0,0.61,0.98358453,0.39,0.04886757
506.0,0.61,0.98171327,0.39,0.049304451
507.0,0.61,0.97985193,0.39,0.04974362
499.0,0.611,0.990154895,0.389,0.04648053
500.0,0.611,0.991818825,0.389,0.046766528
501.0,0.611,0.991171595,0.389,0.047142849
502.0,0.611,0.98925924,0.389,0.047570614
503.0,0.611,0.987357375,0.389,0.048000654
504.0,0.611,0.985465845,0.389,0.048432972
505.0,0.611,0.98358453,0.389,0.04886757
506.0,0.611,0.98171327,0.389,0.049304451
507.0,0.611,0.97985193,0.389,0.04974362
499.0,0.612,0.990154895,0.388,0.04648053
500.0,0.612,0.991818825,0.388,0.046766528
501.0,0.612,0.991171595,0.388,0.047142849
502.0,0.612,0.98925924,0.388,0.047570614
503.0,0.612,0.987357375,0.388,0.048000654
504.0,0.612,0.985465845,0.388,0.048432972
505.0,0.612,0.98358453,0.388,0.04886757
506.0,0.612,0.98171327,0.388,0.049304451
507.0,0.612,0.97985193,0.388,0.04974362
499.0,0.613,0.990154895,0.387,0.04648053
500.0,0.613,0.991818825,0.387,0.046766528
501.0,0.613,0.991171595,0.387,0.047142849
502.0,0.613,0.98925924,0.387,0.047570614
503.0,0.613,0.987357375,0.387,0.048000654
504.0,0.613,0.985465845,0.387,0.048432972
505.0,0.613,0.98358453,0.387,0.04886757
506.0,0.613,0.98171327,0.387,0.049304451
507.0,0.613,0.97985193,0.387,0.04974362
499.0,0.614,0.990154895,0.386,0.04648053
500.0,0.614,0.991818825,0.386,0.046766528
501.0,0.614,0.991171595,0.386,0.047142849
502.0,0.614,0.98925924,0.386,0.047570614
503.0,0.614,0.987357375,0.386,0.048000654
504.0,0.614,0.985465845,0.386,0.048432972
505.0,0.614,0.98358453,0.386,0.04886757
506.0,0.614,0.98171327,0.386,0.049304451
507.0,0.614,0.97985193,0.386,0.04974362
499.0,0.615,0.990154895,0.385,0.04648053
500.0,0.615,0.991818825,0.385,0.046766528
501.0,0.615,0.991171595,0.385,0.047142849
502.0,0.615,0.98925924,0.385,0.047570614
503.0,0.615,0.987357375,0.385,0.048000654
504.0,0.615,0.985465845,0.385,0.048432972
505.0,0.615,0.98358453,0.385,0.04886757
506.0,0.615,0.98171327,0.385,0.049304451
507.0,0.615,0.97985193,0.385,0.04974362
499.0,0.616,0.990154895,0.384,0.04648053
500.0,0.616,0.991818825,0.384,0.046766528
501.0,0.616,0.991171595,0.384,0.047142849
502.0,0.616,0.98925924,0.384,0.047570614
503.0,0.616,0.987357375,0.384,0.048000654
504.0,0.616,0.985465845,0.384,0.048432972
505.0,0.616,0.98358453,0.384,0.04886757
506.0,0.616,0.98171327,0.384,0.049304451
507.0,0.616,0.97985193,0.384,0.04974362
499.0,0.617,0.990154895,0.383,0.04648053
500.0,0.617,0.991818825,0.383,0.046766528
501.0,0.617,0.991171595,0.383,0.047142849
502.0,0.617,0.98925924,0.383,0.047570614
503.0,0.617,0.987357375,0.383,0.048000654
504.0,0.617,0.985465845,0.383,0.048432972
505.0,0.617,0.98358453,0.383,0.04886757
506.0,0.617,0.98171327,0.383,0.049304451
507.0,0.617,0.97985193,0.383,0.04974362
499.0,0.618,0.990154895,0.382,0.04648053
500.0,0.618,0.991818825,0.382,0.046766528
501.0,0.618,0.991171595,0.382,0.047142849
502.0,0.618,0.98925924,0.382,0.047570614
503.0,0.618,0.987357375,0.382,0.048000654
504.0,0.618,0.985465845,0.382,0.048432972
505.0,0.618,0.98358453,0.382,0.04886757
506.0,0.618,0.98171327,0.382,0.049304451
507.0,0.618,0.97985193,0.382,0.04974362
499.0,0.619,0.990154895,0.381,0.04648053
500.0,0.619,0.991818825,0.381,0.046766528
501.0,0.619,0.991171595,0.381,0.047142849
502.0,0.619,0.98925924,0.381,0.047570614
503.0,0.619,0.987357375,0.381,0.048000654
504.0,0.619,0.985465845,0.381,0.048432972
505.0,0.619,0.98358453,0.381,0.04886757
506.0,0.619,0.98171327,0.381,0.049304451
507.0,0.619,0.97985193,0.381,0.04974362
499.0,0.62,0.990154895,0.38,0.04648053
500.0,0.62,0.991818825,0.38,0.046766528
501.0,0.62,0.991171595,0.38,0.047142849
502.0,0.62,0.98925924,0.38,0.047570614
503.0,0.62,0.987357375,0.38,0.048000654
504.0,0.62,0.985465845,0.38,0.048432972
505.0,0.62,0.98358453,0.38,0.04886757
506.0,0.62,0.98171327,0.38,0.049304451
507.0,0.62,0.97985193,0.38,0.04974362
499.0,0.621,0.990154895,0.379,0.04648053
500.0,0.621,0.991818825,0.379,0.046766528
501.0,0.621,0.991171595,0.379,0.047142849
502.0,0.621,0.98925924,0.379,0.047570614
503.0,0.621,0.987357375,0.379,0.048000654
504.0,0.621,0.985465845,0.379,0.048432972
505.0,0.621,0.98358453,0.379,0.04886757
506.0,0.621,0.98171327,0.379,0.049304451
507.0,0.621,0.97985193,0.379,0.04974362
499.0,0.622,0.990154895,0.378,0.04648053
500.0,0.622,0.991818825,0.378,0.046766528
501.0,0.622,0.991171595,0.378,0.047142849
502.0,0.622,0.98925924,0.378,0.047570614
503.0,0.622,0.987357375,0.378,0.048000654
504.0,0.622,0.985465845,0.378,0.048432972
505.0,0.622,0.98358453,0.378,0.04886757
506.0,0.622,0.98171327,0.378,0.049304451
507.0,0.622,0.97985193,0.378,0.04974362
499.0,0.623,0.990154895,0.377,0.04648053
500.0,0.623,0.991818825,0.377,0.046766528
501.0,0.623,0.991171595,0.377,0.047142849
502.0,0.623,0.98925924,0.377,0.047570614
503.0,0.623,0.987357375,0.377,0.048000654
504.0,0.623,0.985465845,0.377,0.048432972
505.0,0.623,0.98358453,0.377,0.04886757
506.0,0.623,0.98171327,0.377,0.049304451
507.0,0.623,0.97985193,0.377,0.04974362
499.0,0.624,0.990154895,0.376,0.04648053
500.0,0.624,0.991818825,0.376,0.046766528
501.0,0.624,0.991171595,0.376,0.047142849
502.0,0.624,0.98925924,0.376,0.047570614
503.0,0.624,0.987357375,0.376,0.048000654
504.0,0.624,0.985465845,0.376,0.048432972
505.0,0.624,0.98358453,0.376,0.04886757
506.0,0.624,0.98171327,0.376,0.049304451
507.0,0.624,0.97985193,0.376,0.04974362
499.0,0.625,0.990154895,0.375,0.04648053
500.0,0.625,0.991818825,0.375,0.046766528
501.0,0.625,0.991171595,0.375,0.047142849
502.0,0.625,0.98925924,0.375,0.047570614
503.0,0.625,0.987357375,0.375,0.048000654
504.0,0.625,0.985465845,0.375,0.048432972
505.0,0.625,0.98358453,0.375,0.04886757
506.0,0.625,0.98171327,0.375,0.049304451
507.0,0.625,0.97985193,0.375,0.04974362
499.0,0.626,0.990154895,0.374,0.04648053
500.0,0.626,0.991818825,0.374,0.046766528
501.0,0.626,0.991171595,0.374,0.047142849
502.0,0.626,0.98925924,0.374,0.047570614
503.0,0.626,0.987357375,0.374,0.048000654
504.0,0.626,0.985465845,0.374,0.048432972
505.0,0.626,0.98358453,0.374,0.04886757
506.0,0.626,0.98171327,0.374,0.049304451
507.0,0.626,0.97985193,0.374,0.04974362
499.0,0.627,0.990154895,0.373,0.04648053
500.0,0.627,0.991818825,0.373,0.046766528
501.0,0.627,0.991171595,0.373,0.047142849
502.0,0.627,0.98925924,0.373,0.047570614
503.0,0.627,0.987357375,0.373,0.048000654
504.0,0.627,0.985465845,0.373,0.048432972
505.0,0.627,0.98358453,0.373,0.04886757
506.0,0.627,0.98171327,0.373,0.049304451
507.0,0.627,0.97985193,0.373,0.04974362
499.0,0.628,0.990154895,0.372,0.04648053
500.0,0.628,0.991818825,0.372,0.046766528
501.0,0.628,0.991171595,0.372,0.047142849
502.0,0.628,0.98925924,0.372,0.047570614
503.0,0.628,0.987357375,0.372,0.048000654
504.0,0.628,0.985465845,0.372,0.048432972
505.0,0.628,0.98358453,0.372,0.04886757
506.0,0.628,0.98171327,0.372,0.049304451
507.0,0.628,0.97985193,0.372,0.04974362
499.0,0.629,0.990154895,0.371,0.04648053
500.0,0.629,0.991818825,0.371,0.046766528
501.0,0.629,0.991171595,0.371,0.047142849
502.0,0.629,0.98925924,0.371,0.047570614
503.0,0.629,0.987357375,0.371,0.048000654
504.0,0.629,0.985465845,0.371,0.048432972
505.0,0.629,0.98358453,0.371,0.04886757
506.0,0.629,0.98171327,0.371,0.049304451
507.0,0.629,0.97985193,0.371,0.04974362
499.0,0.63,0.990154895,0.37,0.04648053
500.0,0.63,0.991818825,0.37,0.046766528
501.0,0.63,0.991171595,0.37,0.047142849
502.0,0.63,0.98925924,0.37,0.047570614
503.0,0.63,0.987357375,0.37,0.048000654
504.0,0.63,0.985465845,0.37,0.048432972
505.0,0.63,0.98358453,0.37,0.04886757
506.0,0.63,0.98171327,0.37,0.049304451
507.0,0.63,0.97985193,0.37,0.04974362
499.0,0.631,0.990154895,0.369,0.04648053
500.0,0.631,0.991818825,0.369,0.046766528
501.0,0.631,0.991171595,0.369,0.047142849
502.0,0.631,0.98925924,0.369,0.047570614
503.0,0.631,0.987357375,0.369,0.048000654
504.0,0.631,0.985465845,0.369,0.048432972
505.0,0.631,0.98358453,0.369,0.04886757
506.0,0.631,0.98171327,0.369,0.049304451
507.0,0.631,0.97985193,0.369,0.04974362
499.0,0.632,0.990154895,0.368,0.04648053
500.0,0.632,0.991818825,0.368,0.046766528
501.0,0.632,0.991171595,0.368,0.047142849
502.0,0.632,0.98925924,0.368,0.047570614
503.0,0.632,0.987357375,0.368,0.048000654
504.0,0.632,0.985465845,0.368,0.048432972
505.0,0.632,0.98358453,0.368,0.04886757
506.0,0.632,0.98171327,0.368,0.049304451
507.0,0.632,0.97985193,0.368,0.04974362
499.0,0.633,0.990154895,0.367,0.04648053
500.0,0.633,0.991818825,0.367,0.046766528
501.0,0.633,0.991171595,0.367,0.047142849
502.0,0.633,0.98925924,0.367,0.047570614
503.0,0.633,0.987357375,0.367,0.048000654
504.0,0.633,0.985465845,0.367,0.048432972
505.0,0.633,0.98358453,0.367,0.04886757
506.0,0.633,0.98171327,0.367,0.049304451
507.0,0.633,0.97985193,0.367,0.04974362
499.0,0.634,0.990154895,0.366,0.04648053
500.0,0.634,0.991818825,0.366,0.046766528
501.0,0.634,0.991171595,0.366,0.047142849
502.0,0.634,0.98925924,0.366,0.047570614
503.0,0.634,0.987357375,0.366,0.048000654
504.0,0.634,0.985465845,0.366,0.048432972
505.0,0.634,0.98358453,0.366,0.04886757
506.0,0.634,0.98171327,0.366,0.049304451
507.0,0.634,0.97985193,0.366,0.04974362
499.0,0.635,0.990154895,0.365,0.04648053
500.0,0.635,0.991818825,0.365,0.046766528
501.0,0.635,0.991171595,0.365,0.047142849
502.0,0.635,0.98925924,0.365,0.047570614
503.0,0.635,0.987357375,0.365,0.048000654
504.0,0.635,0.985465845,0.365,0.048432972
505.0,0.635,0.98358453,0.365,0.04886757
506.0,0.635,0.98171327,0.365,0.049304451
507.0,0.635,0.97985193,0.365,0.04974362
499.0,0.636,0.990154895,0.364,0.04648053
500.0,0.636,0.991818825,0.364,0.046766528
501.0,0.636,0.991171595,0.364,0.047142849
502.0,0.636,0.98925924,0.364,0.047570614
503.0,0.636,0.987357375,0.364,0.048000654
504.0,0.636,0.985465845,0.364,0.048432972
505.0,0.636,0.98358453,0.364,0.04886757
506.0,0.636,0.98171327,0.364,0.049304451
507.0,0.636,0.97985193,0.364,0.04974362
499.0,0.637,0.990154895,0.363,0.04648053
500.0,0.637,0.991818825,0.363,0.046766528
501.0,0.637,0.991171595,0.363,0.047142849
502.0,0.637,0.98925924,0.363,0.047570614
503.0,0.637,0.987357375,0.363,0.048000654
504.0,0.637,0.985465845,0.363,0.048432972
505.0,0.637,0.98358453,0.363,0.04886757
506.0,0.637,0.98171327,0.363,0.049304451
507.0,0.637,0.97985193,0.363,0.04974362
499.0,0.638,0.990154895,0.362,0.04648053
500.0,0.638,0.991818825,0.362,0.046766528
501.0,0.638,0.991171595,0.362,0.047142849
502.0,0.638,0.98925924,0.362,0.047570614
503.0,0.638,0.987357375,0.362,0.048000654
504.0,0.638,0.985465845,0.362,0.048432972
505.0,0.638,0.98358453,0.362,0.04886757
506.0,0.638,0.98171327,0.362,0.049304451
507.0,0.638,0.97985193,0.362,0.04974362
499.0,0.639,0.990154895,0.361,0.04648053
500.0,0.639,0.991818825,0.361,0.046766528
501.0,0.639,0.991171595,0.361,0.047142849
502.0,0.639,0.98925924,0.361,0.047570614
503.0,0.639,0.987357375,0.361,0.048000654
504.0,0.639,0.985465845,0.361,0.048432972
505.0,0.639,0.98358453,0.361,0.04886757
506.0,0.639,0.98171327,0.361,0.049304451
507.0,0.639,0.97985193,0.361,0.04974362
499.0,0.64,0.990154895,0.36,0.04648053
500.0,0.64,0.991818825,0.36,0.046766528
501.0,0.64,0.991171595,0.36,0.047142849
502.0,0.64,0.98925924,0.36,0.047570614
503.0,0.64,0.987357375,0.36,0.048000654
504.0,0.64,0.985465845,0.36,0.048432972
505.0,0.64,0.98358453,0.36,0.04886757
506.0,0.64,0.98171327,0.36,0.049304451
507.0,0.64,0.97985193,0.36,0.04974362
499.0,0.641,0.990154895,0.359,0.04648053
500.0,0.641,0.991818825,0.359,0.046766528
501.0,0.641,0.991171595,0.359,0.047142849
502.0,0.641,0.98925924,0.359,0.047570614
503.0,0.641,0.987357375,0.359,0.048000654
504.0,0.641,0.985465845,0.359,0.048432972
505.0,0.641,0.98358453,0.359,0.04886757
506.0,0.641,0.98171327,0.359,0.049304451
507.0,0.641,0.97985193,0.359,0.04974362
499.0,0.642,0.990154895,0.358,0.04648053
500.0,0.642,0.991818825,0.358,0.046766528
501.0,0.642,0.991171595,0.358,0.047142849
502.0,0.642,0.98925924,0.358,0.047570614
503.0,0.642,0.987357375,0.358,0.048000654
504.0,0.642,0.985465845,0.358,0.048432972
505.0,0.642,0.98358453,0.358,0.04886757
506.0,0.642,0.98171327,0.358,0.049304451
507.0,0.642,0.97985193,0.358,0.04974362
499.0,0.643,0.990154895,0.357,0.04648053
500.0,0.643,0.991818825,0.357,0.046766528
501.0,0.643,0.991171595,0.357,0.047142849
502.0,0.643,0.98925924,0.357,0.047570614
503.0,0.643,0.987357375,0.357,0.048000654
504.0,0.643,0.985465845,0.357,0.048432972
505.0,0.643,0.98358453,0.357,0.04886757
506.0,0.643,0.98171327,0.357,0.049304451
507.0,0.643,0.97985193,0.357,0.04974362
499.0,0.644,0.990154895,0.356,0.04648053
500.0,0.644,0.991818825,0.356,0.046766528
501.0,0.644,0.991171595,0.356,0.047142849
502.0,0.644,0.98925924,0.356,0.047570614
503.0,0.644,0.987357375,0.356,0.048000654
504.0,0.644,0.985465845,0.356,0.048432972
505.0,0.644,0.98358453,0.356,0.04886757
506.0,0.644,0.98171327,0.356,0.049304451
507.0,0.644,0.97985193,0.356,0.04974362
499.0,0.645,0.990154895,0.355,0.04648053
500.0,0.645,0.991818825,0.355,0.046766528
501.0,0.645,0.991171595,0.355,0.047142849
502.0,0.645,0.98925924,0.355,0.047570614
503.0,0.645,0.987357375,0.355,0.048000654
504.0,0.645,0.985465845,0.355,0.048432972
505.0,0.645,0.98358453,0.355,0.04886757
506.0,0.645,0.98171327,0.355,0.049304451
507.0,0.645,0.97985193,0.355,0.04974362
499.0,0.646,0.990154895,0.354,0.04648053
500.0,0.646,0.991818825,0.354,0.046766528
501.0,0.646,0.991171595,0.354,0.047142849
502.0,0.646,0.98925924,0.354,0.047570614
503.0,0.646,0.987357375,0.354,0.048000654
504.0,0.646,0.985465845,0.354,0.048432972
505.0,0.646,0.98358453,0.354,0.04886757
506.0,0.646,0.98171327,0.354,0.049304451
507.0,0.646,0.97985193,0.354,0.04974362
499.0,0.647,0.990154895,0.353,0.04648053
500.0,0.647,0.991818825,0.353,0.046766528
501.0,0.647,0.991171595,0.353,0.047142849
502.0,0.647,0.98925924,0.353,0.047570614
503.0,0.647,0.987357375,0.353,0.048000654
504.0,0.647,0.985465845,0.353,0.048432972
505.0,0.647,0.98358453,0.353,0.04886757
506.0,0.647,0.98171327,0.353,0.049304451
507.0,0.647,0.97985193,0.353,0.04974362
499.0,0.648,0.990154895,0.352,0.04648053
500.0,0.648,0.991818825,0.352,0.046766528
501.0,0.648,0.991171595,0.352,0.047142849
502.0,0.648,0.98925924,0.352,0.047570614
503.0,0.648,0.987357375,0.352,0.048000654
504.0,0.648,0.985465845,0.352,0.048432972
505.0,0.648,0.98358453,0.352,0.04886757
506.0,0.648,0.98171327,0.352,0.049304451
507.0,0.648,0.97985193,0.352,0.04974362
499.0,0.649,0.990154895,0.351,0.04648053
500.0,0.649,0.991818825,0.351,0.046766528
501.0,0.649,0.991171595,0.351,0.047142849
502.0,0.649,0.98925924,0.351,0.047570614
503.0,0.649,0.987357375,0.351,0.048000654
504.0,0.649,0.985465845,0.351,0.048432972
505.0,0.649,0.98358453,0.351,0.04886757
506.0,0.649,0.98171327,0.351,0.049304451
507.0,0.649,0.97985193,0.351,0.04974362
499.0,0.65,0.990154895,0.35,0.04648053
500.0,0.65,0.991818825,0.35,0.046766528
501.0,0.65,0.991171595,0.35,0.047142849
502.0,0.65,0.98925924,0.35,0.047570614
503.0,0.65,0.987357375,0.35,0.048000654
504.0,0.65,0.985465845,0.35,0.048432972
505.0,0.65,0.98358453,0.35,0.04886757
506.0,0.65,0.98171327,0.35,0.049304451
507.0,0.65,0.97985193,0.35,0.04974362
499.0,0.651,0.990154895,0.349,0.04648053
500.0,0.651,0.991818825,0.349,0.046766528
501.0,0.651,0.991171595,0.349,0.047142849
502.0,0.651,0.98925924,0.349,0.047570614
503.0,0.651,0.987357375,0.349,0.048000654
504.0,0.651,0.985465845,0.349,0.048432972
505.0,0.651,0.98358453,0.349,0.04886757
506.0,0.651,0.98171327,0.349,0.049304451
507.0,0.651,0.97985193,0.349,0.04974362
499.0,0.652,0.990154895,0.348,0.04648053
500.0,0.652,0.991818825,0.348,0.046766528
501.0,0.652,0.991171595,0.348,0.047142849
502.0,0.652,0.98925924,0.348,0.047570614
503.0,0.652,0.987357375,0.348,0.048000654
504.0,0.652,0.985465845,0.348,0.048432972
505.0,0.652,0.98358453,0.348,0.04886757
506.0,0.652,0.98171327,0.348,0.049304451
507.0,0.652,0.97985193,0.348,0.04974362
499.0,0.653,0.990154895,0.347,0.04648053
500.0,0.653,0.991818825,0.347,0.046766528
501.0,0.653,0.991171595,0.347,0.047142849
502.0,0.653,0.98925924,0.347,0.047570614
503.0,0.653,0.987357375,0.347,0.048000654
504.0,0.653,0.985465845,0.347,0.048432972
505.0,0.653,0.98358453,0.347,0.04886757
506.0,0.653,0.98171327,0.347,0.049304451
507.0,0.653,0.97985193,0.347,0.04974362
499.0,0.654,0.990154895,0.346,0.04648053
500.0,0.654,0.991818825,0.346,0.046766528
501.0,0.654,0.991171595,0.346,0.047142849
502.0,0.654,0.98925924,0.346,0.047570614
503.0,0.654,0.987357375,0.346,0.048000654
504.0,0.654,0.985465845,0.346,0.048432972
505.0,0.654,0.98358453,0.346,0.04886757
506.0,0.654,0.98171327,0.346,0.049304451
507.0,0.654,0.97985193,0.346,0.04974362
499.0,0.655,0.990154895,0.345,0.04648053
500.0,0.655,0.991818825,0.345,0.046766528
501.0,0.655,0.991171595,0.345,0.047142849
502.0,0.655,0.98925924,0.345,0.047570614
503.0,0.655,0.987357375,0.345,0.048000654
504.0,0.655,0.985465845,0.345,0.048432972
505.0,0.655,0.98358453,0.345,0.04886757
506.0,0.655,0.98171327,0.345,0.049304451
507.0,0.655,0.97985193,0.345,0.04974362
499.0,0.656,0.990154895,0.344,0.04648053
500.0,0.656,0.991818825,0.344,0.046766528
501.0,0.656,0.991171595,0.344,0.047142849
502.0,0.656,0.98925924,0.344,0.047570614
503.0,0.656,0.987357375,0.344,0.048000654
504.0,0.656,0.985465845,0.344,0.048432972
505.0,0.656,0.98358453,0.344,0.04886757
506.0,0.656,0.98171327,0.344,0.049304451
507.0,0.656,0.97985193,0.344,0.04974362
499.0,0.657,0.990154895,0.34299999999999997,0.04648053
500.0,0.657,0.991818825,0.34299999999999997,0.046766528
501.0,0.657,0.991171595,0.34299999999999997,0.047142849
502.0,0.657,0.98925924,0.34299999999999997,0.047570614
503.0,0.657,0.987357375,0.34299999999999997,0.048000654
504.0,0.657,0.985465845,0.34299999999999997,0.048432972
505.0,0.657,0.98358453,0.34299999999999997,0.04886757
506.0,0.657,0.98171327,0.34299999999999997,0.049304451
507.0,0.657,0.97985193,0.34299999999999997,0.04974362
499.0,0.658,0.990154895,0.34199999999999997,0.04648053
500.0,0.658,0.991818825,0.34199999999999997,0.046766528
501.0,0.658,0.991171595,0.34199999999999997,0.047142849
502.0,0.658,0.98925924,0.34199999999999997,0.047570614
503.0,0.658,0.987357375,0.34199999999999997,0.048000654
504.0,0.658,0.985465845,0.34199999999999997,0.048432972
505.0,0.658,0.98358453,0.34199999999999997,0.04886757
506.0,0.658,0.98171327,0.34199999999999997,0.049304451
507.0,0.658,0.97985193,0.34199999999999997,0.04974362
499.0,0.659,0.990154895,0.34099999999999997,0.04648053
500.0,0.659,0.991818825,0.34099999999999997,0.046766528
501.0,0.659,0.991171595,0.34099999999999997,0.047142849
502.0,0.659,0.98925924,0.34099999999999997,0.047570614
503.0,0.659,0.987357375,0.34099999999999997,0.048000654
504.0,0.659,0.985465845,0.34099999999999997,0.048432972
505.0,0.659,0.98358453,0.34099999999999997,0.04886757
506.0,0.659,0.98171327,0.34099999999999997,0.049304451
507.0,0.659,0.97985193,0.34099999999999997,0.04974362
499.0,0.66,0.990154895,0.33999999999999997,0.04648053
500.0,0.66,0.991818825,0.33999999999999997,0.046766528
501.0,0.66,0.991171595,0.33999999999999997,0.047142849
502.0,0.66,0.98925924,0.33999999999999997,0.047570614
503.0,0.66,0.987357375,0.33999999999999997,0.048000654
504.0,0.66,0.985465845,0.33999999999999997,0.048432972
505.0,0.66,0.98358453,0.33999999999999997,0.04886757
506.0,0.66,0.98171327,0.33999999999999997,0.049304451
507.0,0.66,0.97985193,0.33999999999999997,0.04974362
499.0,0.661,0.990154895,0.33899999999999997,0.04648053
500.0,0.661,0.991818825,0.33899999999999997,0.046766528
501.0,0.661,0.991171595,0.33899999999999997,0.047142849
502.0,0.661,0.98925924,0.33899999999999997,0.047570614
503.0,0.661,0.987357375,0.33899999999999997,0.048000654
504.0,0.661,0.985465845,0.33899999999999997,0.048432972
505.0,0.661,0.98358453,0.33899999999999997,0.04886757
506.0,0.661,0.98171327,0.33899999999999997,0.049304451
507.0,0.661,0.97985193,0.33899999999999997,0.04974362
499.0,0.662,0.990154895,0.33799999999999997,0.04648053
500.0,0.662,0.991818825,0.33799999999999997,0.046766528
501.0,0.662,0.991171595,0.33799999999999997,0.047142849
502.0,0.662,0.98925924,0.33799999999999997,0.047570614
503.0,0.662,0.987357375,0.33799999999999997,0.048000654
504.0,0.662,0.985465845,0.33799999999999997,0.048432972
505.0,0.662,0.98358453,0.33799999999999997,0.04886757
506.0,0.662,0.98171327,0.33799999999999997,0.049304451
507.0,0.662,0.97985193,0.33799999999999997,0.04974362
499.0,0.663,0.990154895,0.33699999999999997,0.04648053
500.0,0.663,0.991818825,0.33699999999999997,0.046766528
501.0,0.663,0.991171595,0.33699999999999997,0.047142849
502.0,0.663,0.98925924,0.33699999999999997,0.047570614
503.0,0.663,0.987357375,0.33699999999999997,0.048000654
504.0,0.663,0.985465845,0.33699999999999997,0.048432972
505.0,0.663,0.98358453,0.33699999999999997,0.04886757
506.0,0.663,0.98171327,0.33699999999999997,0.049304451
507.0,0.663,0.97985193,0.33699999999999997,0.04974362
499.0,0.664,0.990154895,0.33599999999999997,0.04648053
500.0,0.664,0.991818825,0.33599999999999997,0.046766528
501.0,0.664,0.991171595,0.33599999999999997,0.047142849
502.0,0.664,0.98925924,0.33599999999999997,0.047570614
503.0,0.664,0.987357375,0.33599999999999997,0.048000654
504.0,0.664,0.985465845,0.33599999999999997,0.048432972
505.0,0.664,0.98358453,0.33599999999999997,0.04886757
506.0,0.664,0.98171327,0.33599999999999997,0.049304451
507.0,0.664,0.97985193,0.33599999999999997,0.04974362
499.0,0.665,0.990154895,0.33499999999999996,0.04648053
500.0,0.665,0.991818825,0.33499999999999996,0.046766528
501.0,0.665,0.991171595,0.33499999999999996,0.047142849
502.0,0.665,0.98925924,0.33499999999999996,0.047570614
503.0,0.665,0.987357375,0.33499999999999996,0.048000654
504.0,0.665,0.985465845,0.33499999999999996,0.048432972
505.0,0.665,0.98358453,0.33499999999999996,0.04886757
506.0,0.665,0.98171327,0.33499999999999996,0.049304451
507.0,0.665,0.97985193,0.33499999999999996,0.04974362
499.0,0.666,0.990154895,0.33399999999999996,0.04648053
500.0,0.666,0.991818825,0.33399999999999996,0.046766528
501.0,0.666,0.991171595,0.33399999999999996,0.047142849
502.0,0.666,0.98925924,0.33399999999999996,0.047570614
503.0,0.666,0.987357375,0.33399999999999996,0.048000654
504.0,0.666,0.985465845,0.33399999999999996,0.048432972
505.0,0.666,0.98358453,0.33399999999999996,0.04886757
506.0,0.666,0.98171327,0.33399999999999996,0.049304451
507.0,0.666,0.97985193,0.33399999999999996,0.04974362
499.0,0.667,0.990154895,0.33299999999999996,0.04648053
500.0,0.667,0.991818825,0.33299999999999996,0.046766528
501.0,0.667,0.991171595,0.33299999999999996,0.047142849
502.0,0.667,0.98925924,0.33299999999999996,0.047570614
503.0,0.667,0.987357375,0.33299999999999996,0.048000654
504.0,0.667,0.985465845,0.33299999999999996,0.048432972
505.0,0.667,0.98358453,0.33299999999999996,0.04886757
506.0,0.667,0.98171327,0.33299999999999996,0.049304451
507.0,0.667,0.97985193,0.33299999999999996,0.04974362
499.0,0.668,0.990154895,0.33199999999999996,0.04648053
500.0,0.668,0.991818825,0.33199999999999996,0.046766528
501.0,0.668,0.991171595,0.33199999999999996,0.047142849
502.0,0.668,0.98925924,0.33199999999999996,0.047570614
503.0,0.668,0.987357375,0.33199999999999996,0.048000654
504.0,0.668,0.985465845,0.33199999999999996,0.048432972
505.0,0.668,0.98358453,0.33199999999999996,0.04886757
506.0,0.668,0.98171327,0.33199999999999996,0.049304451
507.0,0.668,0.97985193,0.33199999999999996,0.04974362
499.0,0.669,0.990154895,0.33099999999999996,0.04648053
500.0,0.669,0.991818825,0.33099999999999996,0.046766528
501.0,0.669,0.991171595,0.33099999999999996,0.047142849
502.0,0.669,0.98925924,0.33099999999999996,0.047570614
503.0,0.669,0.987357375,0.33099999999999996,0.048000654
504.0,0.669,0.985465845,0.33099999999999996,0.048432972
505.0,0.669,0.98358453,0.33099999999999996,0.04886757
506.0,0.669,0.98171327,0.33099999999999996,0.049304451
507.0,0.669,0.97985193,0.33099999999999996,0.04974362
499.0,0.67,0.990154895,0.32999999999999996,0.04648053
500.0,0.67,0.991818825,0.32999999999999996,0.046766528
501.0,0.67,0.991171595,0.32999999999999996,0.047142849
502.0,0.67,0.98925924,0.32999999999999996,0.047570614
503.0,0.67,0.987357375,0.32999999999999996,0.048000654
504.0,0.67,0.985465845,0.32999999999999996,0.048432972
505.0,0.67,0.98358453,0.32999999999999996,0.04886757
506.0,0.67,0.98171327,0.32999999999999996,0.049304451
507.0,0.67,0.97985193,0.32999999999999996,0.04974362
499.0,0.671,0.990154895,0.32899999999999996,0.04648053
500.0,0.671,0.991818825,0.32899999999999996,0.046766528
501.0,0.671,0.991171595,0.32899999999999996,0.047142849
502.0,0.671,0.98925924,0.32899999999999996,0.047570614
503.0,0.671,0.987357375,0.32899999999999996,0.048000654
504.0,0.671,0.985465845,0.32899999999999996,0.048432972
505.0,0.671,0.98358453,0.32899999999999996,0.04886757
506.0,0.671,0.98171327,0.32899999999999996,0.049304451
507.0,0.671,0.97985193,0.32899999999999996,0.04974362
499.0,0.672,0.990154895,0.32799999999999996,0.04648053
500.0,0.672,0.991818825,0.32799999999999996,0.046766528
501.0,0.672,0.991171595,0.32799999999999996,0.047142849
502.0,0.672,0.98925924,0.32799999999999996,0.047570614
503.0,0.672,0.987357375,0.32799999999999996,0.048000654
504.0,0.672,0.985465845,0.32799999999999996,0.048432972
505.0,0.672,0.98358453,0.32799999999999996,0.04886757
506.0,0.672,0.98171327,0.32799999999999996,0.049304451
507.0,0.672,0.97985193,0.32799999999999996,0.04974362
499.0,0.673,0.990154895,0.32699999999999996,0.04648053
500.0,0.673,0.991818825,0.32699999999999996,0.046766528
501.0,0.673,0.991171595,0.32699999999999996,0.047142849
502.0,0.673,0.98925924,0.32699999999999996,0.047570614
503.0,0.673,0.987357375,0.32699999999999996,0.048000654
504.0,0.673,0.985465845,0.32699999999999996,0.048432972
505.0,0.673,0.98358453,0.32699999999999996,0.04886757
506.0,0.673,0.98171327,0.32699999999999996,0.049304451
507.0,0.673,0.97985193,0.32699999999999996,0.04974362
499.0,0.674,0.990154895,0.32599999999999996,0.04648053
500.0,0.674,0.991818825,0.32599999999999996,0.046766528
501.0,0.674,0.991171595,0.32599999999999996,0.047142849
502.0,0.674,0.98925924,0.32599999999999996,0.047570614
503.0,0.674,0.987357375,0.32599999999999996,0.048000654
504.0,0.674,0.985465845,0.32599999999999996,0.048432972
505.0,0.674,0.98358453,0.32599999999999996,0.04886757
506.0,0.674,0.98171327,0.32599999999999996,0.049304451
507.0,0.674,0.97985193,0.32599999999999996,0.04974362
499.0,0.675,0.990154895,0.32499999999999996,0.04648053
500.0,0.675,0.991818825,0.32499999999999996,0.046766528
501.0,0.675,0.991171595,0.32499999999999996,0.047142849
502.0,0.675,0.98925924,0.32499999999999996,0.047570614
503.0,0.675,0.987357375,0.32499999999999996,0.048000654
504.0,0.675,0.985465845,0.32499999999999996,0.048432972
505.0,0.675,0.98358453,0.32499999999999996,0.04886757
506.0,0.675,0.98171327,0.32499999999999996,0.049304451
507.0,0.675,0.97985193,0.32499999999999996,0.04974362
499.0,0.676,0.990154895,0.32399999999999995,0.04648053
500.0,0.676,0.991818825,0.32399999999999995,0.046766528
501.0,0.676,0.991171595,0.32399999999999995,0.047142849
502.0,0.676,0.98925924,0.32399999999999995,0.047570614
503.0,0.676,0.987357375,0.32399999999999995,0.048000654
504.0,0.676,0.985465845,0.32399999999999995,0.048432972
505.0,0.676,0.98358453,0.32399999999999995,0.04886757
506.0,0.676,0.98171327,0.32399999999999995,0.049304451
507.0,0.676,0.97985193,0.32399999999999995,0.04974362
499.0,0.677,0.990154895,0.32299999999999995,0.04648053
500.0,0.677,0.991818825,0.32299999999999995,0.046766528
501.0,0.677,0.991171595,0.32299999999999995,0.047142849
502.0,0.677,0.98925924,0.32299999999999995,0.047570614
503.0,0.677,0.987357375,0.32299999999999995,0.048000654
504.0,0.677,0.985465845,0.32299999999999995,0.048432972
505.0,0.677,0.98358453,0.32299999999999995,0.04886757
506.0,0.677,0.98171327,0.32299999999999995,0.049304451
507.0,0.677,0.97985193,0.32299999999999995,0.04974362
499.0,0.678,0.990154895,0.32199999999999995,0.04648053
500.0,0.678,0.991818825,0.32199999999999995,0.046766528
501.0,0.678,0.991171595,0.32199999999999995,0.047142849
502.0,0.678,0.98925924,0.32199999999999995,0.047570614
503.0,0.678,0.987357375,0.32199999999999995,0.048000654
504.0,0.678,0.985465845,0.32199999999999995,0.048432972
505.0,0.678,0.98358453,0.32199999999999995,0.04886757
506.0,0.678,0.98171327,0.32199999999999995,0.049304451
507.0,0.678,0.97985193,0.32199999999999995,0.04974362
499.0,0.679,0.990154895,0.32099999999999995,0.04648053
500.0,0.679,0.991818825,0.32099999999999995,0.046766528
501.0,0.679,0.991171595,0.32099999999999995,0.047142849
502.0,0.679,0.98925924,0.32099999999999995,0.047570614
503.0,0.679,0.987357375,0.32099999999999995,0.048000654
504.0,0.679,0.985465845,0.32099999999999995,0.048432972
505.0,0.679,0.98358453,0.32099999999999995,0.04886757
506.0,0.679,0.98171327,0.32099999999999995,0.049304451
507.0,0.679,0.97985193,0.32099999999999995,0.04974362
499.0,0.68,0.990154895,0.31999999999999995,0.04648053
500.0,0.68,0.991818825,0.31999999999999995,0.046766528
501.0,0.68,0.991171595,0.31999999999999995,0.047142849
502.0,0.68,0.98925924,0.31999999999999995,0.047570614
503.0,0.68,0.987357375,0.31999999999999995,0.048000654
504.0,0.68,0.985465845,0.31999999999999995,0.048432972
505.0,0.68,0.98358453,0.31999999999999995,0.04886757
506.0,0.68,0.98171327,0.31999999999999995,0.049304451
507.0,0.68,0.97985193,0.31999999999999995,0.04974362
499.0,0.681,0.990154895,0.31899999999999995,0.04648053
500.0,0.681,0.991818825,0.31899999999999995,0.046766528
501.0,0.681,0.991171595,0.31899999999999995,0.047142849
502.0,0.681,0.98925924,0.31899999999999995,0.047570614
503.0,0.681,0.987357375,0.31899999999999995,0.048000654
504.0,0.681,0.985465845,0.31899999999999995,0.048432972
505.0,0.681,0.98358453,0.31899999999999995,0.04886757
506.0,0.681,0.98171327,0.31899999999999995,0.049304451
507.0,0.681,0.97985193,0.31899999999999995,0.04974362
499.0,0.682,0.990154895,0.31799999999999995,0.04648053
500.0,0.682,0.991818825,0.31799999999999995,0.046766528
501.0,0.682,0.991171595,0.31799999999999995,0.047142849
502.0,0.682,0.98925924,0.31799999999999995,0.047570614
503.0,0.682,0.987357375,0.31799999999999995,0.048000654
504.0,0.682,0.985465845,0.31799999999999995,0.048432972
505.0,0.682,0.98358453,0.31799999999999995,0.04886757
506.0,0.682,0.98171327,0.31799999999999995,0.049304451
507.0,0.682,0.97985193,0.31799999999999995,0.04974362
499.0,0.683,0.990154895,0.31699999999999995,0.04648053
500.0,0.683,0.991818825,0.31699999999999995,0.046766528
501.0,0.683,0.991171595,0.31699999999999995,0.047142849
502.0,0.683,0.98925924,0.31699999999999995,0.047570614
503.0,0.683,0.987357375,0.31699999999999995,0.048000654
504.0,0.683,0.985465845,0.31699999999999995,0.048432972
505.0,0.683,0.98358453,0.31699999999999995,0.04886757
506.0,0.683,0.98171327,0.31699999999999995,0.049304451
507.0,0.683,0.97985193,0.31699999999999995,0.04974362
499.0,0.684,0.990154895,0.31599999999999995,0.04648053
500.0,0.684,0.991818825,0.31599999999999995,0.046766528
501.0,0.684,0.991171595,0.31599999999999995,0.047142849
502.0,0.684,0.98925924,0.31599999999999995,0.047570614
503.0,0.684,0.987357375,0.31599999999999995,0.048000654
504.0,0.684,0.985465845,0.31599999999999995,0.048432972
505.0,0.684,0.98358453,0.31599999999999995,0.04886757
506.0,0.684,0.98171327,0.31599999999999995,0.049304451
507.0,0.684,0.97985193,0.31599999999999995,0.04974362
499.0,0.685,0.990154895,0.31499999999999995,0.04648053
500.0,0.685,0.991818825,0.31499999999999995,0.046766528
501.0,0.685,0.991171595,0.31499999999999995,0.047142849
502.0,0.685,0.98925924,0.31499999999999995,0.047570614
503.0,0.685,0.987357375,0.31499999999999995,0.048000654
504.0,0.685,0.985465845,0.31499999999999995,0.048432972
505.0,0.685,0.98358453,0.31499999999999995,0.04886757
506.0,0.685,0.98171327,0.31499999999999995,0.049304451
507.0,0.685,0.97985193,0.31499999999999995,0.04974362
499.0,0.686,0.990154895,0.31399999999999995,0.04648053
500.0,0.686,0.991818825,0.31399999999999995,0.046766528
501.0,0.686,0.991171595,0.31399999999999995,0.047142849
502.0,0.686,0.98925924,0.31399999999999995,0.047570614
503.0,0.686,0.987357375,0.31399999999999995,0.048000654
504.0,0.686,0.985465845,0.31399999999999995,0.048432972
505.0,0.686,0.98358453,0.31399999999999995,0.04886757
506.0,0.686,0.98171327,0.31399999999999995,0.049304451
507.0,0.686,0.97985193,0.31399999999999995,0.04974362
499.0,0.687,0.990154895,0.31299999999999994,0.04648053
500.0,0.687,0.991818825,0.31299999999999994,0.046766528
501.0,0.687,0.991171595,0.31299999999999994,0.047142849
502.0,0.687,0.98925924,0.31299999999999994,0.047570614
503.0,0.687,0.987357375,0.31299999999999994,0.048000654
504.0,0.687,0.985465845,0.31299999999999994,0.048432972
505.0,0.687,0.98358453,0.31299999999999994,0.04886757
506.0,0.687,0.98171327,0.31299999999999994,0.049304451
507.0,0.687,0.97985193,0.31299999999999994,0.04974362
499.0,0.688,0.990154895,0.31200000000000006,0.04648053
500.0,0.688,0.991818825,0.31200000000000006,0.046766528
501.0,0.688,0.991171595,0.31200000000000006,0.047142849
502.0,0.688,0.98925924,0.31200000000000006,0.047570614
503.0,0.688,0.987357375,0.31200000000000006,0.048000654
504.0,0.688,0.985465845,0.31200000000000006,0.048432972
505.0,0.688,0.98358453,0.31200000000000006,0.04886757
506.0,0.688,0.98171327,0.31200000000000006,0.049304451
507.0,0.688,0.97985193,0.31200000000000006,0.04974362
499.0,0.689,0.990154895,0.31100000000000005,0.04648053
500.0,0.689,0.991818825,0.31100000000000005,0.046766528
501.0,0.689,0.991171595,0.31100000000000005,0.047142849
502.0,0.689,0.98925924,0.31100000000000005,0.047570614
503.0,0.689,0.987357375,0.31100000000000005,0.048000654
504.0,0.689,0.985465845,0.31100000000000005,0.048432972
505.0,0.689,0.98358453,0.31100000000000005,0.04886757
506.0,0.689,0.98171327,0.31100000000000005,0.049304451
507.0,0.689,0.97985193,0.31100000000000005,0.04974362
499.0,0.69,0.990154895,0.31000000000000005,0.04648053
500.0,0.69,0.991818825,0.31000000000000005,0.046766528
501.0,0.69,0.991171595,0.31000000000000005,0.047142849
502.0,0.69,0.98925924,0.31000000000000005,0.047570614
503.0,0.69,0.987357375,0.31000000000000005,0.048000654
504.0,0.69,0.985465845,0.31000000000000005,0.048432972
505.0,0.69,0.98358453,0.31000000000000005,0.04886757
506.0,0.69,0.98171327,0.31000000000000005,0.049304451
507.0,0.69,0.97985193,0.31000000000000005,0.04974362
499.0,0.691,0.990154895,0.30900000000000005,0.04648053
500.0,0.691,0.991818825,0.30900000000000005,0.046766528
501.0,0.691,0.991171595,0.30900000000000005,0.047142849
502.0,0.691,0.98925924,0.30900000000000005,0.047570614
503.0,0.691,0.987357375,0.30900000000000005,0.048000654
504.0,0.691,0.985465845,0.30900000000000005,0.048432972
505.0,0.691,0.98358453,0.30900000000000005,0.04886757
506.0,0.691,0.98171327,0.30900000000000005,0.049304451
507.0,0.691,0.97985193,0.30900000000000005,0.04974362
499.0,0.692,0.990154895,0.30800000000000005,0.04648053
500.0,0.692,0.991818825,0.30800000000000005,0.046766528
501.0,0.692,0.991171595,0.30800000000000005,0.047142849
502.0,0.692,0.98925924,0.30800000000000005,0.047570614
503.0,0.692,0.987357375,0.30800000000000005,0.048000654
504.0,0.692,0.985465845,0.30800000000000005,0.048432972
505.0,0.692,0.98358453,0.30800000000000005,0.04886757
506.0,0.692,0.98171327,0.30800000000000005,0.049304451
507.0,0.692,0.97985193,0.30800000000000005,0.04974362
499.0,0.693,0.990154895,0.30700000000000005,0.04648053
500.0,0.693,0.991818825,0.30700000000000005,0.046766528
501.0,0.693,0.991171595,0.30700000000000005,0.047142849
502.0,0.693,0.98925924,0.30700000000000005,0.047570614
503.0,0.693,0.987357375,0.30700000000000005,0.048000654
504.0,0.693,0.985465845,0.30700000000000005,0.048432972
505.0,0.693,0.98358453,0.30700000000000005,0.04886757
506.0,0.693,0.98171327,0.30700000000000005,0.049304451
507.0,0.693,0.97985193,0.30700000000000005,0.04974362
499.0,0.694,0.990154895,0.30600000000000005,0.04648053
500.0,0.694,0.991818825,0.30600000000000005,0.046766528
501.0,0.694,0.991171595,0.30600000000000005,0.047142849
502.0,0.694,0.98925924,0.30600000000000005,0.047570614
503.0,0.694,0.987357375,0.30600000000000005,0.048000654
504.0,0.694,0.985465845,0.30600000000000005,0.048432972
505.0,0.694,0.98358453,0.30600000000000005,0.04886757
506.0,0.694,0.98171327,0.30600000000000005,0.049304451
507.0,0.694,0.97985193,0.30600000000000005,0.04974362
499.0,0.695,0.990154895,0.30500000000000005,0.04648053
500.0,0.695,0.991818825,0.30500000000000005,0.046766528
501.0,0.695,0.991171595,0.30500000000000005,0.047142849
502.0,0.695,0.98925924,0.30500000000000005,0.047570614
503.0,0.695,0.987357375,0.30500000000000005,0.048000654
504.0,0.695,0.985465845,0.30500000000000005,0.048432972
505.0,0.695,0.98358453,0.30500000000000005,0.04886757
506.0,0.695,0.98171327,0.30500000000000005,0.049304451
507.0,0.695,0.97985193,0.30500000000000005,0.04974362
499.0,0.696,0.990154895,0.30400000000000005,0.04648053
500.0,0.696,0.991818825,0.30400000000000005,0.046766528
501.0,0.696,0.991171595,0.30400000000000005,0.047142849
502.0,0.696,0.98925924,0.30400000000000005,0.047570614
503.0,0.696,0.987357375,0.30400000000000005,0.048000654
504.0,0.696,0.985465845,0.30400000000000005,0.048432972
505.0,0.696,0.98358453,0.30400000000000005,0.04886757
506.0,0.696,0.98171327,0.30400000000000005,0.049304451
507.0,0.696,0.97985193,0.30400000000000005,0.04974362
499.0,0.697,0.990154895,0.30300000000000005,0.04648053
500.0,0.697,0.991818825,0.30300000000000005,0.046766528
501.0,0.697,0.991171595,0.30300000000000005,0.047142849
502.0,0.697,0.98925924,0.30300000000000005,0.047570614
503.0,0.697,0.987357375,0.30300000000000005,0.048000654
504.0,0.697,0.985465845,0.30300000000000005,0.048432972
505.0,0.697,0.98358453,0.30300000000000005,0.04886757
506.0,0.697,0.98171327,0.30300000000000005,0.049304451
507.0,0.697,0.97985193,0.30300000000000005,0.04974362
499.0,0.698,0.990154895,0.30200000000000005,0.04648053
500.0,0.698,0.991818825,0.30200000000000005,0.046766528
501.0,0.698,0.991171595,0.30200000000000005,0.047142849
502.0,0.698,0.98925924,0.30200000000000005,0.047570614
503.0,0.698,0.987357375,0.30200000000000005,0.048000654
504.0,0.698,0.985465845,0.30200000000000005,0.048432972
505.0,0.698,0.98358453,0.30200000000000005,0.04886757
506.0,0.698,0.98171327,0.30200000000000005,0.049304451
507.0,0.698,0.97985193,0.30200000000000005,0.04974362
499.0,0.699,0.990154895,0.30100000000000005,0.04648053
500.0,0.699,0.991818825,0.30100000000000005,0.046766528
501.0,0.699,0.991171595,0.30100000000000005,0.047142849
502.0,0.699,0.98925924,0.30100000000000005,0.047570614
503.0,0.699,0.987357375,0.30100000000000005,0.048000654
504.0,0.699,0.985465845,0.30100000000000005,0.048432972
505.0,0.699,0.98358453,0.30100000000000005,0.04886757
506.0,0.699,0.98171327,0.30100000000000005,0.049304451
507.0,0.699,0.97985193,0.30100000000000005,0.04974362
499.0,0.7,0.990154895,0.30000000000000004,0.04648053
500.0,0.7,0.991818825,0.30000000000000004,0.046766528
501.0,0.7,0.991171595,0.30000000000000004,0.047142849
502.0,0.7,0.98925924,0.30000000000000004,0.047570614
503.0,0.7,0.987357375,0.30000000000000004,0.048000654
504.0,0.7,0.985465845,0.30000000000000004,0.048432972
505.0,0.7,0.98358453,0.30000000000000004,0.04886757
506.0,0.7,0.98171327,0.30000000000000004,0.049304451
507.0,0.7,0.97985193,0.30000000000000004,0.04974362
499.0,0.701,0.990154895,0.29900000000000004,0.04648053
500.0,0.701,0.991818825,0.29900000000000004,0.046766528
501.0,0.701,0.991171595,0.29900000000000004,0.047142849
502.0,0.701,0.98925924,0.29900000000000004,0.047570614
503.0,0.701,0.987357375,0.29900000000000004,0.048000654
504.0,0.701,0.985465845,0.29900000000000004,0.048432972
505.0,0.701,0.98358453,0.29900000000000004,0.04886757
506.0,0.701,0.98171327,0.29900000000000004,0.049304451
507.0,0.701,0.97985193,0.29900000000000004,0.04974362
499.0,0.702,0.990154895,0.29800000000000004,0.04648053
500.0,0.702,0.991818825,0.29800000000000004,0.046766528
501.0,0.702,0.991171595,0.29800000000000004,0.047142849
502.0,0.702,0.98925924,0.29800000000000004,0.047570614
503.0,0.702,0.987357375,0.29800000000000004,0.048000654
504.0,0.702,0.985465845,0.29800000000000004,0.048432972
505.0,0.702,0.98358453,0.29800000000000004,0.04886757
506.0,0.702,0.98171327,0.29800000000000004,0.049304451
507.0,0.702,0.97985193,0.29800000000000004,0.04974362
499.0,0.703,0.990154895,0.29700000000000004,0.04648053
500.0,0.703,0.991818825,0.29700000000000004,0.046766528
501.0,0.703,0.991171595,0.29700000000000004,0.047142849
502.0,0.703,0.98925924,0.29700000000000004,0.047570614
503.0,0.703,0.987357375,0.29700000000000004,0.048000654
504.0,0.703,0.985465845,0.29700000000000004,0.048432972
505.0,0.703,0.98358453,0.29700000000000004,0.04886757
506.0,0.703,0.98171327,0.29700000000000004,0.049304451
507.0,0.703,0.97985193,0.29700000000000004,0.04974362
499.0,0.704,0.990154895,0.29600000000000004,0.04648053
500.0,0.704,0.991818825,0.29600000000000004,0.046766528
501.0,0.704,0.991171595,0.29600000000000004,0.047142849
502.0,0.704,0.98925924,0.29600000000000004,0.047570614
503.0,0.704,0.987357375,0.29600000000000004,0.048000654
504.0,0.704,0.985465845,0.29600000000000004,0.048432972
505.0,0.704,0.98358453,0.29600000000000004,0.04886757
506.0,0.704,0.98171327,0.29600000000000004,0.049304451
507.0,0.704,0.97985193,0.29600000000000004,0.04974362
499.0,0.705,0.990154895,0.29500000000000004,0.04648053
500.0,0.705,0.991818825,0.29500000000000004,0.046766528
501.0,0.705,0.991171595,0.29500000000000004,0.047142849
502.0,0.705,0.98925924,0.29500000000000004,0.047570614
503.0,0.705,0.987357375,0.29500000000000004,0.048000654
504.0,0.705,0.985465845,0.29500000000000004,0.048432972
505.0,0.705,0.98358453,0.29500000000000004,0.04886757
506.0,0.705,0.98171327,0.29500000000000004,0.049304451
507.0,0.705,0.97985193,0.29500000000000004,0.04974362
499.0,0.706,0.990154895,0.29400000000000004,0.04648053
500.0,0.706,0.991818825,0.29400000000000004,0.046766528
501.0,0.706,0.991171595,0.29400000000000004,0.047142849
502.0,0.706,0.98925924,0.29400000000000004,0.047570614
503.0,0.706,0.987357375,0.29400000000000004,0.048000654
504.0,0.706,0.985465845,0.29400000000000004,0.048432972
505.0,0.706,0.98358453,0.29400000000000004,0.04886757
506.0,0.706,0.98171327,0.29400000000000004,0.049304451
507.0,0.706,0.97985193,0.29400000000000004,0.04974362
499.0,0.707,0.990154895,0.29300000000000004,0.04648053
500.0,0.707,0.991818825,0.29300000000000004,0.046766528
501.0,0.707,0.991171595,0.29300000000000004,0.047142849
502.0,0.707,0.98925924,0.29300000000000004,0.047570614
503.0,0.707,0.987357375,0.29300000000000004,0.048000654
504.0,0.707,0.985465845,0.29300000000000004,0.048432972
505.0,0.707,0.98358453,0.29300000000000004,0.04886757
506.0,0.707,0.98171327,0.29300000000000004,0.049304451
507.0,0.707,0.97985193,0.29300000000000004,0.04974362
499.0,0.708,0.990154895,0.29200000000000004,0.04648053
500.0,0.708,0.991818825,0.29200000000000004,0.046766528
501.0,0.708,0.991171595,0.29200000000000004,0.047142849
502.0,0.708,0.98925924,0.29200000000000004,0.047570614
503.0,0.708,0.987357375,0.29200000000000004,0.048000654
504.0,0.708,0.985465845,0.29200000000000004,0.048432972
505.0,0.708,0.98358453,0.29200000000000004,0.04886757
506.0,0.708,0.98171327,0.29200000000000004,0.049304451
507.0,0.708,0.97985193,0.29200000000000004,0.04974362
499.0,0.709,0.990154895,0.29100000000000004,0.04648053
500.0,0.709,0.991818825,0.29100000000000004,0.046766528
501.0,0.709,0.991171595,0.29100000000000004,0.047142849
502.0,0.709,0.98925924,0.29100000000000004,0.047570614
503.0,0.709,0.987357375,0.29100000000000004,0.048000654
504.0,0.709,0.985465845,0.29100000000000004,0.048432972
505.0,0.709,0.98358453,0.29100000000000004,0.04886757
506.0,0.709,0.98171327,0.29100000000000004,0.049304451
507.0,0.709,0.97985193,0.29100000000000004,0.04974362
499.0,0.71,0.990154895,0.29000000000000004,0.04648053
500.0,0.71,0.991818825,0.29000000000000004,0.046766528
501.0,0.71,0.991171595,0.29000000000000004,0.047142849
502.0,0.71,0.98925924,0.29000000000000004,0.047570614
503.0,0.71,0.987357375,0.29000000000000004,0.048000654
504.0,0.71,0.985465845,0.29000000000000004,0.048432972
505.0,0.71,0.98358453,0.29000000000000004,0.04886757
506.0,0.71,0.98171327,0.29000000000000004,0.049304451
507.0,0.71,0.97985193,0.29000000000000004,0.04974362
499.0,0.711,0.990154895,0.28900000000000003,0.04648053
500.0,0.711,0.991818825,0.28900000000000003,0.046766528
501.0,0.711,0.991171595,0.28900000000000003,0.047142849
502.0,0.711,0.98925924,0.28900000000000003,0.047570614
503.0,0.711,0.987357375,0.28900000000000003,0.048000654
504.0,0.711,0.985465845,0.28900000000000003,0.048432972
505.0,0.711,0.98358453,0.28900000000000003,0.04886757
506.0,0.711,0.98171327,0.28900000000000003,0.049304451
507.0,0.711,0.97985193,0.28900000000000003,0.04974362
499.0,0.712,0.990154895,0.28800000000000003,0.04648053
500.0,0.712,0.991818825,0.28800000000000003,0.046766528
501.0,0.712,0.991171595,0.28800000000000003,0.047142849
502.0,0.712,0.98925924,0.28800000000000003,0.047570614
503.0,0.712,0.987357375,0.28800000000000003,0.048000654
504.0,0.712,0.985465845,0.28800000000000003,0.048432972
505.0,0.712,0.98358453,0.28800000000000003,0.04886757
506.0,0.712,0.98171327,0.28800000000000003,0.049304451
507.0,0.712,0.97985193,0.28800000000000003,0.04974362
499.0,0.713,0.990154895,0.28700000000000003,0.04648053
500.0,0.713,0.991818825,0.28700000000000003,0.046766528
501.0,0.713,0.991171595,0.28700000000000003,0.047142849
502.0,0.713,0.98925924,0.28700000000000003,0.047570614
503.0,0.713,0.987357375,0.28700000000000003,0.048000654
504.0,0.713,0.985465845,0.28700000000000003,0.048432972
505.0,0.713,0.98358453,0.28700000000000003,0.04886757
506.0,0.713,0.98171327,0.28700000000000003,0.049304451
507.0,0.713,0.97985193,0.28700000000000003,0.04974362
499.0,0.714,0.990154895,0.28600000000000003,0.04648053
500.0,0.714,0.991818825,0.28600000000000003,0.046766528
501.0,0.714,0.991171595,0.28600000000000003,0.047142849
502.0,0.714,0.98925924,0.28600000000000003,0.047570614
503.0,0.714,0.987357375,0.28600000000000003,0.048000654
504.0,0.714,0.985465845,0.28600000000000003,0.048432972
505.0,0.714,0.98358453,0.28600000000000003,0.04886757
506.0,0.714,0.98171327,0.28600000000000003,0.049304451
507.0,0.714,0.97985193,0.28600000000000003,0.04974362
499.0,0.715,0.990154895,0.28500000000000003,0.04648053
500.0,0.715,0.991818825,0.28500000000000003,0.046766528
501.0,0.715,0.991171595,0.28500000000000003,0.047142849
502.0,0.715,0.98925924,0.28500000000000003,0.047570614
503.0,0.715,0.987357375,0.28500000000000003,0.048000654
504.0,0.715,0.985465845,0.28500000000000003,0.048432972
505.0,0.715,0.98358453,0.28500000000000003,0.04886757
506.0,0.715,0.98171327,0.28500000000000003,0.049304451
507.0,0.715,0.97985193,0.28500000000000003,0.04974362
499.0,0.716,0.990154895,0.28400000000000003,0.04648053
500.0,0.716,0.991818825,0.28400000000000003,0.046766528
501.0,0.716,0.991171595,0.28400000000000003,0.047142849
502.0,0.716,0.98925924,0.28400000000000003,0.047570614
503.0,0.716,0.987357375,0.28400000000000003,0.048000654
504.0,0.716,0.985465845,0.28400000000000003,0.048432972
505.0,0.716,0.98358453,0.28400000000000003,0.04886757
506.0,0.716,0.98171327,0.28400000000000003,0.049304451
507.0,0.716,0.97985193,0.28400000000000003,0.04974362
499.0,0.717,0.990154895,0.28300000000000003,0.04648053
500.0,0.717,0.991818825,0.28300000000000003,0.046766528
501.0,0.717,0.991171595,0.28300000000000003,0.047142849
502.0,0.717,0.98925924,0.28300000000000003,0.047570614
503.0,0.717,0.987357375,0.28300000000000003,0.048000654
504.0,0.717,0.985465845,0.28300000000000003,0.048432972
505.0,0.717,0.98358453,0.28300000000000003,0.04886757
506.0,0.717,0.98171327,0.28300000000000003,0.049304451
507.0,0.717,0.97985193,0.28300000000000003,0.04974362
499.0,0.718,0.990154895,0.28200000000000003,0.04648053
500.0,0.718,0.991818825,0.28200000000000003,0.046766528
501.0,0.718,0.991171595,0.28200000000000003,0.047142849
502.0,0.718,0.98925924,0.28200000000000003,0.047570614
503.0,0.718,0.987357375,0.28200000000000003,0.048000654
504.0,0.718,0.985465845,0.28200000000000003,0.048432972
505.0,0.718,0.98358453,0.28200000000000003,0.04886757
506.0,0.718,0.98171327,0.28200000000000003,0.049304451
507.0,0.718,0.97985193,0.28200000000000003,0.04974362
499.0,0.719,0.990154895,0.281,0.04648053
500.0,0.719,0.991818825,0.281,0.046766528
501.0,0.719,0.991171595,0.281,0.047142849
502.0,0.719,0.98925924,0.281,0.047570614
503.0,0.719,0.987357375,0.281,0.048000654
504.0,0.719,0.985465845,0.281,0.048432972
505.0,0.719,0.98358453,0.281,0.04886757
506.0,0.719,0.98171327,0.281,0.049304451
507.0,0.719,0.97985193,0.281,0.04974362
499.0,0.72,0.990154895,0.28,0.04648053
500.0,0.72,0.991818825,0.28,0.046766528
501.0,0.72,0.991171595,0.28,0.047142849
502.0,0.72,0.98925924,0.28,0.047570614
503.0,0.72,0.987357375,0.28,0.048000654
504.0,0.72,0.985465845,0.28,0.048432972
505.0,0.72,0.98358453,0.28,0.04886757
506.0,0.72,0.98171327,0.28,0.049304451
507.0,0.72,0.97985193,0.28,0.04974362
499.0,0.721,0.990154895,0.279,0.04648053
500.0,0.721,0.991818825,0.279,0.046766528
501.0,0.721,0.991171595,0.279,0.047142849
502.0,0.721,0.98925924,0.279,0.047570614
503.0,0.721,0.987357375,0.279,0.048000654
504.0,0.721,0.985465845,0.279,0.048432972
505.0,0.721,0.98358453,0.279,0.04886757
506.0,0.721,0.98171327,0.279,0.049304451
507.0,0.721,0.97985193,0.279,0.04974362
499.0,0.722,0.990154895,0.278,0.04648053
500.0,0.722,0.991818825,0.278,0.046766528
501.0,0.722,0.991171595,0.278,0.047142849
502.0,0.722,0.98925924,0.278,0.047570614
503.0,0.722,0.987357375,0.278,0.048000654
504.0,0.722,0.985465845,0.278,0.048432972
505.0,0.722,0.98358453,0.278,0.04886757
506.0,0.722,0.98171327,0.278,0.049304451
507.0,0.722,0.97985193,0.278,0.04974362
499.0,0.723,0.990154895,0.277,0.04648053
500.0,0.723,0.991818825,0.277,0.046766528
501.0,0.723,0.991171595,0.277,0.047142849
502.0,0.723,0.98925924,0.277,0.047570614
503.0,0.723,0.987357375,0.277,0.048000654
504.0,0.723,0.985465845,0.277,0.048432972
505.0,0.723,0.98358453,0.277,0.04886757
506.0,0.723,0.98171327,0.277,0.049304451
507.0,0.723,0.97985193,0.277,0.04974362
499.0,0.724,0.990154895,0.276,0.04648053
500.0,0.724,0.991818825,0.276,0.046766528
501.0,0.724,0.991171595,0.276,0.047142849
502.0,0.724,0.98925924,0.276,0.047570614
503.0,0.724,0.987357375,0.276,0.048000654
504.0,0.724,0.985465845,0.276,0.048432972
505.0,0.724,0.98358453,0.276,0.04886757
506.0,0.724,0.98171327,0.276,0.049304451
507.0,0.724,0.97985193,0.276,0.04974362
499.0,0.725,0.990154895,0.275,0.04648053
500.0,0.725,0.991818825,0.275,0.046766528
501.0,0.725,0.991171595,0.275,0.047142849
502.0,0.725,0.98925924,0.275,0.047570614
503.0,0.725,0.987357375,0.275,0.048000654
504.0,0.725,0.985465845,0.275,0.048432972
505.0,0.725,0.98358453,0.275,0.04886757
506.0,0.725,0.98171327,0.275,0.049304451
507.0,0.725,0.97985193,0.275,0.04974362
499.0,0.726,0.990154895,0.274,0.04648053
500.0,0.726,0.991818825,0.274,0.046766528
501.0,0.726,0.991171595,0.274,0.047142849
502.0,0.726,0.98925924,0.274,0.047570614
503.0,0.726,0.987357375,0.274,0.048000654
504.0,0.726,0.985465845,0.274,0.048432972
505.0,0.726,0.98358453,0.274,0.04886757
506.0,0.726,0.98171327,0.274,0.049304451
507.0,0.726,0.97985193,0.274,0.04974362
499.0,0.727,0.990154895,0.273,0.04648053
500.0,0.727,0.991818825,0.273,0.046766528
501.0,0.727,0.991171595,0.273,0.047142849
502.0,0.727,0.98925924,0.273,0.047570614
503.0,0.727,0.987357375,0.273,0.048000654
504.0,0.727,0.985465845,0.273,0.048432972
505.0,0.727,0.98358453,0.273,0.04886757
506.0,0.727,0.98171327,0.273,0.049304451
507.0,0.727,0.97985193,0.273,0.04974362
499.0,0.728,0.990154895,0.272,0.04648053
500.0,0.728,0.991818825,0.272,0.046766528
501.0,0.728,0.991171595,0.272,0.047142849
502.0,0.728,0.98925924,0.272,0.047570614
503.0,0.728,0.987357375,0.272,0.048000654
504.0,0.728,0.985465845,0.272,0.048432972
505.0,0.728,0.98358453,0.272,0.04886757
506.0,0.728,0.98171327,0.272,0.049304451
507.0,0.728,0.97985193,0.272,0.04974362
499.0,0.729,0.990154895,0.271,0.04648053
500.0,0.729,0.991818825,0.271,0.046766528
501.0,0.729,0.991171595,0.271,0.047142849
502.0,0.729,0.98925924,0.271,0.047570614
503.0,0.729,0.987357375,0.271,0.048000654
504.0,0.729,0.985465845,0.271,0.048432972
505.0,0.729,0.98358453,0.271,0.04886757
506.0,0.729,0.98171327,0.271,0.049304451
507.0,0.729,0.97985193,0.271,0.04974362
499.0,0.73,0.990154895,0.27,0.04648053
500.0,0.73,0.991818825,0.27,0.046766528
501.0,0.73,0.991171595,0.27,0.047142849
502.0,0.73,0.98925924,0.27,0.047570614
503.0,0.73,0.987357375,0.27,0.048000654
504.0,0.73,0.985465845,0.27,0.048432972
505.0,0.73,0.98358453,0.27,0.04886757
506.0,0.73,0.98171327,0.27,0.049304451
507.0,0.73,0.97985193,0.27,0.04974362
499.0,0.731,0.990154895,0.269,0.04648053
500.0,0.731,0.991818825,0.269,0.046766528
501.0,0.731,0.991171595,0.269,0.047142849
502.0,0.731,0.98925924,0.269,0.047570614
503.0,0.731,0.987357375,0.269,0.048000654
504.0,0.731,0.985465845,0.269,0.048432972
505.0,0.731,0.98358453,0.269,0.04886757
506.0,0.731,0.98171327,0.269,0.049304451
507.0,0.731,0.97985193,0.269,0.04974362
499.0,0.732,0.990154895,0.268,0.04648053
500.0,0.732,0.991818825,0.268,0.046766528
501.0,0.732,0.991171595,0.268,0.047142849
502.0,0.732,0.98925924,0.268,0.047570614
503.0,0.732,0.987357375,0.268,0.048000654
504.0,0.732,0.985465845,0.268,0.048432972
505.0,0.732,0.98358453,0.268,0.04886757
506.0,0.732,0.98171327,0.268,0.049304451
507.0,0.732,0.97985193,0.268,0.04974362
499.0,0.733,0.990154895,0.267,0.04648053
500.0,0.733,0.991818825,0.267,0.046766528
501.0,0.733,0.991171595,0.267,0.047142849
502.0,0.733,0.98925924,0.267,0.047570614
503.0,0.733,0.987357375,0.267,0.048000654
504.0,0.733,0.985465845,0.267,0.048432972
505.0,0.733,0.98358453,0.267,0.04886757
506.0,0.733,0.98171327,0.267,0.049304451
507.0,0.733,0.97985193,0.267,0.04974362
499.0,0.734,0.990154895,0.266,0.04648053
500.0,0.734,0.991818825,0.266,0.046766528
501.0,0.734,0.991171595,0.266,0.047142849
502.0,0.734,0.98925924,0.266,0.047570614
503.0,0.734,0.987357375,0.266,0.048000654
504.0,0.734,0.985465845,0.266,0.048432972
505.0,0.734,0.98358453,0.266,0.04886757
506.0,0.734,0.98171327,0.266,0.049304451
507.0,0.734,0.97985193,0.266,0.04974362
499.0,0.735,0.990154895,0.265,0.04648053
500.0,0.735,0.991818825,0.265,0.046766528
501.0,0.735,0.991171595,0.265,0.047142849
502.0,0.735,0.98925924,0.265,0.047570614
503.0,0.735,0.987357375,0.265,0.048000654
504.0,0.735,0.985465845,0.265,0.048432972
505.0,0.735,0.98358453,0.265,0.04886757
506.0,0.735,0.98171327,0.265,0.049304451
507.0,0.735,0.97985193,0.265,0.04974362
499.0,0.736,0.990154895,0.264,0.04648053
500.0,0.736,0.991818825,0.264,0.046766528
501.0,0.736,0.991171595,0.264,0.047142849
502.0,0.736,0.98925924,0.264,0.047570614
503.0,0.736,0.987357375,0.264,0.048000654
504.0,0.736,0.985465845,0.264,0.048432972
505.0,0.736,0.98358453,0.264,0.04886757
506.0,0.736,0.98171327,0.264,0.049304451
507.0,0.736,0.97985193,0.264,0.04974362
499.0,0.737,0.990154895,0.263,0.04648053
500.0,0.737,0.991818825,0.263,0.046766528
501.0,0.737,0.991171595,0.263,0.047142849
502.0,0.737,0.98925924,0.263,0.047570614
503.0,0.737,0.987357375,0.263,0.048000654
504.0,0.737,0.985465845,0.263,0.048432972
505.0,0.737,0.98358453,0.263,0.04886757
506.0,0.737,0.98171327,0.263,0.049304451
507.0,0.737,0.97985193,0.263,0.04974362
499.0,0.738,0.990154895,0.262,0.04648053
500.0,0.738,0.991818825,0.262,0.046766528
501.0,0.738,0.991171595,0.262,0.047142849
502.0,0.738,0.98925924,0.262,0.047570614
503.0,0.738,0.987357375,0.262,0.048000654
504.0,0.738,0.985465845,0.262,0.048432972
505.0,0.738,0.98358453,0.262,0.04886757
506.0,0.738,0.98171327,0.262,0.049304451
507.0,0.738,0.97985193,0.262,0.04974362
499.0,0.739,0.990154895,0.261,0.04648053
500.0,0.739,0.991818825,0.261,0.046766528
501.0,0.739,0.991171595,0.261,0.047142849
502.0,0.739,0.98925924,0.261,0.047570614
503.0,0.739,0.987357375,0.261,0.048000654
504.0,0.739,0.985465845,0.261,0.048432972
505.0,0.739,0.98358453,0.261,0.04886757
506.0,0.739,0.98171327,0.261,0.049304451
507.0,0.739,0.97985193,0.261,0.04974362
499.0,0.74,0.990154895,0.26,0.04648053
500.0,0.74,0.991818825,0.26,0.046766528
501.0,0.74,0.991171595,0.26,0.047142849
502.0,0.74,0.98925924,0.26,0.047570614
503.0,0.74,0.987357375,0.26,0.048000654
504.0,0.74,0.985465845,0.26,0.048432972
505.0,0.74,0.98358453,0.26,0.04886757
506.0,0.74,0.98171327,0.26,0.049304451
507.0,0.74,0.97985193,0.26,0.04974362
499.0,0.741,0.990154895,0.259,0.04648053
500.0,0.741,0.991818825,0.259,0.046766528
501.0,0.741,0.991171595,0.259,0.047142849
502.0,0.741,0.98925924,0.259,0.047570614
503.0,0.741,0.987357375,0.259,0.048000654
504.0,0.741,0.985465845,0.259,0.048432972
505.0,0.741,0.98358453,0.259,0.04886757
506.0,0.741,0.98171327,0.259,0.049304451
507.0,0.741,0.97985193,0.259,0.04974362
499.0,0.742,0.990154895,0.258,0.04648053
500.0,0.742,0.991818825,0.258,0.046766528
501.0,0.742,0.991171595,0.258,0.047142849
502.0,0.742,0.98925924,0.258,0.047570614
503.0,0.742,0.987357375,0.258,0.048000654
504.0,0.742,0.985465845,0.258,0.048432972
505.0,0.742,0.98358453,0.258,0.04886757
506.0,0.742,0.98171327,0.258,0.049304451
507.0,0.742,0.97985193,0.258,0.04974362
499.0,0.743,0.990154895,0.257,0.04648053
500.0,0.743,0.991818825,0.257,0.046766528
501.0,0.743,0.991171595,0.257,0.047142849
502.0,0.743,0.98925924,0.257,0.047570614
503.0,0.743,0.987357375,0.257,0.048000654
504.0,0.743,0.985465845,0.257,0.048432972
505.0,0.743,0.98358453,0.257,0.04886757
506.0,0.743,0.98171327,0.257,0.049304451
507.0,0.743,0.97985193,0.257,0.04974362
499.0,0.744,0.990154895,0.256,0.04648053
500.0,0.744,0.991818825,0.256,0.046766528
501.0,0.744,0.991171595,0.256,0.047142849
502.0,0.744,0.98925924,0.256,0.047570614
503.0,0.744,0.987357375,0.256,0.048000654
504.0,0.744,0.985465845,0.256,0.048432972
505.0,0.744,0.98358453,0.256,0.04886757
506.0,0.744,0.98171327,0.256,0.049304451
507.0,0.744,0.97985193,0.256,0.04974362
499.0,0.745,0.990154895,0.255,0.04648053
500.0,0.745,0.991818825,0.255,0.046766528
501.0,0.745,0.991171595,0.255,0.047142849
502.0,0.745,0.98925924,0.255,0.047570614
503.0,0.745,0.987357375,0.255,0.048000654
504.0,0.745,0.985465845,0.255,0.048432972
505.0,0.745,0.98358453,0.255,0.04886757
506.0,0.745,0.98171327,0.255,0.049304451
507.0,0.745,0.97985193,0.255,0.04974362
499.0,0.746,0.990154895,0.254,0.04648053
500.0,0.746,0.991818825,0.254,0.046766528
501.0,0.746,0.991171595,0.254,0.047142849
502.0,0.746,0.98925924,0.254,0.047570614
503.0,0.746,0.987357375,0.254,0.048000654
504.0,0.746,0.985465845,0.254,0.048432972
505.0,0.746,0.98358453,0.254,0.04886757
506.0,0.746,0.98171327,0.254,0.049304451
507.0,0.746,0.97985193,0.254,0.04974362
499.0,0.747,0.990154895,0.253,0.04648053
500.0,0.747,0.991818825,0.253,0.046766528
501.0,0.747,0.991171595,0.253,0.047142849
502.0,0.747,0.98925924,0.253,0.047570614
503.0,0.747,0.987357375,0.253,0.048000654
504.0,0.747,0.985465845,0.253,0.048432972
505.0,0.747,0.98358453,0.253,0.04886757
506.0,0.747,0.98171327,0.253,0.049304451
507.0,0.747,0.97985193,0.253,0.04974362
499.0,0.748,0.990154895,0.252,0.04648053
500.0,0.748,0.991818825,0.252,0.046766528
501.0,0.748,0.991171595,0.252,0.047142849
502.0,0.748,0.98925924,0.252,0.047570614
503.0,0.748,0.987357375,0.252,0.048000654
504.0,0.748,0.985465845,0.252,0.048432972
505.0,0.748,0.98358453,0.252,0.04886757
506.0,0.748,0.98171327,0.252,0.049304451
507.0,0.748,0.97985193,0.252,0.04974362
499.0,0.749,0.990154895,0.251,0.04648053
500.0,0.749,0.991818825,0.251,0.046766528
501.0,0.749,0.991171595,0.251,0.047142849
502.0,0.749,0.98925924,0.251,0.047570614
503.0,0.749,0.987357375,0.251,0.048000654
504.0,0.749,0.985465845,0.251,0.048432972
505.0,0.749,0.98358453,0.251,0.04886757
506.0,0.749,0.98171327,0.251,0.049304451
507.0,0.749,0.97985193,0.251,0.04974362
499.0,0.75,0.990154895,0.25,0.04648053
500.0,0.75,0.991818825,0.25,0.046766528
501.0,0.75,0.991171595,0.25,0.047142849
502.0,0.75,0.98925924,0.25,0.047570614
503.0,0.75,0.987357375,0.25,0.048000654
504.0,0.75,0.985465845,0.25,0.048432972
505.0,0.75,0.98358453,0.25,0.04886757
506.0,0.75,0.98171327,0.25,0.049304451
507.0,0.75,0.97985193,0.25,0.04974362
499.0,0.751,0.990154895,0.249,0.04648053
500.0,0.751,0.991818825,0.249,0.046766528
501.0,0.751,0.991171595,0.249,0.047142849
502.0,0.751,0.98925924,0.249,0.047570614
503.0,0.751,0.987357375,0.249,0.048000654
504.0,0.751,0.985465845,0.249,0.048432972
505.0,0.751,0.98358453,0.249,0.04886757
506.0,0.751,0.98171327,0.249,0.049304451
507.0,0.751,0.97985193,0.249,0.04974362
499.0,0.752,0.990154895,0.248,0.04648053
500.0,0.752,0.991818825,0.248,0.046766528
501.0,0.752,0.991171595,0.248,0.047142849
502.0,0.752,0.98925924,0.248,0.047570614
503.0,0.752,0.987357375,0.248,0.048000654
504.0,0.752,0.985465845,0.248,0.048432972
505.0,0.752,0.98358453,0.248,0.04886757
506.0,0.752,0.98171327,0.248,0.049304451
507.0,0.752,0.97985193,0.248,0.04974362
499.0,0.753,0.990154895,0.247,0.04648053
500.0,0.753,0.991818825,0.247,0.046766528
501.0,0.753,0.991171595,0.247,0.047142849
502.0,0.753,0.98925924,0.247,0.047570614
503.0,0.753,0.987357375,0.247,0.048000654
504.0,0.753,0.985465845,0.247,0.048432972
505.0,0.753,0.98358453,0.247,0.04886757
506.0,0.753,0.98171327,0.247,0.049304451
507.0,0.753,0.97985193,0.247,0.04974362
499.0,0.754,0.990154895,0.246,0.04648053
500.0,0.754,0.991818825,0.246,0.046766528
501.0,0.754,0.991171595,0.246,0.047142849
502.0,0.754,0.98925924,0.246,0.047570614
503.0,0.754,0.987357375,0.246,0.048000654
504.0,0.754,0.985465845,0.246,0.048432972
505.0,0.754,0.98358453,0.246,0.04886757
506.0,0.754,0.98171327,0.246,0.049304451
507.0,0.754,0.97985193,0.246,0.04974362
499.0,0.755,0.990154895,0.245,0.04648053
500.0,0.755,0.991818825,0.245,0.046766528
501.0,0.755,0.991171595,0.245,0.047142849
502.0,0.755,0.98925924,0.245,0.047570614
503.0,0.755,0.987357375,0.245,0.048000654
504.0,0.755,0.985465845,0.245,0.048432972
505.0,0.755,0.98358453,0.245,0.04886757
506.0,0.755,0.98171327,0.245,0.049304451
507.0,0.755,0.97985193,0.245,0.04974362
499.0,0.756,0.990154895,0.244,0.04648053
500.0,0.756,0.991818825,0.244,0.046766528
501.0,0.756,0.991171595,0.244,0.047142849
502.0,0.756,0.98925924,0.244,0.047570614
503.0,0.756,0.987357375,0.244,0.048000654
504.0,0.756,0.985465845,0.244,0.048432972
505.0,0.756,0.98358453,0.244,0.04886757
506.0,0.756,0.98171327,0.244,0.049304451
507.0,0.756,0.97985193,0.244,0.04974362
499.0,0.757,0.990154895,0.243,0.04648053
500.0,0.757,0.991818825,0.243,0.046766528
501.0,0.757,0.991171595,0.243,0.047142849
502.0,0.757,0.98925924,0.243,0.047570614
503.0,0.757,0.987357375,0.243,0.048000654
504.0,0.757,0.985465845,0.243,0.048432972
505.0,0.757,0.98358453,0.243,0.04886757
506.0,0.757,0.98171327,0.243,0.049304451
507.0,0.757,0.97985193,0.243,0.04974362
499.0,0.758,0.990154895,0.242,0.04648053
500.0,0.758,0.991818825,0.242,0.046766528
501.0,0.758,0.991171595,0.242,0.047142849
502.0,0.758,0.98925924,0.242,0.047570614
503.0,0.758,0.987357375,0.242,0.048000654
504.0,0.758,0.985465845,0.242,0.048432972
505.0,0.758,0.98358453,0.242,0.04886757
506.0,0.758,0.98171327,0.242,0.049304451
507.0,0.758,0.97985193,0.242,0.04974362
499.0,0.759,0.990154895,0.241,0.04648053
500.0,0.759,0.991818825,0.241,0.046766528
501.0,0.759,0.991171595,0.241,0.047142849
502.0,0.759,0.98925924,0.241,0.047570614
503.0,0.759,0.987357375,0.241,0.048000654
504.0,0.759,0.985465845,0.241,0.048432972
505.0,0.759,0.98358453,0.241,0.04886757
506.0,0.759,0.98171327,0.241,0.049304451
507.0,0.759,0.97985193,0.241,0.04974362
499.0,0.76,0.990154895,0.24,0.04648053
500.0,0.76,0.991818825,0.24,0.046766528
501.0,0.76,0.991171595,0.24,0.047142849
502.0,0.76,0.98925924,0.24,0.047570614
503.0,0.76,0.987357375,0.24,0.048000654
504.0,0.76,0.985465845,0.24,0.048432972
505.0,0.76,0.98358453,0.24,0.04886757
506.0,0.76,0.98171327,0.24,0.049304451
507.0,0.76,0.97985193,0.24,0.04974362
499.0,0.761,0.990154895,0.239,0.04648053
500.0,0.761,0.991818825,0.239,0.046766528
501.0,0.761,0.991171595,0.239,0.047142849
502.0,0.761,0.98925924,0.239,0.047570614
503.0,0.761,0.987357375,0.239,0.048000654
504.0,0.761,0.985465845,0.239,0.048432972
505.0,0.761,0.98358453,0.239,0.04886757
506.0,0.761,0.98171327,0.239,0.049304451
507.0,0.761,0.97985193,0.239,0.04974362
499.0,0.762,0.990154895,0.238,0.04648053
500.0,0.762,0.991818825,0.238,0.046766528
501.0,0.762,0.991171595,0.238,0.047142849
502.0,0.762,0.98925924,0.238,0.047570614
503.0,0.762,0.987357375,0.238,0.048000654
504.0,0.762,0.985465845,0.238,0.048432972
505.0,0.762,0.98358453,0.238,0.04886757
506.0,0.762,0.98171327,0.238,0.049304451
507.0,0.762,0.97985193,0.238,0.04974362
499.0,0.763,0.990154895,0.237,0.04648053
500.0,0.763,0.991818825,0.237,0.046766528
501.0,0.763,0.991171595,0.237,0.047142849
502.0,0.763,0.98925924,0.237,0.047570614
503.0,0.763,0.987357375,0.237,0.048000654
504.0,0.763,0.985465845,0.237,0.048432972
505.0,0.763,0.98358453,0.237,0.04886757
506.0,0.763,0.98171327,0.237,0.049304451
507.0,0.763,0.97985193,0.237,0.04974362
499.0,0.764,0.990154895,0.236,0.04648053
500.0,0.764,0.991818825,0.236,0.046766528
501.0,0.764,0.991171595,0.236,0.047142849
502.0,0.764,0.98925924,0.236,0.047570614
503.0,0.764,0.987357375,0.236,0.048000654
504.0,0.764,0.985465845,0.236,0.048432972
505.0,0.764,0.98358453,0.236,0.04886757
506.0,0.764,0.98171327,0.236,0.049304451
507.0,0.764,0.97985193,0.236,0.04974362
499.0,0.765,0.990154895,0.235,0.04648053
500.0,0.765,0.991818825,0.235,0.046766528
501.0,0.765,0.991171595,0.235,0.047142849
502.0,0.765,0.98925924,0.235,0.047570614
503.0,0.765,0.987357375,0.235,0.048000654
504.0,0.765,0.985465845,0.235,0.048432972
505.0,0.765,0.98358453,0.235,0.04886757
506.0,0.765,0.98171327,0.235,0.049304451
507.0,0.765,0.97985193,0.235,0.04974362
499.0,0.766,0.990154895,0.23399999999999999,0.04648053
500.0,0.766,0.991818825,0.23399999999999999,0.046766528
501.0,0.766,0.991171595,0.23399999999999999,0.047142849
502.0,0.766,0.98925924,0.23399999999999999,0.047570614
503.0,0.766,0.987357375,0.23399999999999999,0.048000654
504.0,0.766,0.985465845,0.23399999999999999,0.048432972
505.0,0.766,0.98358453,0.23399999999999999,0.04886757
506.0,0.766,0.98171327,0.23399999999999999,0.049304451
507.0,0.766,0.97985193,0.23399999999999999,0.04974362
499.0,0.767,0.990154895,0.23299999999999998,0.04648053
500.0,0.767,0.991818825,0.23299999999999998,0.046766528
501.0,0.767,0.991171595,0.23299999999999998,0.047142849
502.0,0.767,0.98925924,0.23299999999999998,0.047570614
503.0,0.767,0.987357375,0.23299999999999998,0.048000654
504.0,0.767,0.985465845,0.23299999999999998,0.048432972
505.0,0.767,0.98358453,0.23299999999999998,0.04886757
506.0,0.767,0.98171327,0.23299999999999998,0.049304451
507.0,0.767,0.97985193,0.23299999999999998,0.04974362
499.0,0.768,0.990154895,0.23199999999999998,0.04648053
500.0,0.768,0.991818825,0.23199999999999998,0.046766528
501.0,0.768,0.991171595,0.23199999999999998,0.047142849
502.0,0.768,0.98925924,0.23199999999999998,0.047570614
503.0,0.768,0.987357375,0.23199999999999998,0.048000654
504.0,0.768,0.985465845,0.23199999999999998,0.048432972
505.0,0.768,0.98358453,0.23199999999999998,0.04886757
506.0,0.768,0.98171327,0.23199999999999998,0.049304451
507.0,0.768,0.97985193,0.23199999999999998,0.04974362
499.0,0.769,0.990154895,0.23099999999999998,0.04648053
500.0,0.769,0.991818825,0.23099999999999998,0.046766528
501.0,0.769,0.991171595,0.23099999999999998,0.047142849
502.0,0.769,0.98925924,0.23099999999999998,0.047570614
503.0,0.769,0.987357375,0.23099999999999998,0.048000654
504.0,0.769,0.985465845,0.23099999999999998,0.048432972
505.0,0.769,0.98358453,0.23099999999999998,0.04886757
506.0,0.769,0.98171327,0.23099999999999998,0.049304451
507.0,0.769,0.97985193,0.23099999999999998,0.04974362
499.0,0.77,0.990154895,0.22999999999999998,0.04648053
500.0,0.77,0.991818825,0.22999999999999998,0.046766528
501.0,0.77,0.991171595,0.22999999999999998,0.047142849
502.0,0.77,0.98925924,0.22999999999999998,0.047570614
503.0,0.77,0.987357375,0.22999999999999998,0.048000654
504.0,0.77,0.985465845,0.22999999999999998,0.048432972
505.0,0.77,0.98358453,0.22999999999999998,0.04886757
506.0,0.77,0.98171327,0.22999999999999998,0.049304451
507.0,0.77,0.97985193,0.22999999999999998,0.04974362
499.0,0.771,0.990154895,0.22899999999999998,0.04648053
500.0,0.771,0.991818825,0.22899999999999998,0.046766528
501.0,0.771,0.991171595,0.22899999999999998,0.047142849
502.0,0.771,0.98925924,0.22899999999999998,0.047570614
503.0,0.771,0.987357375,0.22899999999999998,0.048000654
504.0,0.771,0.985465845,0.22899999999999998,0.048432972
505.0,0.771,0.98358453,0.22899999999999998,0.04886757
506.0,0.771,0.98171327,0.22899999999999998,0.049304451
507.0,0.771,0.97985193,0.22899999999999998,0.04974362
499.0,0.772,0.990154895,0.22799999999999998,0.04648053
500.0,0.772,0.991818825,0.22799999999999998,0.046766528
501.0,0.772,0.991171595,0.22799999999999998,0.047142849
502.0,0.772,0.98925924,0.22799999999999998,0.047570614
503.0,0.772,0.987357375,0.22799999999999998,0.048000654
504.0,0.772,0.985465845,0.22799999999999998,0.048432972
505.0,0.772,0.98358453,0.22799999999999998,0.04886757
506.0,0.772,0.98171327,0.22799999999999998,0.049304451
507.0,0.772,0.97985193,0.22799999999999998,0.04974362
499.0,0.773,0.990154895,0.22699999999999998,0.04648053
500.0,0.773,0.991818825,0.22699999999999998,0.046766528
501.0,0.773,0.991171595,0.22699999999999998,0.047142849
502.0,0.773,0.98925924,0.22699999999999998,0.047570614
503.0,0.773,0.987357375,0.22699999999999998,0.048000654
504.0,0.773,0.985465845,0.22699999999999998,0.048432972
505.0,0.773,0.98358453,0.22699999999999998,0.04886757
506.0,0.773,0.98171327,0.22699999999999998,0.049304451
507.0,0.773,0.97985193,0.22699999999999998,0.04974362
499.0,0.774,0.990154895,0.22599999999999998,0.04648053
500.0,0.774,0.991818825,0.22599999999999998,0.046766528
501.0,0.774,0.991171595,0.22599999999999998,0.047142849
502.0,0.774,0.98925924,0.22599999999999998,0.047570614
503.0,0.774,0.987357375,0.22599999999999998,0.048000654
504.0,0.774,0.985465845,0.22599999999999998,0.048432972
505.0,0.774,0.98358453,0.22599999999999998,0.04886757
506.0,0.774,0.98171327,0.22599999999999998,0.049304451
507.0,0.774,0.97985193,0.22599999999999998,0.04974362
499.0,0.775,0.990154895,0.22499999999999998,0.04648053
500.0,0.775,0.991818825,0.22499999999999998,0.046766528
501.0,0.775,0.991171595,0.22499999999999998,0.047142849
502.0,0.775,0.98925924,0.22499999999999998,0.047570614
503.0,0.775,0.987357375,0.22499999999999998,0.048000654
504.0,0.775,0.985465845,0.22499999999999998,0.048432972
505.0,0.775,0.98358453,0.22499999999999998,0.04886757
506.0,0.775,0.98171327,0.22499999999999998,0.049304451
507.0,0.775,0.97985193,0.22499999999999998,0.04974362
499.0,0.776,0.990154895,0.22399999999999998,0.04648053
500.0,0.776,0.991818825,0.22399999999999998,0.046766528
501.0,0.776,0.991171595,0.22399999999999998,0.047142849
502.0,0.776,0.98925924,0.22399999999999998,0.047570614
503.0,0.776,0.987357375,0.22399999999999998,0.048000654
504.0,0.776,0.985465845,0.22399999999999998,0.048432972
505.0,0.776,0.98358453,0.22399999999999998,0.04886757
506.0,0.776,0.98171327,0.22399999999999998,0.049304451
507.0,0.776,0.97985193,0.22399999999999998,0.04974362
499.0,0.777,0.990154895,0.22299999999999998,0.04648053
500.0,0.777,0.991818825,0.22299999999999998,0.046766528
501.0,0.777,0.991171595,0.22299999999999998,0.047142849
502.0,0.777,0.98925924,0.22299999999999998,0.047570614
503.0,0.777,0.987357375,0.22299999999999998,0.048000654
504.0,0.777,0.985465845,0.22299999999999998,0.048432972
505.0,0.777,0.98358453,0.22299999999999998,0.04886757
506.0,0.777,0.98171327,0.22299999999999998,0.049304451
507.0,0.777,0.97985193,0.22299999999999998,0.04974362
499.0,0.778,0.990154895,0.22199999999999998,0.04648053
500.0,0.778,0.991818825,0.22199999999999998,0.046766528
501.0,0.778,0.991171595,0.22199999999999998,0.047142849
502.0,0.778,0.98925924,0.22199999999999998,0.047570614
503.0,0.778,0.987357375,0.22199999999999998,0.048000654
504.0,0.778,0.985465845,0.22199999999999998,0.048432972
505.0,0.778,0.98358453,0.22199999999999998,0.04886757
506.0,0.778,0.98171327,0.22199999999999998,0.049304451
507.0,0.778,0.97985193,0.22199999999999998,0.04974362
499.0,0.779,0.990154895,0.22099999999999997,0.04648053
500.0,0.779,0.991818825,0.22099999999999997,0.046766528
501.0,0.779,0.991171595,0.22099999999999997,0.047142849
502.0,0.779,0.98925924,0.22099999999999997,0.047570614
503.0,0.779,0.987357375,0.22099999999999997,0.048000654
504.0,0.779,0.985465845,0.22099999999999997,0.048432972
505.0,0.779,0.98358453,0.22099999999999997,0.04886757
506.0,0.779,0.98171327,0.22099999999999997,0.049304451
507.0,0.779,0.97985193,0.22099999999999997,0.04974362
499.0,0.78,0.990154895,0.21999999999999997,0.04648053
500.0,0.78,0.991818825,0.21999999999999997,0.046766528
501.0,0.78,0.991171595,0.21999999999999997,0.047142849
502.0,0.78,0.98925924,0.21999999999999997,0.047570614
503.0,0.78,0.987357375,0.21999999999999997,0.048000654
504.0,0.78,0.985465845,0.21999999999999997,0.048432972
505.0,0.78,0.98358453,0.21999999999999997,0.04886757
506.0,0.78,0.98171327,0.21999999999999997,0.049304451
507.0,0.78,0.97985193,0.21999999999999997,0.04974362
499.0,0.781,0.990154895,0.21899999999999997,0.04648053
500.0,0.781,0.991818825,0.21899999999999997,0.046766528
501.0,0.781,0.991171595,0.21899999999999997,0.047142849
502.0,0.781,0.98925924,0.21899999999999997,0.047570614
503.0,0.781,0.987357375,0.21899999999999997,0.048000654
504.0,0.781,0.985465845,0.21899999999999997,0.048432972
505.0,0.781,0.98358453,0.21899999999999997,0.04886757
506.0,0.781,0.98171327,0.21899999999999997,0.049304451
507.0,0.781,0.97985193,0.21899999999999997,0.04974362
499.0,0.782,0.990154895,0.21799999999999997,0.04648053
500.0,0.782,0.991818825,0.21799999999999997,0.046766528
501.0,0.782,0.991171595,0.21799999999999997,0.047142849
502.0,0.782,0.98925924,0.21799999999999997,0.047570614
503.0,0.782,0.987357375,0.21799999999999997,0.048000654
504.0,0.782,0.985465845,0.21799999999999997,0.048432972
505.0,0.782,0.98358453,0.21799999999999997,0.04886757
506.0,0.782,0.98171327,0.21799999999999997,0.049304451
507.0,0.782,0.97985193,0.21799999999999997,0.04974362
499.0,0.783,0.990154895,0.21699999999999997,0.04648053
500.0,0.783,0.991818825,0.21699999999999997,0.046766528
501.0,0.783,0.991171595,0.21699999999999997,0.047142849
502.0,0.783,0.98925924,0.21699999999999997,0.047570614
503.0,0.783,0.987357375,0.21699999999999997,0.048000654
504.0,0.783,0.985465845,0.21699999999999997,0.048432972
505.0,0.783,0.98358453,0.21699999999999997,0.04886757
506.0,0.783,0.98171327,0.21699999999999997,0.049304451
507.0,0.783,0.97985193,0.21699999999999997,0.04974362
499.0,0.784,0.990154895,0.21599999999999997,0.04648053
500.0,0.784,0.991818825,0.21599999999999997,0.046766528
501.0,0.784,0.991171595,0.21599999999999997,0.047142849
502.0,0.784,0.98925924,0.21599999999999997,0.047570614
503.0,0.784,0.987357375,0.21599999999999997,0.048000654
504.0,0.784,0.985465845,0.21599999999999997,0.048432972
505.0,0.784,0.98358453,0.21599999999999997,0.04886757
506.0,0.784,0.98171327,0.21599999999999997,0.049304451
507.0,0.784,0.97985193,0.21599999999999997,0.04974362
499.0,0.785,0.990154895,0.21499999999999997,0.04648053
500.0,0.785,0.991818825,0.21499999999999997,0.046766528
501.0,0.785,0.991171595,0.21499999999999997,0.047142849
502.0,0.785,0.98925924,0.21499999999999997,0.047570614
503.0,0.785,0.987357375,0.21499999999999997,0.048000654
504.0,0.785,0.985465845,0.21499999999999997,0.048432972
505.0,0.785,0.98358453,0.21499999999999997,0.04886757
506.0,0.785,0.98171327,0.21499999999999997,0.049304451
507.0,0.785,0.97985193,0.21499999999999997,0.04974362
499.0,0.786,0.990154895,0.21399999999999997,0.04648053
500.0,0.786,0.991818825,0.21399999999999997,0.046766528
501.0,0.786,0.991171595,0.21399999999999997,0.047142849
502.0,0.786,0.98925924,0.21399999999999997,0.047570614
503.0,0.786,0.987357375,0.21399999999999997,0.048000654
504.0,0.786,0.985465845,0.21399999999999997,0.048432972
505.0,0.786,0.98358453,0.21399999999999997,0.04886757
506.0,0.786,0.98171327,0.21399999999999997,0.049304451
507.0,0.786,0.97985193,0.21399999999999997,0.04974362
499.0,0.787,0.990154895,0.21299999999999997,0.04648053
500.0,0.787,0.991818825,0.21299999999999997,0.046766528
501.0,0.787,0.991171595,0.21299999999999997,0.047142849
502.0,0.787,0.98925924,0.21299999999999997,0.047570614
503.0,0.787,0.987357375,0.21299999999999997,0.048000654
504.0,0.787,0.985465845,0.21299999999999997,0.048432972
505.0,0.787,0.98358453,0.21299999999999997,0.04886757
506.0,0.787,0.98171327,0.21299999999999997,0.049304451
507.0,0.787,0.97985193,0.21299999999999997,0.04974362
499.0,0.788,0.990154895,0.21199999999999997,0.04648053
500.0,0.788,0.991818825,0.21199999999999997,0.046766528
501.0,0.788,0.991171595,0.21199999999999997,0.047142849
502.0,0.788,0.98925924,0.21199999999999997,0.047570614
503.0,0.788,0.987357375,0.21199999999999997,0.048000654
504.0,0.788,0.985465845,0.21199999999999997,0.048432972
505.0,0.788,0.98358453,0.21199999999999997,0.04886757
506.0,0.788,0.98171327,0.21199999999999997,0.049304451
507.0,0.788,0.97985193,0.21199999999999997,0.04974362
499.0,0.789,0.990154895,0.21099999999999997,0.04648053
500.0,0.789,0.991818825,0.21099999999999997,0.046766528
501.0,0.789,0.991171595,0.21099999999999997,0.047142849
502.0,0.789,0.98925924,0.21099999999999997,0.047570614
503.0,0.789,0.987357375,0.21099999999999997,0.048000654
504.0,0.789,0.985465845,0.21099999999999997,0.048432972
505.0,0.789,0.98358453,0.21099999999999997,0.04886757
506.0,0.789,0.98171327,0.21099999999999997,0.049304451
507.0,0.789,0.97985193,0.21099999999999997,0.04974362
499.0,0.79,0.990154895,0.20999999999999996,0.04648053
500.0,0.79,0.991818825,0.20999999999999996,0.046766528
501.0,0.79,0.991171595,0.20999999999999996,0.047142849
502.0,0.79,0.98925924,0.20999999999999996,0.047570614
503.0,0.79,0.987357375,0.20999999999999996,0.048000654
504.0,0.79,0.985465845,0.20999999999999996,0.048432972
505.0,0.79,0.98358453,0.20999999999999996,0.04886757
506.0,0.79,0.98171327,0.20999999999999996,0.049304451
507.0,0.79,0.97985193,0.20999999999999996,0.04974362
499.0,0.791,0.990154895,0.20899999999999996,0.04648053
500.0,0.791,0.991818825,0.20899999999999996,0.046766528
501.0,0.791,0.991171595,0.20899999999999996,0.047142849
502.0,0.791,0.98925924,0.20899999999999996,0.047570614
503.0,0.791,0.987357375,0.20899999999999996,0.048000654
504.0,0.791,0.985465845,0.20899999999999996,0.048432972
505.0,0.791,0.98358453,0.20899999999999996,0.04886757
506.0,0.791,0.98171327,0.20899999999999996,0.049304451
507.0,0.791,0.97985193,0.20899999999999996,0.04974362
499.0,0.792,0.990154895,0.20799999999999996,0.04648053
500.0,0.792,0.991818825,0.20799999999999996,0.046766528
501.0,0.792,0.991171595,0.20799999999999996,0.047142849
502.0,0.792,0.98925924,0.20799999999999996,0.047570614
503.0,0.792,0.987357375,0.20799999999999996,0.048000654
504.0,0.792,0.985465845,0.20799999999999996,0.048432972
505.0,0.792,0.98358453,0.20799999999999996,0.04886757
506.0,0.792,0.98171327,0.20799999999999996,0.049304451
507.0,0.792,0.97985193,0.20799999999999996,0.04974362
499.0,0.793,0.990154895,0.20699999999999996,0.04648053
500.0,0.793,0.991818825,0.20699999999999996,0.046766528
501.0,0.793,0.991171595,0.20699999999999996,0.047142849
502.0,0.793,0.98925924,0.20699999999999996,0.047570614
503.0,0.793,0.987357375,0.20699999999999996,0.048000654
504.0,0.793,0.985465845,0.20699999999999996,0.048432972
505.0,0.793,0.98358453,0.20699999999999996,0.04886757
506.0,0.793,0.98171327,0.20699999999999996,0.049304451
507.0,0.793,0.97985193,0.20699999999999996,0.04974362
499.0,0.794,0.990154895,0.20599999999999996,0.04648053
500.0,0.794,0.991818825,0.20599999999999996,0.046766528
501.0,0.794,0.991171595,0.20599999999999996,0.047142849
502.0,0.794,0.98925924,0.20599999999999996,0.047570614
503.0,0.794,0.987357375,0.20599999999999996,0.048000654
504.0,0.794,0.985465845,0.20599999999999996,0.048432972
505.0,0.794,0.98358453,0.20599999999999996,0.04886757
506.0,0.794,0.98171327,0.20599999999999996,0.049304451
507.0,0.794,0.97985193,0.20599999999999996,0.04974362
499.0,0.795,0.990154895,0.20499999999999996,0.04648053
500.0,0.795,0.991818825,0.20499999999999996,0.046766528
501.0,0.795,0.991171595,0.20499999999999996,0.047142849
502.0,0.795,0.98925924,0.20499999999999996,0.047570614
503.0,0.795,0.987357375,0.20499999999999996,0.048000654
504.0,0.795,0.985465845,0.20499999999999996,0.048432972
505.0,0.795,0.98358453,0.20499999999999996,0.04886757
506.0,0.795,0.98171327,0.20499999999999996,0.049304451
507.0,0.795,0.97985193,0.20499999999999996,0.04974362
499.0,0.796,0.990154895,0.20399999999999996,0.04648053
500.0,0.796,0.991818825,0.20399999999999996,0.046766528
501.0,0.796,0.991171595,0.20399999999999996,0.047142849
502.0,0.796,0.98925924,0.20399999999999996,0.047570614
503.0,0.796,0.987357375,0.20399999999999996,0.048000654
504.0,0.796,0.985465845,0.20399999999999996,0.048432972
505.0,0.796,0.98358453,0.20399999999999996,0.04886757
506.0,0.796,0.98171327,0.20399999999999996,0.049304451
507.0,0.796,0.97985193,0.20399999999999996,0.04974362
499.0,0.797,0.990154895,0.20299999999999996,0.04648053
500.0,0.797,0.991818825,0.20299999999999996,0.046766528
501.0,0.797,0.991171595,0.20299999999999996,0.047142849
502.0,0.797,0.98925924,0.20299999999999996,0.047570614
503.0,0.797,0.987357375,0.20299999999999996,0.048000654
504.0,0.797,0.985465845,0.20299999999999996,0.048432972
505.0,0.797,0.98358453,0.20299999999999996,0.04886757
506.0,0.797,0.98171327,0.20299999999999996,0.049304451
507.0,0.797,0.97985193,0.20299999999999996,0.04974362
499.0,0.798,0.990154895,0.20199999999999996,0.04648053
500.0,0.798,0.991818825,0.20199999999999996,0.046766528
501.0,0.798,0.991171595,0.20199999999999996,0.047142849
502.0,0.798,0.98925924,0.20199999999999996,0.047570614
503.0,0.798,0.987357375,0.20199999999999996,0.048000654
504.0,0.798,0.985465845,0.20199999999999996,0.048432972
505.0,0.798,0.98358453,0.20199999999999996,0.04886757
506.0,0.798,0.98171327,0.20199999999999996,0.049304451
507.0,0.798,0.97985193,0.20199999999999996,0.04974362
499.0,0.799,0.990154895,0.20099999999999996,0.04648053
500.0,0.799,0.991818825,0.20099999999999996,0.046766528
501.0,0.799,0.991171595,0.20099999999999996,0.047142849
502.0,0.799,0.98925924,0.20099999999999996,0.047570614
503.0,0.799,0.987357375,0.20099999999999996,0.048000654
504.0,0.799,0.985465845,0.20099999999999996,0.048432972
505.0,0.799,0.98358453,0.20099999999999996,0.04886757
506.0,0.799,0.98171327,0.20099999999999996,0.049304451
507.0,0.799,0.97985193,0.20099999999999996,0.04974362
499.0,0.8,0.990154895,0.19999999999999996,0.04648053
500.0,0.8,0.991818825,0.19999999999999996,0.046766528
501.0,0.8,0.991171595,0.19999999999999996,0.047142849
502.0,0.8,0.98925924,0.19999999999999996,0.047570614
503.0,0.8,0.987357375,0.19999999999999996,0.048000654
504.0,0.8,0.985465845,0.19999999999999996,0.048432972
505.0,0.8,0.98358453,0.19999999999999996,0.04886757
506.0,0.8,0.98171327,0.19999999999999996,0.049304451
507.0,0.8,0.97985193,0.19999999999999996,0.04974362
499.0,0.801,0.990154895,0.19899999999999995,0.04648053
500.0,0.801,0.991818825,0.19899999999999995,0.046766528
501.0,0.801,0.991171595,0.19899999999999995,0.047142849
502.0,0.801,0.98925924,0.19899999999999995,0.047570614
503.0,0.801,0.987357375,0.19899999999999995,0.048000654
504.0,0.801,0.985465845,0.19899999999999995,0.048432972
505.0,0.801,0.98358453,0.19899999999999995,0.04886757
506.0,0.801,0.98171327,0.19899999999999995,0.049304451
507.0,0.801,0.97985193,0.19899999999999995,0.04974362
499.0,0.802,0.990154895,0.19799999999999995,0.04648053
500.0,0.802,0.991818825,0.19799999999999995,0.046766528
501.0,0.802,0.991171595,0.19799999999999995,0.047142849
502.0,0.802,0.98925924,0.19799999999999995,0.047570614
503.0,0.802,0.987357375,0.19799999999999995,0.048000654
504.0,0.802,0.985465845,0.19799999999999995,0.048432972
505.0,0.802,0.98358453,0.19799999999999995,0.04886757
506.0,0.802,0.98171327,0.19799999999999995,0.049304451
507.0,0.802,0.97985193,0.19799999999999995,0.04974362
499.0,0.803,0.990154895,0.19699999999999995,0.04648053
500.0,0.803,0.991818825,0.19699999999999995,0.046766528
501.0,0.803,0.991171595,0.19699999999999995,0.047142849
502.0,0.803,0.98925924,0.19699999999999995,0.047570614
503.0,0.803,0.987357375,0.19699999999999995,0.048000654
504.0,0.803,0.985465845,0.19699999999999995,0.048432972
505.0,0.803,0.98358453,0.19699999999999995,0.04886757
506.0,0.803,0.98171327,0.19699999999999995,0.049304451
507.0,0.803,0.97985193,0.19699999999999995,0.04974362
499.0,0.804,0.990154895,0.19599999999999995,0.04648053
500.0,0.804,0.991818825,0.19599999999999995,0.046766528
501.0,0.804,0.991171595,0.19599999999999995,0.047142849
502.0,0.804,0.98925924,0.19599999999999995,0.047570614
503.0,0.804,0.987357375,0.19599999999999995,0.048000654
504.0,0.804,0.985465845,0.19599999999999995,0.048432972
505.0,0.804,0.98358453,0.19599999999999995,0.04886757
506.0,0.804,0.98171327,0.19599999999999995,0.049304451
507.0,0.804,0.97985193,0.19599999999999995,0.04974362
499.0,0.805,0.990154895,0.19499999999999995,0.04648053
500.0,0.805,0.991818825,0.19499999999999995,0.046766528
501.0,0.805,0.991171595,0.19499999999999995,0.047142849
502.0,0.805,0.98925924,0.19499999999999995,0.047570614
503.0,0.805,0.987357375,0.19499999999999995,0.048000654
504.0,0.805,0.985465845,0.19499999999999995,0.048432972
505.0,0.805,0.98358453,0.19499999999999995,0.04886757
506.0,0.805,0.98171327,0.19499999999999995,0.049304451
507.0,0.805,0.97985193,0.19499999999999995,0.04974362
499.0,0.806,0.990154895,0.19399999999999995,0.04648053
500.0,0.806,0.991818825,0.19399999999999995,0.046766528
501.0,0.806,0.991171595,0.19399999999999995,0.047142849
502.0,0.806,0.98925924,0.19399999999999995,0.047570614
503.0,0.806,0.987357375,0.19399999999999995,0.048000654
504.0,0.806,0.985465845,0.19399999999999995,0.048432972
505.0,0.806,0.98358453,0.19399999999999995,0.04886757
506.0,0.806,0.98171327,0.19399999999999995,0.049304451
507.0,0.806,0.97985193,0.19399999999999995,0.04974362
499.0,0.807,0.990154895,0.19299999999999995,0.04648053
500.0,0.807,0.991818825,0.19299999999999995,0.046766528
501.0,0.807,0.991171595,0.19299999999999995,0.047142849
502.0,0.807,0.98925924,0.19299999999999995,0.047570614
503.0,0.807,0.987357375,0.19299999999999995,0.048000654
504.0,0.807,0.985465845,0.19299999999999995,0.048432972
505.0,0.807,0.98358453,0.19299999999999995,0.04886757
506.0,0.807,0.98171327,0.19299999999999995,0.049304451
507.0,0.807,0.97985193,0.19299999999999995,0.04974362
499.0,0.808,0.990154895,0.19199999999999995,0.04648053
500.0,0.808,0.991818825,0.19199999999999995,0.046766528
501.0,0.808,0.991171595,0.19199999999999995,0.047142849
502.0,0.808,0.98925924,0.19199999999999995,0.047570614
503.0,0.808,0.987357375,0.19199999999999995,0.048000654
504.0,0.808,0.985465845,0.19199999999999995,0.048432972
505.0,0.808,0.98358453,0.19199999999999995,0.04886757
506.0,0.808,0.98171327,0.19199999999999995,0.049304451
507.0,0.808,0.97985193,0.19199999999999995,0.04974362
499.0,0.809,0.990154895,0.19099999999999995,0.04648053
500.0,0.809,0.991818825,0.19099999999999995,0.046766528
501.0,0.809,0.991171595,0.19099999999999995,0.047142849
502.0,0.809,0.98925924,0.19099999999999995,0.047570614
503.0,0.809,0.987357375,0.19099999999999995,0.048000654
504.0,0.809,0.985465845,0.19099999999999995,0.048432972
505.0,0.809,0.98358453,0.19099999999999995,0.04886757
506.0,0.809,0.98171327,0.19099999999999995,0.049304451
507.0,0.809,0.97985193,0.19099999999999995,0.04974362
499.0,0.81,0.990154895,0.18999999999999995,0.04648053
500.0,0.81,0.991818825,0.18999999999999995,0.046766528
501.0,0.81,0.991171595,0.18999999999999995,0.047142849
502.0,0.81,0.98925924,0.18999999999999995,0.047570614
503.0,0.81,0.987357375,0.18999999999999995,0.048000654
504.0,0.81,0.985465845,0.18999999999999995,0.048432972
505.0,0.81,0.98358453,0.18999999999999995,0.04886757
506.0,0.81,0.98171327,0.18999999999999995,0.049304451
507.0,0.81,0.97985193,0.18999999999999995,0.04974362
499.0,0.811,0.990154895,0.18899999999999995,0.04648053
500.0,0.811,0.991818825,0.18899999999999995,0.046766528
501.0,0.811,0.991171595,0.18899999999999995,0.047142849
502.0,0.811,0.98925924,0.18899999999999995,0.047570614
503.0,0.811,0.987357375,0.18899999999999995,0.048000654
504.0,0.811,0.985465845,0.18899999999999995,0.048432972
505.0,0.811,0.98358453,0.18899999999999995,0.04886757
506.0,0.811,0.98171327,0.18899999999999995,0.049304451
507.0,0.811,0.97985193,0.18899999999999995,0.04974362
499.0,0.812,0.990154895,0.18799999999999994,0.04648053
500.0,0.812,0.991818825,0.18799999999999994,0.046766528
501.0,0.812,0.991171595,0.18799999999999994,0.047142849
502.0,0.812,0.98925924,0.18799999999999994,0.047570614
503.0,0.812,0.987357375,0.18799999999999994,0.048000654
504.0,0.812,0.985465845,0.18799999999999994,0.048432972
505.0,0.812,0.98358453,0.18799999999999994,0.04886757
506.0,0.812,0.98171327,0.18799999999999994,0.049304451
507.0,0.812,0.97985193,0.18799999999999994,0.04974362
499.0,0.813,0.990154895,0.18700000000000006,0.04648053
500.0,0.813,0.991818825,0.18700000000000006,0.046766528
501.0,0.813,0.991171595,0.18700000000000006,0.047142849
502.0,0.813,0.98925924,0.18700000000000006,0.047570614
503.0,0.813,0.987357375,0.18700000000000006,0.048000654
504.0,0.813,0.985465845,0.18700000000000006,0.048432972
505.0,0.813,0.98358453,0.18700000000000006,0.04886757
506.0,0.813,0.98171327,0.18700000000000006,0.049304451
507.0,0.813,0.97985193,0.18700000000000006,0.04974362
499.0,0.814,0.990154895,0.18600000000000005,0.04648053
500.0,0.814,0.991818825,0.18600000000000005,0.046766528
501.0,0.814,0.991171595,0.18600000000000005,0.047142849
502.0,0.814,0.98925924,0.18600000000000005,0.047570614
503.0,0.814,0.987357375,0.18600000000000005,0.048000654
504.0,0.814,0.985465845,0.18600000000000005,0.048432972
505.0,0.814,0.98358453,0.18600000000000005,0.04886757
506.0,0.814,0.98171327,0.18600000000000005,0.049304451
507.0,0.814,0.97985193,0.18600000000000005,0.04974362
499.0,0.815,0.990154895,0.18500000000000005,0.04648053
500.0,0.815,0.991818825,0.18500000000000005,0.046766528
501.0,0.815,0.991171595,0.18500000000000005,0.047142849
502.0,0.815,0.98925924,0.18500000000000005,0.047570614
503.0,0.815,0.987357375,0.18500000000000005,0.048000654
504.0,0.815,0.985465845,0.18500000000000005,0.048432972
505.0,0.815,0.98358453,0.18500000000000005,0.04886757
506.0,0.815,0.98171327,0.18500000000000005,0.049304451
507.0,0.815,0.97985193,0.18500000000000005,0.04974362
499.0,0.816,0.990154895,0.18400000000000005,0.04648053
500.0,0.816,0.991818825,0.18400000000000005,0.046766528
501.0,0.816,0.991171595,0.18400000000000005,0.047142849
502.0,0.816,0.98925924,0.18400000000000005,0.047570614
503.0,0.816,0.987357375,0.18400000000000005,0.048000654
504.0,0.816,0.985465845,0.18400000000000005,0.048432972
505.0,0.816,0.98358453,0.18400000000000005,0.04886757
506.0,0.816,0.98171327,0.18400000000000005,0.049304451
507.0,0.816,0.97985193,0.18400000000000005,0.04974362
499.0,0.817,0.990154895,0.18300000000000005,0.04648053
500.0,0.817,0.991818825,0.18300000000000005,0.046766528
501.0,0.817,0.991171595,0.18300000000000005,0.047142849
502.0,0.817,0.98925924,0.18300000000000005,0.047570614
503.0,0.817,0.987357375,0.18300000000000005,0.048000654
504.0,0.817,0.985465845,0.18300000000000005,0.048432972
505.0,0.817,0.98358453,0.18300000000000005,0.04886757
506.0,0.817,0.98171327,0.18300000000000005,0.049304451
507.0,0.817,0.97985193,0.18300000000000005,0.04974362
499.0,0.818,0.990154895,0.18200000000000005,0.04648053
500.0,0.818,0.991818825,0.18200000000000005,0.046766528
501.0,0.818,0.991171595,0.18200000000000005,0.047142849
502.0,0.818,0.98925924,0.18200000000000005,0.047570614
503.0,0.818,0.987357375,0.18200000000000005,0.048000654
504.0,0.818,0.985465845,0.18200000000000005,0.048432972
505.0,0.818,0.98358453,0.18200000000000005,0.04886757
506.0,0.818,0.98171327,0.18200000000000005,0.049304451
507.0,0.818,0.97985193,0.18200000000000005,0.04974362
499.0,0.819,0.990154895,0.18100000000000005,0.04648053
500.0,0.819,0.991818825,0.18100000000000005,0.046766528
501.0,0.819,0.991171595,0.18100000000000005,0.047142849
502.0,0.819,0.98925924,0.18100000000000005,0.047570614
503.0,0.819,0.987357375,0.18100000000000005,0.048000654
504.0,0.819,0.985465845,0.18100000000000005,0.048432972
505.0,0.819,0.98358453,0.18100000000000005,0.04886757
506.0,0.819,0.98171327,0.18100000000000005,0.049304451
507.0,0.819,0.97985193,0.18100000000000005,0.04974362
499.0,0.82,0.990154895,0.18000000000000005,0.04648053
500.0,0.82,0.991818825,0.18000000000000005,0.046766528
501.0,0.82,0.991171595,0.18000000000000005,0.047142849
502.0,0.82,0.98925924,0.18000000000000005,0.047570614
503.0,0.82,0.987357375,0.18000000000000005,0.048000654
504.0,0.82,0.985465845,0.18000000000000005,0.048432972
505.0,0.82,0.98358453,0.18000000000000005,0.04886757
506.0,0.82,0.98171327,0.18000000000000005,0.049304451
507.0,0.82,0.97985193,0.18000000000000005,0.04974362
499.0,0.821,0.990154895,0.17900000000000005,0.04648053
500.0,0.821,0.991818825,0.17900000000000005,0.046766528
501.0,0.821,0.991171595,0.17900000000000005,0.047142849
502.0,0.821,0.98925924,0.17900000000000005,0.047570614
503.0,0.821,0.987357375,0.17900000000000005,0.048000654
504.0,0.821,0.985465845,0.17900000000000005,0.048432972
505.0,0.821,0.98358453,0.17900000000000005,0.04886757
506.0,0.821,0.98171327,0.17900000000000005,0.049304451
507.0,0.821,0.97985193,0.17900000000000005,0.04974362
499.0,0.822,0.990154895,0.17800000000000005,0.04648053
500.0,0.822,0.991818825,0.17800000000000005,0.046766528
501.0,0.822,0.991171595,0.17800000000000005,0.047142849
502.0,0.822,0.98925924,0.17800000000000005,0.047570614
503.0,0.822,0.987357375,0.17800000000000005,0.048000654
504.0,0.822,0.985465845,0.17800000000000005,0.048432972
505.0,0.822,0.98358453,0.17800000000000005,0.04886757
506.0,0.822,0.98171327,0.17800000000000005,0.049304451
507.0,0.822,0.97985193,0.17800000000000005,0.04974362
499.0,0.823,0.990154895,0.17700000000000005,0.04648053
500.0,0.823,0.991818825,0.17700000000000005,0.046766528
501.0,0.823,0.991171595,0.17700000000000005,0.047142849
502.0,0.823,0.98925924,0.17700000000000005,0.047570614
503.0,0.823,0.987357375,0.17700000000000005,0.048000654
504.0,0.823,0.985465845,0.17700000000000005,0.048432972
505.0,0.823,0.98358453,0.17700000000000005,0.04886757
506.0,0.823,0.98171327,0.17700000000000005,0.049304451
507.0,0.823,0.97985193,0.17700000000000005,0.04974362
499.0,0.824,0.990154895,0.17600000000000005,0.04648053
500.0,0.824,0.991818825,0.17600000000000005,0.046766528
501.0,0.824,0.991171595,0.17600000000000005,0.047142849
502.0,0.824,0.98925924,0.17600000000000005,0.047570614
503.0,0.824,0.987357375,0.17600000000000005,0.048000654
504.0,0.824,0.985465845,0.17600000000000005,0.048432972
505.0,0.824,0.98358453,0.17600000000000005,0.04886757
506.0,0.824,0.98171327,0.17600000000000005,0.049304451
507.0,0.824,0.97985193,0.17600000000000005,0.04974362
499.0,0.825,0.990154895,0.17500000000000004,0.04648053
500.0,0.825,0.991818825,0.17500000000000004,0.046766528
501.0,0.825,0.991171595,0.17500000000000004,0.047142849
502.0,0.825,0.98925924,0.17500000000000004,0.047570614
503.0,0.825,0.987357375,0.17500000000000004,0.048000654
504.0,0.825,0.985465845,0.17500000000000004,0.048432972
505.0,0.825,0.98358453,0.17500000000000004,0.04886757
506.0,0.825,0.98171327,0.17500000000000004,0.049304451
507.0,0.825,0.97985193,0.17500000000000004,0.04974362
499.0,0.826,0.990154895,0.17400000000000004,0.04648053
500.0,0.826,0.991818825,0.17400000000000004,0.046766528
501.0,0.826,0.991171595,0.17400000000000004,0.047142849
502.0,0.826,0.98925924,0.17400000000000004,0.047570614
503.0,0.826,0.987357375,0.17400000000000004,0.048000654
504.0,0.826,0.985465845,0.17400000000000004,0.048432972
505.0,0.826,0.98358453,0.17400000000000004,0.04886757
506.0,0.826,0.98171327,0.17400000000000004,0.049304451
507.0,0.826,0.97985193,0.17400000000000004,0.04974362
499.0,0.827,0.990154895,0.17300000000000004,0.04648053
500.0,0.827,0.991818825,0.17300000000000004,0.046766528
501.0,0.827,0.991171595,0.17300000000000004,0.047142849
502.0,0.827,0.98925924,0.17300000000000004,0.047570614
503.0,0.827,0.987357375,0.17300000000000004,0.048000654
504.0,0.827,0.985465845,0.17300000000000004,0.048432972
505.0,0.827,0.98358453,0.17300000000000004,0.04886757
506.0,0.827,0.98171327,0.17300000000000004,0.049304451
507.0,0.827,0.97985193,0.17300000000000004,0.04974362
499.0,0.828,0.990154895,0.17200000000000004,0.04648053
500.0,0.828,0.991818825,0.17200000000000004,0.046766528
501.0,0.828,0.991171595,0.17200000000000004,0.047142849
502.0,0.828,0.98925924,0.17200000000000004,0.047570614
503.0,0.828,0.987357375,0.17200000000000004,0.048000654
504.0,0.828,0.985465845,0.17200000000000004,0.048432972
505.0,0.828,0.98358453,0.17200000000000004,0.04886757
506.0,0.828,0.98171327,0.17200000000000004,0.049304451
507.0,0.828,0.97985193,0.17200000000000004,0.04974362
499.0,0.829,0.990154895,0.17100000000000004,0.04648053
500.0,0.829,0.991818825,0.17100000000000004,0.046766528
501.0,0.829,0.991171595,0.17100000000000004,0.047142849
502.0,0.829,0.98925924,0.17100000000000004,0.047570614
503.0,0.829,0.987357375,0.17100000000000004,0.048000654
504.0,0.829,0.985465845,0.17100000000000004,0.048432972
505.0,0.829,0.98358453,0.17100000000000004,0.04886757
506.0,0.829,0.98171327,0.17100000000000004,0.049304451
507.0,0.829,0.97985193,0.17100000000000004,0.04974362
499.0,0.83,0.990154895,0.17000000000000004,0.04648053
500.0,0.83,0.991818825,0.17000000000000004,0.046766528
501.0,0.83,0.991171595,0.17000000000000004,0.047142849
502.0,0.83,0.98925924,0.17000000000000004,0.047570614
503.0,0.83,0.987357375,0.17000000000000004,0.048000654
504.0,0.83,0.985465845,0.17000000000000004,0.048432972
505.0,0.83,0.98358453,0.17000000000000004,0.04886757
506.0,0.83,0.98171327,0.17000000000000004,0.049304451
507.0,0.83,0.97985193,0.17000000000000004,0.04974362
499.0,0.831,0.990154895,0.16900000000000004,0.04648053
500.0,0.831,0.991818825,0.16900000000000004,0.046766528
501.0,0.831,0.991171595,0.16900000000000004,0.047142849
502.0,0.831,0.98925924,0.16900000000000004,0.047570614
503.0,0.831,0.987357375,0.16900000000000004,0.048000654
504.0,0.831,0.985465845,0.16900000000000004,0.048432972
505.0,0.831,0.98358453,0.16900000000000004,0.04886757
506.0,0.831,0.98171327,0.16900000000000004,0.049304451
507.0,0.831,0.97985193,0.16900000000000004,0.04974362
499.0,0.832,0.990154895,0.16800000000000004,0.04648053
500.0,0.832,0.991818825,0.16800000000000004,0.046766528
501.0,0.832,0.991171595,0.16800000000000004,0.047142849
502.0,0.832,0.98925924,0.16800000000000004,0.047570614
503.0,0.832,0.987357375,0.16800000000000004,0.048000654
504.0,0.832,0.985465845,0.16800000000000004,0.048432972
505.0,0.832,0.98358453,0.16800000000000004,0.04886757
506.0,0.832,0.98171327,0.16800000000000004,0.049304451
507.0,0.832,0.97985193,0.16800000000000004,0.04974362
499.0,0.833,0.990154895,0.16700000000000004,0.04648053
500.0,0.833,0.991818825,0.16700000000000004,0.046766528
501.0,0.833,0.991171595,0.16700000000000004,0.047142849
502.0,0.833,0.98925924,0.16700000000000004,0.047570614
503.0,0.833,0.987357375,0.16700000000000004,0.048000654
504.0,0.833,0.985465845,0.16700000000000004,0.048432972
505.0,0.833,0.98358453,0.16700000000000004,0.04886757
506.0,0.833,0.98171327,0.16700000000000004,0.049304451
507.0,0.833,0.97985193,0.16700000000000004,0.04974362
499.0,0.834,0.990154895,0.16600000000000004,0.04648053
500.0,0.834,0.991818825,0.16600000000000004,0.046766528
501.0,0.834,0.991171595,0.16600000000000004,0.047142849
502.0,0.834,0.98925924,0.16600000000000004,0.047570614
503.0,0.834,0.987357375,0.16600000000000004,0.048000654
504.0,0.834,0.985465845,0.16600000000000004,0.048432972
505.0,0.834,0.98358453,0.16600000000000004,0.04886757
506.0,0.834,0.98171327,0.16600000000000004,0.049304451
507.0,0.834,0.97985193,0.16600000000000004,0.04974362
499.0,0.835,0.990154895,0.16500000000000004,0.04648053
500.0,0.835,0.991818825,0.16500000000000004,0.046766528
501.0,0.835,0.991171595,0.16500000000000004,0.047142849
502.0,0.835,0.98925924,0.16500000000000004,0.047570614
503.0,0.835,0.987357375,0.16500000000000004,0.048000654
504.0,0.835,0.985465845,0.16500000000000004,0.048432972
505.0,0.835,0.98358453,0.16500000000000004,0.04886757
506.0,0.835,0.98171327,0.16500000000000004,0.049304451
507.0,0.835,0.97985193,0.16500000000000004,0.04974362
499.0,0.836,0.990154895,0.16400000000000003,0.04648053
500.0,0.836,0.991818825,0.16400000000000003,0.046766528
501.0,0.836,0.991171595,0.16400000000000003,0.047142849
502.0,0.836,0.98925924,0.16400000000000003,0.047570614
503.0,0.836,0.987357375,0.16400000000000003,0.048000654
504.0,0.836,0.985465845,0.16400000000000003,0.048432972
505.0,0.836,0.98358453,0.16400000000000003,0.04886757
506.0,0.836,0.98171327,0.16400000000000003,0.049304451
507.0,0.836,0.97985193,0.16400000000000003,0.04974362
499.0,0.837,0.990154895,0.16300000000000003,0.04648053
500.0,0.837,0.991818825,0.16300000000000003,0.046766528
501.0,0.837,0.991171595,0.16300000000000003,0.047142849
502.0,0.837,0.98925924,0.16300000000000003,0.047570614
503.0,0.837,0.987357375,0.16300000000000003,0.048000654
504.0,0.837,0.985465845,0.16300000000000003,0.048432972
505.0,0.837,0.98358453,0.16300000000000003,0.04886757
506.0,0.837,0.98171327,0.16300000000000003,0.049304451
507.0,0.837,0.97985193,0.16300000000000003,0.04974362
499.0,0.838,0.990154895,0.16200000000000003,0.04648053
500.0,0.838,0.991818825,0.16200000000000003,0.046766528
501.0,0.838,0.991171595,0.16200000000000003,0.047142849
502.0,0.838,0.98925924,0.16200000000000003,0.047570614
503.0,0.838,0.987357375,0.16200000000000003,0.048000654
504.0,0.838,0.985465845,0.16200000000000003,0.048432972
505.0,0.838,0.98358453,0.16200000000000003,0.04886757
506.0,0.838,0.98171327,0.16200000000000003,0.049304451
507.0,0.838,0.97985193,0.16200000000000003,0.04974362
499.0,0.839,0.990154895,0.16100000000000003,0.04648053
500.0,0.839,0.991818825,0.16100000000000003,0.046766528
501.0,0.839,0.991171595,0.16100000000000003,0.047142849
502.0,0.839,0.98925924,0.16100000000000003,0.047570614
503.0,0.839,0.987357375,0.16100000000000003,0.048000654
504.0,0.839,0.985465845,0.16100000000000003,0.048432972
505.0,0.839,0.98358453,0.16100000000000003,0.04886757
506.0,0.839,0.98171327,0.16100000000000003,0.049304451
507.0,0.839,0.97985193,0.16100000000000003,0.04974362
499.0,0.84,0.990154895,0.16000000000000003,0.04648053
500.0,0.84,0.991818825,0.16000000000000003,0.046766528
501.0,0.84,0.991171595,0.16000000000000003,0.047142849
502.0,0.84,0.98925924,0.16000000000000003,0.047570614
503.0,0.84,0.987357375,0.16000000000000003,0.048000654
504.0,0.84,0.985465845,0.16000000000000003,0.048432972
505.0,0.84,0.98358453,0.16000000000000003,0.04886757
506.0,0.84,0.98171327,0.16000000000000003,0.049304451
507.0,0.84,0.97985193,0.16000000000000003,0.04974362
499.0,0.841,0.990154895,0.15900000000000003,0.04648053
500.0,0.841,0.991818825,0.15900000000000003,0.046766528
501.0,0.841,0.991171595,0.15900000000000003,0.047142849
502.0,0.841,0.98925924,0.15900000000000003,0.047570614
503.0,0.841,0.987357375,0.15900000000000003,0.048000654
504.0,0.841,0.985465845,0.15900000000000003,0.048432972
505.0,0.841,0.98358453,0.15900000000000003,0.04886757
506.0,0.841,0.98171327,0.15900000000000003,0.049304451
507.0,0.841,0.97985193,0.15900000000000003,0.04974362
499.0,0.842,0.990154895,0.15800000000000003,0.04648053
500.0,0.842,0.991818825,0.15800000000000003,0.046766528
501.0,0.842,0.991171595,0.15800000000000003,0.047142849
502.0,0.842,0.98925924,0.15800000000000003,0.047570614
503.0,0.842,0.987357375,0.15800000000000003,0.048000654
504.0,0.842,0.985465845,0.15800000000000003,0.048432972
505.0,0.842,0.98358453,0.15800000000000003,0.04886757
506.0,0.842,0.98171327,0.15800000000000003,0.049304451
507.0,0.842,0.97985193,0.15800000000000003,0.04974362
499.0,0.843,0.990154895,0.15700000000000003,0.04648053
500.0,0.843,0.991818825,0.15700000000000003,0.046766528
501.0,0.843,0.991171595,0.15700000000000003,0.047142849
502.0,0.843,0.98925924,0.15700000000000003,0.047570614
503.0,0.843,0.987357375,0.15700000000000003,0.048000654
504.0,0.843,0.985465845,0.15700000000000003,0.048432972
505.0,0.843,0.98358453,0.15700000000000003,0.04886757
506.0,0.843,0.98171327,0.15700000000000003,0.049304451
507.0,0.843,0.97985193,0.15700000000000003,0.04974362
499.0,0.844,0.990154895,0.15600000000000003,0.04648053
500.0,0.844,0.991818825,0.15600000000000003,0.046766528
501.0,0.844,0.991171595,0.15600000000000003,0.047142849
502.0,0.844,0.98925924,0.15600000000000003,0.047570614
503.0,0.844,0.987357375,0.15600000000000003,0.048000654
504.0,0.844,0.985465845,0.15600000000000003,0.048432972
505.0,0.844,0.98358453,0.15600000000000003,0.04886757
506.0,0.844,0.98171327,0.15600000000000003,0.049304451
507.0,0.844,0.97985193,0.15600000000000003,0.04974362
499.0,0.845,0.990154895,0.15500000000000003,0.04648053
500.0,0.845,0.991818825,0.15500000000000003,0.046766528
501.0,0.845,0.991171595,0.15500000000000003,0.047142849
502.0,0.845,0.98925924,0.15500000000000003,0.047570614
503.0,0.845,0.987357375,0.15500000000000003,0.048000654
504.0,0.845,0.985465845,0.15500000000000003,0.048432972
505.0,0.845,0.98358453,0.15500000000000003,0.04886757
506.0,0.845,0.98171327,0.15500000000000003,0.049304451
507.0,0.845,0.97985193,0.15500000000000003,0.04974362
499.0,0.846,0.990154895,0.15400000000000003,0.04648053
500.0,0.846,0.991818825,0.15400000000000003,0.046766528
501.0,0.846,0.991171595,0.15400000000000003,0.047142849
502.0,0.846,0.98925924,0.15400000000000003,0.047570614
503.0,0.846,0.987357375,0.15400000000000003,0.048000654
504.0,0.846,0.985465845,0.15400000000000003,0.048432972
505.0,0.846,0.98358453,0.15400000000000003,0.04886757
506.0,0.846,0.98171327,0.15400000000000003,0.049304451
507.0,0.846,0.97985193,0.15400000000000003,0.04974362
499.0,0.847,0.990154895,0.15300000000000002,0.04648053
500.0,0.847,0.991818825,0.15300000000000002,0.046766528
501.0,0.847,0.991171595,0.15300000000000002,0.047142849
502.0,0.847,0.98925924,0.15300000000000002,0.047570614
503.0,0.847,0.987357375,0.15300000000000002,0.048000654
504.0,0.847,0.985465845,0.15300000000000002,0.048432972
505.0,0.847,0.98358453,0.15300000000000002,0.04886757
506.0,0.847,0.98171327,0.15300000000000002,0.049304451
507.0,0.847,0.97985193,0.15300000000000002,0.04974362
499.0,0.848,0.990154895,0.15200000000000002,0.04648053
500.0,0.848,0.991818825,0.15200000000000002,0.046766528
501.0,0.848,0.991171595,0.15200000000000002,0.047142849
502.0,0.848,0.98925924,0.15200000000000002,0.047570614
503.0,0.848,0.987357375,0.15200000000000002,0.048000654
504.0,0.848,0.985465845,0.15200000000000002,0.048432972
505.0,0.848,0.98358453,0.15200000000000002,0.04886757
506.0,0.848,0.98171327,0.15200000000000002,0.049304451
507.0,0.848,0.97985193,0.15200000000000002,0.04974362
499.0,0.849,0.990154895,0.15100000000000002,0.04648053
500.0,0.849,0.991818825,0.15100000000000002,0.046766528
501.0,0.849,0.991171595,0.15100000000000002,0.047142849
502.0,0.849,0.98925924,0.15100000000000002,0.047570614
503.0,0.849,0.987357375,0.15100000000000002,0.048000654
504.0,0.849,0.985465845,0.15100000000000002,0.048432972
505.0,0.849,0.98358453,0.15100000000000002,0.04886757
506.0,0.849,0.98171327,0.15100000000000002,0.049304451
507.0,0.849,0.97985193,0.15100000000000002,0.04974362
499.0,0.85,0.990154895,0.15000000000000002,0.04648053
500.0,0.85,0.991818825,0.15000000000000002,0.046766528
501.0,0.85,0.991171595,0.15000000000000002,0.047142849
502.0,0.85,0.98925924,0.15000000000000002,0.047570614
503.0,0.85,0.987357375,0.15000000000000002,0.048000654
504.0,0.85,0.985465845,0.15000000000000002,0.048432972
505.0,0.85,0.98358453,0.15000000000000002,0.04886757
506.0,0.85,0.98171327,0.15000000000000002,0.049304451
507.0,0.85,0.97985193,0.15000000000000002,0.04974362
499.0,0.851,0.990154895,0.14900000000000002,0.04648053
500.0,0.851,0.991818825,0.14900000000000002,0.046766528
501.0,0.851,0.991171595,0.14900000000000002,0.047142849
502.0,0.851,0.98925924,0.14900000000000002,0.047570614
503.0,0.851,0.987357375,0.14900000000000002,0.048000654
504.0,0.851,0.985465845,0.14900000000000002,0.048432972
505.0,0.851,0.98358453,0.14900000000000002,0.04886757
506.0,0.851,0.98171327,0.14900000000000002,0.049304451
507.0,0.851,0.97985193,0.14900000000000002,0.04974362
499.0,0.852,0.990154895,0.14800000000000002,0.04648053
500.0,0.852,0.991818825,0.14800000000000002,0.046766528
501.0,0.852,0.991171595,0.14800000000000002,0.047142849
502.0,0.852,0.98925924,0.14800000000000002,0.047570614
503.0,0.852,0.987357375,0.14800000000000002,0.048000654
504.0,0.852,0.985465845,0.14800000000000002,0.048432972
505.0,0.852,0.98358453,0.14800000000000002,0.04886757
506.0,0.852,0.98171327,0.14800000000000002,0.049304451
507.0,0.852,0.97985193,0.14800000000000002,0.04974362
499.0,0.853,0.990154895,0.14700000000000002,0.04648053
500.0,0.853,0.991818825,0.14700000000000002,0.046766528
501.0,0.853,0.991171595,0.14700000000000002,0.047142849
502.0,0.853,0.98925924,0.14700000000000002,0.047570614
503.0,0.853,0.987357375,0.14700000000000002,0.048000654
504.0,0.853,0.985465845,0.14700000000000002,0.048432972
505.0,0.853,0.98358453,0.14700000000000002,0.04886757
506.0,0.853,0.98171327,0.14700000000000002,0.049304451
507.0,0.853,0.97985193,0.14700000000000002,0.04974362
499.0,0.854,0.990154895,0.14600000000000002,0.04648053
500.0,0.854,0.991818825,0.14600000000000002,0.046766528
501.0,0.854,0.991171595,0.14600000000000002,0.047142849
502.0,0.854,0.98925924,0.14600000000000002,0.047570614
503.0,0.854,0.987357375,0.14600000000000002,0.048000654
504.0,0.854,0.985465845,0.14600000000000002,0.048432972
505.0,0.854,0.98358453,0.14600000000000002,0.04886757
506.0,0.854,0.98171327,0.14600000000000002,0.049304451
507.0,0.854,0.97985193,0.14600000000000002,0.04974362
499.0,0.855,0.990154895,0.14500000000000002,0.04648053
500.0,0.855,0.991818825,0.14500000000000002,0.046766528
501.0,0.855,0.991171595,0.14500000000000002,0.047142849
502.0,0.855,0.98925924,0.14500000000000002,0.047570614
503.0,0.855,0.987357375,0.14500000000000002,0.048000654
504.0,0.855,0.985465845,0.14500000000000002,0.048432972
505.0,0.855,0.98358453,0.14500000000000002,0.04886757
506.0,0.855,0.98171327,0.14500000000000002,0.049304451
507.0,0.855,0.97985193,0.14500000000000002,0.04974362
499.0,0.856,0.990154895,0.14400000000000002,0.04648053
500.0,0.856,0.991818825,0.14400000000000002,0.046766528
501.0,0.856,0.991171595,0.14400000000000002,0.047142849
502.0,0.856,0.98925924,0.14400000000000002,0.047570614
503.0,0.856,0.987357375,0.14400000000000002,0.048000654
504.0,0.856,0.985465845,0.14400000000000002,0.048432972
505.0,0.856,0.98358453,0.14400000000000002,0.04886757
506.0,0.856,0.98171327,0.14400000000000002,0.049304451
507.0,0.856,0.97985193,0.14400000000000002,0.04974362
499.0,0.857,0.990154895,0.14300000000000002,0.04648053
500.0,0.857,0.991818825,0.14300000000000002,0.046766528
501.0,0.857,0.991171595,0.14300000000000002,0.047142849
502.0,0.857,0.98925924,0.14300000000000002,0.047570614
503.0,0.857,0.987357375,0.14300000000000002,0.048000654
504.0,0.857,0.985465845,0.14300000000000002,0.048432972
505.0,0.857,0.98358453,0.14300000000000002,0.04886757
506.0,0.857,0.98171327,0.14300000000000002,0.049304451
507.0,0.857,0.97985193,0.14300000000000002,0.04974362
499.0,0.858,0.990154895,0.14200000000000002,0.04648053
500.0,0.858,0.991818825,0.14200000000000002,0.046766528
501.0,0.858,0.991171595,0.14200000000000002,0.047142849
502.0,0.858,0.98925924,0.14200000000000002,0.047570614
503.0,0.858,0.987357375,0.14200000000000002,0.048000654
504.0,0.858,0.985465845,0.14200000000000002,0.048432972
505.0,0.858,0.98358453,0.14200000000000002,0.04886757
506.0,0.858,0.98171327,0.14200000000000002,0.049304451
507.0,0.858,0.97985193,0.14200000000000002,0.04974362
499.0,0.859,0.990154895,0.14100000000000001,0.04648053
500.0,0.859,0.991818825,0.14100000000000001,0.046766528
501.0,0.859,0.991171595,0.14100000000000001,0.047142849
502.0,0.859,0.98925924,0.14100000000000001,0.047570614
503.0,0.859,0.987357375,0.14100000000000001,0.048000654
504.0,0.859,0.985465845,0.14100000000000001,0.048432972
505.0,0.859,0.98358453,0.14100000000000001,0.04886757
506.0,0.859,0.98171327,0.14100000000000001,0.049304451
507.0,0.859,0.97985193,0.14100000000000001,0.04974362
499.0,0.86,0.990154895,0.14,0.04648053
500.0,0.86,0.991818825,0.14,0.046766528
501.0,0.86,0.991171595,0.14,0.047142849
502.0,0.86,0.98925924,0.14,0.047570614
503.0,0.86,0.987357375,0.14,0.048000654
504.0,0.86,0.985465845,0.14,0.048432972
505.0,0.86,0.98358453,0.14,0.04886757
506.0,0.86,0.98171327,0.14,0.049304451
507.0,0.86,0.97985193,0.14,0.04974362
499.0,0.861,0.990154895,0.139,0.04648053
500.0,0.861,0.991818825,0.139,0.046766528
501.0,0.861,0.991171595,0.139,0.047142849
502.0,0.861,0.98925924,0.139,0.047570614
503.0,0.861,0.987357375,0.139,0.048000654
504.0,0.861,0.985465845,0.139,0.048432972
505.0,0.861,0.98358453,0.139,0.04886757
506.0,0.861,0.98171327,0.139,0.049304451
507.0,0.861,0.97985193,0.139,0.04974362
499.0,0.862,0.990154895,0.138,0.04648053
500.0,0.862,0.991818825,0.138,0.046766528
501.0,0.862,0.991171595,0.138,0.047142849
502.0,0.862,0.98925924,0.138,0.047570614
503.0,0.862,0.987357375,0.138,0.048000654
504.0,0.862,0.985465845,0.138,0.048432972
505.0,0.862,0.98358453,0.138,0.04886757
506.0,0.862,0.98171327,0.138,0.049304451
507.0,0.862,0.97985193,0.138,0.04974362
499.0,0.863,0.990154895,0.137,0.04648053
500.0,0.863,0.991818825,0.137,0.046766528
501.0,0.863,0.991171595,0.137,0.047142849
502.0,0.863,0.98925924,0.137,0.047570614
503.0,0.863,0.987357375,0.137,0.048000654
504.0,0.863,0.985465845,0.137,0.048432972
505.0,0.863,0.98358453,0.137,0.04886757
506.0,0.863,0.98171327,0.137,0.049304451
507.0,0.863,0.97985193,0.137,0.04974362
499.0,0.864,0.990154895,0.136,0.04648053
500.0,0.864,0.991818825,0.136,0.046766528
501.0,0.864,0.991171595,0.136,0.047142849
502.0,0.864,0.98925924,0.136,0.047570614
503.0,0.864,0.987357375,0.136,0.048000654
504.0,0.864,0.985465845,0.136,0.048432972
505.0,0.864,0.98358453,0.136,0.04886757
506.0,0.864,0.98171327,0.136,0.049304451
507.0,0.864,0.97985193,0.136,0.04974362
499.0,0.865,0.990154895,0.135,0.04648053
500.0,0.865,0.991818825,0.135,0.046766528
501.0,0.865,0.991171595,0.135,0.047142849
502.0,0.865,0.98925924,0.135,0.047570614
503.0,0.865,0.987357375,0.135,0.048000654
504.0,0.865,0.985465845,0.135,0.048432972
505.0,0.865,0.98358453,0.135,0.04886757
506.0,0.865,0.98171327,0.135,0.049304451
507.0,0.865,0.97985193,0.135,0.04974362
499.0,0.866,0.990154895,0.134,0.04648053
500.0,0.866,0.991818825,0.134,0.046766528
501.0,0.866,0.991171595,0.134,0.047142849
502.0,0.866,0.98925924,0.134,0.047570614
503.0,0.866,0.987357375,0.134,0.048000654
504.0,0.866,0.985465845,0.134,0.048432972
505.0,0.866,0.98358453,0.134,0.04886757
506.0,0.866,0.98171327,0.134,0.049304451
507.0,0.866,0.97985193,0.134,0.04974362
499.0,0.867,0.990154895,0.133,0.04648053
500.0,0.867,0.991818825,0.133,0.046766528
501.0,0.867,0.991171595,0.133,0.047142849
502.0,0.867,0.98925924,0.133,0.047570614
503.0,0.867,0.987357375,0.133,0.048000654
504.0,0.867,0.985465845,0.133,0.048432972
505.0,0.867,0.98358453,0.133,0.04886757
506.0,0.867,0.98171327,0.133,0.049304451
507.0,0.867,0.97985193,0.133,0.04974362
499.0,0.868,0.990154895,0.132,0.04648053
500.0,0.868,0.991818825,0.132,0.046766528
501.0,0.868,0.991171595,0.132,0.047142849
502.0,0.868,0.98925924,0.132,0.047570614
503.0,0.868,0.987357375,0.132,0.048000654
504.0,0.868,0.985465845,0.132,0.048432972
505.0,0.868,0.98358453,0.132,0.04886757
506.0,0.868,0.98171327,0.132,0.049304451
507.0,0.868,0.97985193,0.132,0.04974362
499.0,0.869,0.990154895,0.131,0.04648053
500.0,0.869,0.991818825,0.131,0.046766528
501.0,0.869,0.991171595,0.131,0.047142849
502.0,0.869,0.98925924,0.131,0.047570614
503.0,0.869,0.987357375,0.131,0.048000654
504.0,0.869,0.985465845,0.131,0.048432972
505.0,0.869,0.98358453,0.131,0.04886757
506.0,0.869,0.98171327,0.131,0.049304451
507.0,0.869,0.97985193,0.131,0.04974362
499.0,0.87,0.990154895,0.13,0.04648053
500.0,0.87,0.991818825,0.13,0.046766528
501.0,0.87,0.991171595,0.13,0.047142849
502.0,0.87,0.98925924,0.13,0.047570614
503.0,0.87,0.987357375,0.13,0.048000654
504.0,0.87,0.985465845,0.13,0.048432972
505.0,0.87,0.98358453,0.13,0.04886757
506.0,0.87,0.98171327,0.13,0.049304451
507.0,0.87,0.97985193,0.13,0.04974362
499.0,0.871,0.990154895,0.129,0.04648053
500.0,0.871,0.991818825,0.129,0.046766528
501.0,0.871,0.991171595,0.129,0.047142849
502.0,0.871,0.98925924,0.129,0.047570614
503.0,0.871,0.987357375,0.129,0.048000654
504.0,0.871,0.985465845,0.129,0.048432972
505.0,0.871,0.98358453,0.129,0.04886757
506.0,0.871,0.98171327,0.129,0.049304451
507.0,0.871,0.97985193,0.129,0.04974362
499.0,0.872,0.990154895,0.128,0.04648053
500.0,0.872,0.991818825,0.128,0.046766528
501.0,0.872,0.991171595,0.128,0.047142849
502.0,0.872,0.98925924,0.128,0.047570614
503.0,0.872,0.987357375,0.128,0.048000654
504.0,0.872,0.985465845,0.128,0.048432972
505.0,0.872,0.98358453,0.128,0.04886757
506.0,0.872,0.98171327,0.128,0.049304451
507.0,0.872,0.97985193,0.128,0.04974362
499.0,0.873,0.990154895,0.127,0.04648053
500.0,0.873,0.991818825,0.127,0.046766528
501.0,0.873,0.991171595,0.127,0.047142849
502.0,0.873,0.98925924,0.127,0.047570614
503.0,0.873,0.987357375,0.127,0.048000654
504.0,0.873,0.985465845,0.127,0.048432972
505.0,0.873,0.98358453,0.127,0.04886757
506.0,0.873,0.98171327,0.127,0.049304451
507.0,0.873,0.97985193,0.127,0.04974362
499.0,0.874,0.990154895,0.126,0.04648053
500.0,0.874,0.991818825,0.126,0.046766528
501.0,0.874,0.991171595,0.126,0.047142849
502.0,0.874,0.98925924,0.126,0.047570614
503.0,0.874,0.987357375,0.126,0.048000654
504.0,0.874,0.985465845,0.126,0.048432972
505.0,0.874,0.98358453,0.126,0.04886757
506.0,0.874,0.98171327,0.126,0.049304451
507.0,0.874,0.97985193,0.126,0.04974362
499.0,0.875,0.990154895,0.125,0.04648053
500.0,0.875,0.991818825,0.125,0.046766528
501.0,0.875,0.991171595,0.125,0.047142849
502.0,0.875,0.98925924,0.125,0.047570614
503.0,0.875,0.987357375,0.125,0.048000654
504.0,0.875,0.985465845,0.125,0.048432972
505.0,0.875,0.98358453,0.125,0.04886757
506.0,0.875,0.98171327,0.125,0.049304451
507.0,0.875,0.97985193,0.125,0.04974362
499.0,0.876,0.990154895,0.124,0.04648053
500.0,0.876,0.991818825,0.124,0.046766528
501.0,0.876,0.991171595,0.124,0.047142849
502.0,0.876,0.98925924,0.124,0.047570614
503.0,0.876,0.987357375,0.124,0.048000654
504.0,0.876,0.985465845,0.124,0.048432972
505.0,0.876,0.98358453,0.124,0.04886757
506.0,0.876,0.98171327,0.124,0.049304451
507.0,0.876,0.97985193,0.124,0.04974362
499.0,0.877,0.990154895,0.123,0.04648053
500.0,0.877,0.991818825,0.123,0.046766528
501.0,0.877,0.991171595,0.123,0.047142849
502.0,0.877,0.98925924,0.123,0.047570614
503.0,0.877,0.987357375,0.123,0.048000654
504.0,0.877,0.985465845,0.123,0.048432972
505.0,0.877,0.98358453,0.123,0.04886757
506.0,0.877,0.98171327,0.123,0.049304451
507.0,0.877,0.97985193,0.123,0.04974362
499.0,0.878,0.990154895,0.122,0.04648053
500.0,0.878,0.991818825,0.122,0.046766528
501.0,0.878,0.991171595,0.122,0.047142849
502.0,0.878,0.98925924,0.122,0.047570614
503.0,0.878,0.987357375,0.122,0.048000654
504.0,0.878,0.985465845,0.122,0.048432972
505.0,0.878,0.98358453,0.122,0.04886757
506.0,0.878,0.98171327,0.122,0.049304451
507.0,0.878,0.97985193,0.122,0.04974362
499.0,0.879,0.990154895,0.121,0.04648053
500.0,0.879,0.991818825,0.121,0.046766528
501.0,0.879,0.991171595,0.121,0.047142849
502.0,0.879,0.98925924,0.121,0.047570614
503.0,0.879,0.987357375,0.121,0.048000654
504.0,0.879,0.985465845,0.121,0.048432972
505.0,0.879,0.98358453,0.121,0.04886757
506.0,0.879,0.98171327,0.121,0.049304451
507.0,0.879,0.97985193,0.121,0.04974362
499.0,0.88,0.990154895,0.12,0.04648053
500.0,0.88,0.991818825,0.12,0.046766528
501.0,0.88,0.991171595,0.12,0.047142849
502.0,0.88,0.98925924,0.12,0.047570614
503.0,0.88,0.987357375,0.12,0.048000654
504.0,0.88,0.985465845,0.12,0.048432972
505.0,0.88,0.98358453,0.12,0.04886757
506.0,0.88,0.98171327,0.12,0.049304451
507.0,0.88,0.97985193,0.12,0.04974362
499.0,0.881,0.990154895,0.119,0.04648053
500.0,0.881,0.991818825,0.119,0.046766528
501.0,0.881,0.991171595,0.119,0.047142849
502.0,0.881,0.98925924,0.119,0.047570614
503.0,0.881,0.987357375,0.119,0.048000654
504.0,0.881,0.985465845,0.119,0.048432972
505.0,0.881,0.98358453,0.119,0.04886757
506.0,0.881,0.98171327,0.119,0.049304451
507.0,0.881,0.97985193,0.119,0.04974362
499.0,0.882,0.990154895,0.118,0.04648053
500.0,0.882,0.991818825,0.118,0.046766528
501.0,0.882,0.991171595,0.118,0.047142849
502.0,0.882,0.98925924,0.118,0.047570614
503.0,0.882,0.987357375,0.118,0.048000654
504.0,0.882,0.985465845,0.118,0.048432972
505.0,0.882,0.98358453,0.118,0.04886757
506.0,0.882,0.98171327,0.118,0.049304451
507.0,0.882,0.97985193,0.118,0.04974362
499.0,0.883,0.990154895,0.11699999999999999,0.04648053
500.0,0.883,0.991818825,0.11699999999999999,0.046766528
501.0,0.883,0.991171595,0.11699999999999999,0.047142849
502.0,0.883,0.98925924,0.11699999999999999,0.047570614
503.0,0.883,0.987357375,0.11699999999999999,0.048000654
504.0,0.883,0.985465845,0.11699999999999999,0.048432972
505.0,0.883,0.98358453,0.11699999999999999,0.04886757
506.0,0.883,0.98171327,0.11699999999999999,0.049304451
507.0,0.883,0.97985193,0.11699999999999999,0.04974362
499.0,0.884,0.990154895,0.11599999999999999,0.04648053
500.0,0.884,0.991818825,0.11599999999999999,0.046766528
501.0,0.884,0.991171595,0.11599999999999999,0.047142849
502.0,0.884,0.98925924,0.11599999999999999,0.047570614
503.0,0.884,0.987357375,0.11599999999999999,0.048000654
504.0,0.884,0.985465845,0.11599999999999999,0.048432972
505.0,0.884,0.98358453,0.11599999999999999,0.04886757
506.0,0.884,0.98171327,0.11599999999999999,0.049304451
507.0,0.884,0.97985193,0.11599999999999999,0.04974362
499.0,0.885,0.990154895,0.11499999999999999,0.04648053
500.0,0.885,0.991818825,0.11499999999999999,0.046766528
501.0,0.885,0.991171595,0.11499999999999999,0.047142849
502.0,0.885,0.98925924,0.11499999999999999,0.047570614
503.0,0.885,0.987357375,0.11499999999999999,0.048000654
504.0,0.885,0.985465845,0.11499999999999999,0.048432972
505.0,0.885,0.98358453,0.11499999999999999,0.04886757
506.0,0.885,0.98171327,0.11499999999999999,0.049304451
507.0,0.885,0.97985193,0.11499999999999999,0.04974362
499.0,0.886,0.990154895,0.11399999999999999,0.04648053
500.0,0.886,0.991818825,0.11399999999999999,0.046766528
501.0,0.886,0.991171595,0.11399999999999999,0.047142849
502.0,0.886,0.98925924,0.11399999999999999,0.047570614
503.0,0.886,0.987357375,0.11399999999999999,0.048000654
504.0,0.886,0.985465845,0.11399999999999999,0.048432972
505.0,0.886,0.98358453,0.11399999999999999,0.04886757
506.0,0.886,0.98171327,0.11399999999999999,0.049304451
507.0,0.886,0.97985193,0.11399999999999999,0.04974362
499.0,0.887,0.990154895,0.11299999999999999,0.04648053
500.0,0.887,0.991818825,0.11299999999999999,0.046766528
501.0,0.887,0.991171595,0.11299999999999999,0.047142849
502.0,0.887,0.98925924,0.11299999999999999,0.047570614
503.0,0.887,0.987357375,0.11299999999999999,0.048000654
504.0,0.887,0.985465845,0.11299999999999999,0.048432972
505.0,0.887,0.98358453,0.11299999999999999,0.04886757
506.0,0.887,0.98171327,0.11299999999999999,0.049304451
507.0,0.887,0.97985193,0.11299999999999999,0.04974362
499.0,0.888,0.990154895,0.11199999999999999,0.04648053
500.0,0.888,0.991818825,0.11199999999999999,0.046766528
501.0,0.888,0.991171595,0.11199999999999999,0.047142849
502.0,0.888,0.98925924,0.11199999999999999,0.047570614
503.0,0.888,0.987357375,0.11199999999999999,0.048000654
504.0,0.888,0.985465845,0.11199999999999999,0.048432972
505.0,0.888,0.98358453,0.11199999999999999,0.04886757
506.0,0.888,0.98171327,0.11199999999999999,0.049304451
507.0,0.888,0.97985193,0.11199999999999999,0.04974362
499.0,0.889,0.990154895,0.11099999999999999,0.04648053
500.0,0.889,0.991818825,0.11099999999999999,0.046766528
501.0,0.889,0.991171595,0.11099999999999999,0.047142849
502.0,0.889,0.98925924,0.11099999999999999,0.047570614
503.0,0.889,0.987357375,0.11099999999999999,0.048000654
504.0,0.889,0.985465845,0.11099999999999999,0.048432972
505.0,0.889,0.98358453,0.11099999999999999,0.04886757
506.0,0.889,0.98171327,0.11099999999999999,0.049304451
507.0,0.889,0.97985193,0.11099999999999999,0.04974362
499.0,0.89,0.990154895,0.10999999999999999,0.04648053
500.0,0.89,0.991818825,0.10999999999999999,0.046766528
501.0,0.89,0.991171595,0.10999999999999999,0.047142849
502.0,0.89,0.98925924,0.10999999999999999,0.047570614
503.0,0.89,0.987357375,0.10999999999999999,0.048000654
504.0,0.89,0.985465845,0.10999999999999999,0.048432972
505.0,0.89,0.98358453,0.10999999999999999,0.04886757
506.0,0.89,0.98171327,0.10999999999999999,0.049304451
507.0,0.89,0.97985193,0.10999999999999999,0.04974362
499.0,0.891,0.990154895,0.10899999999999999,0.04648053
500.0,0.891,0.991818825,0.10899999999999999,0.046766528
501.0,0.891,0.991171595,0.10899999999999999,0.047142849
502.0,0.891,0.98925924,0.10899999999999999,0.047570614
503.0,0.891,0.987357375,0.10899999999999999,0.048000654
504.0,0.891,0.985465845,0.10899999999999999,0.048432972
505.0,0.891,0.98358453,0.10899999999999999,0.04886757
506.0,0.891,0.98171327,0.10899999999999999,0.049304451
507.0,0.891,0.97985193,0.10899999999999999,0.04974362
499.0,0.892,0.990154895,0.10799999999999998,0.04648053
500.0,0.892,0.991818825,0.10799999999999998,0.046766528
501.0,0.892,0.991171595,0.10799999999999998,0.047142849
502.0,0.892,0.98925924,0.10799999999999998,0.047570614
503.0,0.892,0.987357375,0.10799999999999998,0.048000654
504.0,0.892,0.985465845,0.10799999999999998,0.048432972
505.0,0.892,0.98358453,0.10799999999999998,0.04886757
506.0,0.892,0.98171327,0.10799999999999998,0.049304451
507.0,0.892,0.97985193,0.10799999999999998,0.04974362
499.0,0.893,0.990154895,0.10699999999999998,0.04648053
500.0,0.893,0.991818825,0.10699999999999998,0.046766528
501.0,0.893,0.991171595,0.10699999999999998,0.047142849
502.0,0.893,0.98925924,0.10699999999999998,0.047570614
503.0,0.893,0.987357375,0.10699999999999998,0.048000654
504.0,0.893,0.985465845,0.10699999999999998,0.048432972
505.0,0.893,0.98358453,0.10699999999999998,0.04886757
506.0,0.893,0.98171327,0.10699999999999998,0.049304451
507.0,0.893,0.97985193,0.10699999999999998,0.04974362
499.0,0.894,0.990154895,0.10599999999999998,0.04648053
500.0,0.894,0.991818825,0.10599999999999998,0.046766528
501.0,0.894,0.991171595,0.10599999999999998,0.047142849
502.0,0.894,0.98925924,0.10599999999999998,0.047570614
503.0,0.894,0.987357375,0.10599999999999998,0.048000654
504.0,0.894,0.985465845,0.10599999999999998,0.048432972
505.0,0.894,0.98358453,0.10599999999999998,0.04886757
506.0,0.894,0.98171327,0.10599999999999998,0.049304451
507.0,0.894,0.97985193,0.10599999999999998,0.04974362
499.0,0.895,0.990154895,0.10499999999999998,0.04648053
500.0,0.895,0.991818825,0.10499999999999998,0.046766528
501.0,0.895,0.991171595,0.10499999999999998,0.047142849
502.0,0.895,0.98925924,0.10499999999999998,0.047570614
503.0,0.895,0.987357375,0.10499999999999998,0.048000654
504.0,0.895,0.985465845,0.10499999999999998,0.048432972
505.0,0.895,0.98358453,0.10499999999999998,0.04886757
506.0,0.895,0.98171327,0.10499999999999998,0.049304451
507.0,0.895,0.97985193,0.10499999999999998,0.04974362
499.0,0.896,0.990154895,0.10399999999999998,0.04648053
500.0,0.896,0.991818825,0.10399999999999998,0.046766528
501.0,0.896,0.991171595,0.10399999999999998,0.047142849
502.0,0.896,0.98925924,0.10399999999999998,0.047570614
503.0,0.896,0.987357375,0.10399999999999998,0.048000654
504.0,0.896,0.985465845,0.10399999999999998,0.048432972
505.0,0.896,0.98358453,0.10399999999999998,0.04886757
506.0,0.896,0.98171327,0.10399999999999998,0.049304451
507.0,0.896,0.97985193,0.10399999999999998,0.04974362
499.0,0.897,0.990154895,0.10299999999999998,0.04648053
500.0,0.897,0.991818825,0.10299999999999998,0.046766528
501.0,0.897,0.991171595,0.10299999999999998,0.047142849
502.0,0.897,0.98925924,0.10299999999999998,0.047570614
503.0,0.897,0.987357375,0.10299999999999998,0.048000654
504.0,0.897,0.985465845,0.10299999999999998,0.048432972
505.0,0.897,0.98358453,0.10299999999999998,0.04886757
506.0,0.897,0.98171327,0.10299999999999998,0.049304451
507.0,0.897,0.97985193,0.10299999999999998,0.04974362
499.0,0.898,0.990154895,0.10199999999999998,0.04648053
500.0,0.898,0.991818825,0.10199999999999998,0.046766528
501.0,0.898,0.991171595,0.10199999999999998,0.047142849
502.0,0.898,0.98925924,0.10199999999999998,0.047570614
503.0,0.898,0.987357375,0.10199999999999998,0.048000654
504.0,0.898,0.985465845,0.10199999999999998,0.048432972
505.0,0.898,0.98358453,0.10199999999999998,0.04886757
506.0,0.898,0.98171327,0.10199999999999998,0.049304451
507.0,0.898,0.97985193,0.10199999999999998,0.04974362
499.0,0.899,0.990154895,0.10099999999999998,0.04648053
500.0,0.899,0.991818825,0.10099999999999998,0.046766528
501.0,0.899,0.991171595,0.10099999999999998,0.047142849
502.0,0.899,0.98925924,0.10099999999999998,0.047570614
503.0,0.899,0.987357375,0.10099999999999998,0.048000654
504.0,0.899,0.985465845,0.10099999999999998,0.048432972
505.0,0.899,0.98358453,0.10099999999999998,0.04886757
506.0,0.899,0.98171327,0.10099999999999998,0.049304451
507.0,0.899,0.97985193,0.10099999999999998,0.04974362
499.0,0.9,0.990154895,0.09999999999999998,0.04648053
500.0,0.9,0.991818825,0.09999999999999998,0.046766528
501.0,0.9,0.991171595,0.09999999999999998,0.047142849
502.0,0.9,0.98925924,0.09999999999999998,0.047570614
503.0,0.9,0.987357375,0.09999999999999998,0.048000654
504.0,0.9,0.985465845,0.09999999999999998,0.048432972
505.0,0.9,0.98358453,0.09999999999999998,0.04886757
506.0,0.9,0.98171327,0.09999999999999998,0.049304451
507.0,0.9,0.97985193,0.09999999999999998,0.04974362
499.0,0.901,0.990154895,0.09899999999999998,0.04648053
500.0,0.901,0.991818825,0.09899999999999998,0.046766528
501.0,0.901,0.991171595,0.09899999999999998,0.047142849
502.0,0.901,0.98925924,0.09899999999999998,0.047570614
503.0,0.901,0.987357375,0.09899999999999998,0.048000654
504.0,0.901,0.985465845,0.09899999999999998,0.048432972
505.0,0.901,0.98358453,0.09899999999999998,0.04886757
506.0,0.901,0.98171327,0.09899999999999998,0.049304451
507.0,0.901,0.97985193,0.09899999999999998,0.04974362
499.0,0.902,0.990154895,0.09799999999999998,0.04648053
500.0,0.902,0.991818825,0.09799999999999998,0.046766528
501.0,0.902,0.991171595,0.09799999999999998,0.047142849
502.0,0.902,0.98925924,0.09799999999999998,0.047570614
503.0,0.902,0.987357375,0.09799999999999998,0.048000654
504.0,0.902,0.985465845,0.09799999999999998,0.048432972
505.0,0.902,0.98358453,0.09799999999999998,0.04886757
506.0,0.902,0.98171327,0.09799999999999998,0.049304451
507.0,0.902,0.97985193,0.09799999999999998,0.04974362
499.0,0.903,0.990154895,0.09699999999999998,0.04648053
500.0,0.903,0.991818825,0.09699999999999998,0.046766528
501.0,0.903,0.991171595,0.09699999999999998,0.047142849
502.0,0.903,0.98925924,0.09699999999999998,0.047570614
503.0,0.903,0.987357375,0.09699999999999998,0.048000654
504.0,0.903,0.985465845,0.09699999999999998,0.048432972
505.0,0.903,0.98358453,0.09699999999999998,0.04886757
506.0,0.903,0.98171327,0.09699999999999998,0.049304451
507.0,0.903,0.97985193,0.09699999999999998,0.04974362
499.0,0.904,0.990154895,0.09599999999999997,0.04648053
500.0,0.904,0.991818825,0.09599999999999997,0.046766528
501.0,0.904,0.991171595,0.09599999999999997,0.047142849
502.0,0.904,0.98925924,0.09599999999999997,0.047570614
503.0,0.904,0.987357375,0.09599999999999997,0.048000654
504.0,0.904,0.985465845,0.09599999999999997,0.048432972
505.0,0.904,0.98358453,0.09599999999999997,0.04886757
506.0,0.904,0.98171327,0.09599999999999997,0.049304451
507.0,0.904,0.97985193,0.09599999999999997,0.04974362
499.0,0.905,0.990154895,0.09499999999999997,0.04648053
500.0,0.905,0.991818825,0.09499999999999997,0.046766528
501.0,0.905,0.991171595,0.09499999999999997,0.047142849
502.0,0.905,0.98925924,0.09499999999999997,0.047570614
503.0,0.905,0.987357375,0.09499999999999997,0.048000654
504.0,0.905,0.985465845,0.09499999999999997,0.048432972
505.0,0.905,0.98358453,0.09499999999999997,0.04886757
506.0,0.905,0.98171327,0.09499999999999997,0.049304451
507.0,0.905,0.97985193,0.09499999999999997,0.04974362
499.0,0.906,0.990154895,0.09399999999999997,0.04648053
500.0,0.906,0.991818825,0.09399999999999997,0.046766528
501.0,0.906,0.991171595,0.09399999999999997,0.047142849
502.0,0.906,0.98925924,0.09399999999999997,0.047570614
503.0,0.906,0.987357375,0.09399999999999997,0.048000654
504.0,0.906,0.985465845,0.09399999999999997,0.048432972
505.0,0.906,0.98358453,0.09399999999999997,0.04886757
506.0,0.906,0.98171327,0.09399999999999997,0.049304451
507.0,0.906,0.97985193,0.09399999999999997,0.04974362
499.0,0.907,0.990154895,0.09299999999999997,0.04648053
500.0,0.907,0.991818825,0.09299999999999997,0.046766528
501.0,0.907,0.991171595,0.09299999999999997,0.047142849
502.0,0.907,0.98925924,0.09299999999999997,0.047570614
503.0,0.907,0.987357375,0.09299999999999997,0.048000654
504.0,0.907,0.985465845,0.09299999999999997,0.048432972
505.0,0.907,0.98358453,0.09299999999999997,0.04886757
506.0,0.907,0.98171327,0.09299999999999997,0.049304451
507.0,0.907,0.97985193,0.09299999999999997,0.04974362
499.0,0.908,0.990154895,0.09199999999999997,0.04648053
500.0,0.908,0.991818825,0.09199999999999997,0.046766528
501.0,0.908,0.991171595,0.09199999999999997,0.047142849
502.0,0.908,0.98925924,0.09199999999999997,0.047570614
503.0,0.908,0.987357375,0.09199999999999997,0.048000654
504.0,0.908,0.985465845,0.09199999999999997,0.048432972
505.0,0.908,0.98358453,0.09199999999999997,0.04886757
506.0,0.908,0.98171327,0.09199999999999997,0.049304451
507.0,0.908,0.97985193,0.09199999999999997,0.04974362
499.0,0.909,0.990154895,0.09099999999999997,0.04648053
500.0,0.909,0.991818825,0.09099999999999997,0.046766528
501.0,0.909,0.991171595,0.09099999999999997,0.047142849
502.0,0.909,0.98925924,0.09099999999999997,0.047570614
503.0,0.909,0.987357375,0.09099999999999997,0.048000654
504.0,0.909,0.985465845,0.09099999999999997,0.048432972
505.0,0.909,0.98358453,0.09099999999999997,0.04886757
506.0,0.909,0.98171327,0.09099999999999997,0.049304451
507.0,0.909,0.97985193,0.09099999999999997,0.04974362
499.0,0.91,0.990154895,0.08999999999999997,0.04648053
500.0,0.91,0.991818825,0.08999999999999997,0.046766528
501.0,0.91,0.991171595,0.08999999999999997,0.047142849
502.0,0.91,0.98925924,0.08999999999999997,0.047570614
503.0,0.91,0.987357375,0.08999999999999997,0.048000654
504.0,0.91,0.985465845,0.08999999999999997,0.048432972
505.0,0.91,0.98358453,0.08999999999999997,0.04886757
506.0,0.91,0.98171327,0.08999999999999997,0.049304451
507.0,0.91,0.97985193,0.08999999999999997,0.04974362
499.0,0.911,0.990154895,0.08899999999999997,0.04648053
500.0,0.911,0.991818825,0.08899999999999997,0.046766528
501.0,0.911,0.991171595,0.08899999999999997,0.047142849
502.0,0.911,0.98925924,0.08899999999999997,0.047570614
503.0,0.911,0.987357375,0.08899999999999997,0.048000654
504.0,0.911,0.985465845,0.08899999999999997,0.048432972
505.0,0.911,0.98358453,0.08899999999999997,0.04886757
506.0,0.911,0.98171327,0.08899999999999997,0.049304451
507.0,0.911,0.97985193,0.08899999999999997,0.04974362
499.0,0.912,0.990154895,0.08799999999999997,0.04648053
500.0,0.912,0.991818825,0.08799999999999997,0.046766528
501.0,0.912,0.991171595,0.08799999999999997,0.047142849
502.0,0.912,0.98925924,0.08799999999999997,0.047570614
503.0,0.912,0.987357375,0.08799999999999997,0.048000654
504.0,0.912,0.985465845,0.08799999999999997,0.048432972
505.0,0.912,0.98358453,0.08799999999999997,0.04886757
506.0,0.912,0.98171327,0.08799999999999997,0.049304451
507.0,0.912,0.97985193,0.08799999999999997,0.04974362
499.0,0.913,0.990154895,0.08699999999999997,0.04648053
500.0,0.913,0.991818825,0.08699999999999997,0.046766528
501.0,0.913,0.991171595,0.08699999999999997,0.047142849
502.0,0.913,0.98925924,0.08699999999999997,0.047570614
503.0,0.913,0.987357375,0.08699999999999997,0.048000654
504.0,0.913,0.985465845,0.08699999999999997,0.048432972
505.0,0.913,0.98358453,0.08699999999999997,0.04886757
506.0,0.913,0.98171327,0.08699999999999997,0.049304451
507.0,0.913,0.97985193,0.08699999999999997,0.04974362
499.0,0.914,0.990154895,0.08599999999999997,0.04648053
500.0,0.914,0.991818825,0.08599999999999997,0.046766528
501.0,0.914,0.991171595,0.08599999999999997,0.047142849
502.0,0.914,0.98925924,0.08599999999999997,0.047570614
503.0,0.914,0.987357375,0.08599999999999997,0.048000654
504.0,0.914,0.985465845,0.08599999999999997,0.048432972
505.0,0.914,0.98358453,0.08599999999999997,0.04886757
506.0,0.914,0.98171327,0.08599999999999997,0.049304451
507.0,0.914,0.97985193,0.08599999999999997,0.04974362
499.0,0.915,0.990154895,0.08499999999999996,0.04648053
500.0,0.915,0.991818825,0.08499999999999996,0.046766528
501.0,0.915,0.991171595,0.08499999999999996,0.047142849
502.0,0.915,0.98925924,0.08499999999999996,0.047570614
503.0,0.915,0.987357375,0.08499999999999996,0.048000654
504.0,0.915,0.985465845,0.08499999999999996,0.048432972
505.0,0.915,0.98358453,0.08499999999999996,0.04886757
506.0,0.915,0.98171327,0.08499999999999996,0.049304451
507.0,0.915,0.97985193,0.08499999999999996,0.04974362
499.0,0.916,0.990154895,0.08399999999999996,0.04648053
500.0,0.916,0.991818825,0.08399999999999996,0.046766528
501.0,0.916,0.991171595,0.08399999999999996,0.047142849
502.0,0.916,0.98925924,0.08399999999999996,0.047570614
503.0,0.916,0.987357375,0.08399999999999996,0.048000654
504.0,0.916,0.985465845,0.08399999999999996,0.048432972
505.0,0.916,0.98358453,0.08399999999999996,0.04886757
506.0,0.916,0.98171327,0.08399999999999996,0.049304451
507.0,0.916,0.97985193,0.08399999999999996,0.04974362
499.0,0.917,0.990154895,0.08299999999999996,0.04648053
500.0,0.917,0.991818825,0.08299999999999996,0.046766528
501.0,0.917,0.991171595,0.08299999999999996,0.047142849
502.0,0.917,0.98925924,0.08299999999999996,0.047570614
503.0,0.917,0.987357375,0.08299999999999996,0.048000654
504.0,0.917,0.985465845,0.08299999999999996,0.048432972
505.0,0.917,0.98358453,0.08299999999999996,0.04886757
506.0,0.917,0.98171327,0.08299999999999996,0.049304451
507.0,0.917,0.97985193,0.08299999999999996,0.04974362
499.0,0.918,0.990154895,0.08199999999999996,0.04648053
500.0,0.918,0.991818825,0.08199999999999996,0.046766528
501.0,0.918,0.991171595,0.08199999999999996,0.047142849
502.0,0.918,0.98925924,0.08199999999999996,0.047570614
503.0,0.918,0.987357375,0.08199999999999996,0.048000654
504.0,0.918,0.985465845,0.08199999999999996,0.048432972
505.0,0.918,0.98358453,0.08199999999999996,0.04886757
506.0,0.918,0.98171327,0.08199999999999996,0.049304451
507.0,0.918,0.97985193,0.08199999999999996,0.04974362
499.0,0.919,0.990154895,0.08099999999999996,0.04648053
500.0,0.919,0.991818825,0.08099999999999996,0.046766528
501.0,0.919,0.991171595,0.08099999999999996,0.047142849
502.0,0.919,0.98925924,0.08099999999999996,0.047570614
503.0,0.919,0.987357375,0.08099999999999996,0.048000654
504.0,0.919,0.985465845,0.08099999999999996,0.048432972
505.0,0.919,0.98358453,0.08099999999999996,0.04886757
506.0,0.919,0.98171327,0.08099999999999996,0.049304451
507.0,0.919,0.97985193,0.08099999999999996,0.04974362
499.0,0.92,0.990154895,0.07999999999999996,0.04648053
500.0,0.92,0.991818825,0.07999999999999996,0.046766528
501.0,0.92,0.991171595,0.07999999999999996,0.047142849
502.0,0.92,0.98925924,0.07999999999999996,0.047570614
503.0,0.92,0.987357375,0.07999999999999996,0.048000654
504.0,0.92,0.985465845,0.07999999999999996,0.048432972
505.0,0.92,0.98358453,0.07999999999999996,0.04886757
506.0,0.92,0.98171327,0.07999999999999996,0.049304451
507.0,0.92,0.97985193,0.07999999999999996,0.04974362
499.0,0.921,0.990154895,0.07899999999999996,0.04648053
500.0,0.921,0.991818825,0.07899999999999996,0.046766528
501.0,0.921,0.991171595,0.07899999999999996,0.047142849
502.0,0.921,0.98925924,0.07899999999999996,0.047570614
503.0,0.921,0.987357375,0.07899999999999996,0.048000654
504.0,0.921,0.985465845,0.07899999999999996,0.048432972
505.0,0.921,0.98358453,0.07899999999999996,0.04886757
506.0,0.921,0.98171327,0.07899999999999996,0.049304451
507.0,0.921,0.97985193,0.07899999999999996,0.04974362
499.0,0.922,0.990154895,0.07799999999999996,0.04648053
500.0,0.922,0.991818825,0.07799999999999996,0.046766528
501.0,0.922,0.991171595,0.07799999999999996,0.047142849
502.0,0.922,0.98925924,0.07799999999999996,0.047570614
503.0,0.922,0.987357375,0.07799999999999996,0.048000654
504.0,0.922,0.985465845,0.07799999999999996,0.048432972
505.0,0.922,0.98358453,0.07799999999999996,0.04886757
506.0,0.922,0.98171327,0.07799999999999996,0.049304451
507.0,0.922,0.97985193,0.07799999999999996,0.04974362
499.0,0.923,0.990154895,0.07699999999999996,0.04648053
500.0,0.923,0.991818825,0.07699999999999996,0.046766528
501.0,0.923,0.991171595,0.07699999999999996,0.047142849
502.0,0.923,0.98925924,0.07699999999999996,0.047570614
503.0,0.923,0.987357375,0.07699999999999996,0.048000654
504.0,0.923,0.985465845,0.07699999999999996,0.048432972
505.0,0.923,0.98358453,0.07699999999999996,0.04886757
506.0,0.923,0.98171327,0.07699999999999996,0.049304451
507.0,0.923,0.97985193,0.07699999999999996,0.04974362
499.0,0.924,0.990154895,0.07599999999999996,0.04648053
500.0,0.924,0.991818825,0.07599999999999996,0.046766528
501.0,0.924,0.991171595,0.07599999999999996,0.047142849
502.0,0.924,0.98925924,0.07599999999999996,0.047570614
503.0,0.924,0.987357375,0.07599999999999996,0.048000654
504.0,0.924,0.985465845,0.07599999999999996,0.048432972
505.0,0.924,0.98358453,0.07599999999999996,0.04886757
506.0,0.924,0.98171327,0.07599999999999996,0.049304451
507.0,0.924,0.97985193,0.07599999999999996,0.04974362
499.0,0.925,0.990154895,0.07499999999999996,0.04648053
500.0,0.925,0.991818825,0.07499999999999996,0.046766528
501.0,0.925,0.991171595,0.07499999999999996,0.047142849
502.0,0.925,0.98925924,0.07499999999999996,0.047570614
503.0,0.925,0.987357375,0.07499999999999996,0.048000654
504.0,0.925,0.985465845,0.07499999999999996,0.048432972
505.0,0.925,0.98358453,0.07499999999999996,0.04886757
506.0,0.925,0.98171327,0.07499999999999996,0.049304451
507.0,0.925,0.97985193,0.07499999999999996,0.04974362
499.0,0.926,0.990154895,0.07399999999999995,0.04648053
500.0,0.926,0.991818825,0.07399999999999995,0.046766528
501.0,0.926,0.991171595,0.07399999999999995,0.047142849
502.0,0.926,0.98925924,0.07399999999999995,0.047570614
503.0,0.926,0.987357375,0.07399999999999995,0.048000654
504.0,0.926,0.985465845,0.07399999999999995,0.048432972
505.0,0.926,0.98358453,0.07399999999999995,0.04886757
506.0,0.926,0.98171327,0.07399999999999995,0.049304451
507.0,0.926,0.97985193,0.07399999999999995,0.04974362
499.0,0.927,0.990154895,0.07299999999999995,0.04648053
500.0,0.927,0.991818825,0.07299999999999995,0.046766528
501.0,0.927,0.991171595,0.07299999999999995,0.047142849
502.0,0.927,0.98925924,0.07299999999999995,0.047570614
503.0,0.927,0.987357375,0.07299999999999995,0.048000654
504.0,0.927,0.985465845,0.07299999999999995,0.048432972
505.0,0.927,0.98358453,0.07299999999999995,0.04886757
506.0,0.927,0.98171327,0.07299999999999995,0.049304451
507.0,0.927,0.97985193,0.07299999999999995,0.04974362
499.0,0.928,0.990154895,0.07199999999999995,0.04648053
500.0,0.928,0.991818825,0.07199999999999995,0.046766528
501.0,0.928,0.991171595,0.07199999999999995,0.047142849
502.0,0.928,0.98925924,0.07199999999999995,0.047570614
503.0,0.928,0.987357375,0.07199999999999995,0.048000654
504.0,0.928,0.985465845,0.07199999999999995,0.048432972
505.0,0.928,0.98358453,0.07199999999999995,0.04886757
506.0,0.928,0.98171327,0.07199999999999995,0.049304451
507.0,0.928,0.97985193,0.07199999999999995,0.04974362
499.0,0.929,0.990154895,0.07099999999999995,0.04648053
500.0,0.929,0.991818825,0.07099999999999995,0.046766528
501.0,0.929,0.991171595,0.07099999999999995,0.047142849
502.0,0.929,0.98925924,0.07099999999999995,0.047570614
503.0,0.929,0.987357375,0.07099999999999995,0.048000654
504.0,0.929,0.985465845,0.07099999999999995,0.048432972
505.0,0.929,0.98358453,0.07099999999999995,0.04886757
506.0,0.929,0.98171327,0.07099999999999995,0.049304451
507.0,0.929,0.97985193,0.07099999999999995,0.04974362
499.0,0.93,0.990154895,0.06999999999999995,0.04648053
500.0,0.93,0.991818825,0.06999999999999995,0.046766528
501.0,0.93,0.991171595,0.06999999999999995,0.047142849
502.0,0.93,0.98925924,0.06999999999999995,0.047570614
503.0,0.93,0.987357375,0.06999999999999995,0.048000654
504.0,0.93,0.985465845,0.06999999999999995,0.048432972
505.0,0.93,0.98358453,0.06999999999999995,0.04886757
506.0,0.93,0.98171327,0.06999999999999995,0.049304451
507.0,0.93,0.97985193,0.06999999999999995,0.04974362
499.0,0.931,0.990154895,0.06899999999999995,0.04648053
500.0,0.931,0.991818825,0.06899999999999995,0.046766528
501.0,0.931,0.991171595,0.06899999999999995,0.047142849
502.0,0.931,0.98925924,0.06899999999999995,0.047570614
503.0,0.931,0.987357375,0.06899999999999995,0.048000654
504.0,0.931,0.985465845,0.06899999999999995,0.048432972
505.0,0.931,0.98358453,0.06899999999999995,0.04886757
506.0,0.931,0.98171327,0.06899999999999995,0.049304451
507.0,0.931,0.97985193,0.06899999999999995,0.04974362
499.0,0.932,0.990154895,0.06799999999999995,0.04648053
500.0,0.932,0.991818825,0.06799999999999995,0.046766528
501.0,0.932,0.991171595,0.06799999999999995,0.047142849
502.0,0.932,0.98925924,0.06799999999999995,0.047570614
503.0,0.932,0.987357375,0.06799999999999995,0.048000654
504.0,0.932,0.985465845,0.06799999999999995,0.048432972
505.0,0.932,0.98358453,0.06799999999999995,0.04886757
506.0,0.932,0.98171327,0.06799999999999995,0.049304451
507.0,0.932,0.97985193,0.06799999999999995,0.04974362
499.0,0.933,0.990154895,0.06699999999999995,0.04648053
500.0,0.933,0.991818825,0.06699999999999995,0.046766528
501.0,0.933,0.991171595,0.06699999999999995,0.047142849
502.0,0.933,0.98925924,0.06699999999999995,0.047570614
503.0,0.933,0.987357375,0.06699999999999995,0.048000654
504.0,0.933,0.985465845,0.06699999999999995,0.048432972
505.0,0.933,0.98358453,0.06699999999999995,0.04886757
506.0,0.933,0.98171327,0.06699999999999995,0.049304451
507.0,0.933,0.97985193,0.06699999999999995,0.04974362
499.0,0.934,0.990154895,0.06599999999999995,0.04648053
500.0,0.934,0.991818825,0.06599999999999995,0.046766528
501.0,0.934,0.991171595,0.06599999999999995,0.047142849
502.0,0.934,0.98925924,0.06599999999999995,0.047570614
503.0,0.934,0.987357375,0.06599999999999995,0.048000654
504.0,0.934,0.985465845,0.06599999999999995,0.048432972
505.0,0.934,0.98358453,0.06599999999999995,0.04886757
506.0,0.934,0.98171327,0.06599999999999995,0.049304451
507.0,0.934,0.97985193,0.06599999999999995,0.04974362
499.0,0.935,0.990154895,0.06499999999999995,0.04648053
500.0,0.935,0.991818825,0.06499999999999995,0.046766528
501.0,0.935,0.991171595,0.06499999999999995,0.047142849
502.0,0.935,0.98925924,0.06499999999999995,0.047570614
503.0,0.935,0.987357375,0.06499999999999995,0.048000654
504.0,0.935,0.985465845,0.06499999999999995,0.048432972
505.0,0.935,0.98358453,0.06499999999999995,0.04886757
506.0,0.935,0.98171327,0.06499999999999995,0.049304451
507.0,0.935,0.97985193,0.06499999999999995,0.04974362
499.0,0.936,0.990154895,0.06399999999999995,0.04648053
500.0,0.936,0.991818825,0.06399999999999995,0.046766528
501.0,0.936,0.991171595,0.06399999999999995,0.047142849
502.0,0.936,0.98925924,0.06399999999999995,0.047570614
503.0,0.936,0.987357375,0.06399999999999995,0.048000654
504.0,0.936,0.985465845,0.06399999999999995,0.048432972
505.0,0.936,0.98358453,0.06399999999999995,0.04886757
506.0,0.936,0.98171327,0.06399999999999995,0.049304451
507.0,0.936,0.97985193,0.06399999999999995,0.04974362
499.0,0.937,0.990154895,0.06299999999999994,0.04648053
500.0,0.937,0.991818825,0.06299999999999994,0.046766528
501.0,0.937,0.991171595,0.06299999999999994,0.047142849
502.0,0.937,0.98925924,0.06299999999999994,0.047570614
503.0,0.937,0.987357375,0.06299999999999994,0.048000654
504.0,0.937,0.985465845,0.06299999999999994,0.048432972
505.0,0.937,0.98358453,0.06299999999999994,0.04886757
506.0,0.937,0.98171327,0.06299999999999994,0.049304451
507.0,0.937,0.97985193,0.06299999999999994,0.04974362
499.0,0.938,0.990154895,0.062000000000000055,0.04648053
500.0,0.938,0.991818825,0.062000000000000055,0.046766528
501.0,0.938,0.991171595,0.062000000000000055,0.047142849
502.0,0.938,0.98925924,0.062000000000000055,0.047570614
503.0,0.938,0.987357375,0.062000000000000055,0.048000654
504.0,0.938,0.985465845,0.062000000000000055,0.048432972
505.0,0.938,0.98358453,0.062000000000000055,0.04886757
506.0,0.938,0.98171327,0.062000000000000055,0.049304451
507.0,0.938,0.97985193,0.062000000000000055,0.04974362
499.0,0.939,0.990154895,0.061000000000000054,0.04648053
500.0,0.939,0.991818825,0.061000000000000054,0.046766528
501.0,0.939,0.991171595,0.061000000000000054,0.047142849
502.0,0.939,0.98925924,0.061000000000000054,0.047570614
503.0,0.939,0.987357375,0.061000000000000054,0.048000654
504.0,0.939,0.985465845,0.061000000000000054,0.048432972
505.0,0.939,0.98358453,0.061000000000000054,0.04886757
506.0,0.939,0.98171327,0.061000000000000054,0.049304451
507.0,0.939,0.97985193,0.061000000000000054,0.04974362
499.0,0.94,0.990154895,0.06000000000000005,0.04648053
500.0,0.94,0.991818825,0.06000000000000005,0.046766528
501.0,0.94,0.991171595,0.06000000000000005,0.047142849
502.0,0.94,0.98925924,0.06000000000000005,0.047570614
503.0,0.94,0.987357375,0.06000000000000005,0.048000654
504.0,0.94,0.985465845,0.06000000000000005,0.048432972
505.0,0.94,0.98358453,0.06000000000000005,0.04886757
506.0,0.94,0.98171327,0.06000000000000005,0.049304451
507.0,0.94,0.97985193,0.06000000000000005,0.04974362
499.0,0.941,0.990154895,0.05900000000000005,0.04648053
500.0,0.941,0.991818825,0.05900000000000005,0.046766528
501.0,0.941,0.991171595,0.05900000000000005,0.047142849
502.0,0.941,0.98925924,0.05900000000000005,0.047570614
503.0,0.941,0.987357375,0.05900000000000005,0.048000654
504.0,0.941,0.985465845,0.05900000000000005,0.048432972
505.0,0.941,0.98358453,0.05900000000000005,0.04886757
506.0,0.941,0.98171327,0.05900000000000005,0.049304451
507.0,0.941,0.97985193,0.05900000000000005,0.04974362
499.0,0.942,0.990154895,0.05800000000000005,0.04648053
500.0,0.942,0.991818825,0.05800000000000005,0.046766528
501.0,0.942,0.991171595,0.05800000000000005,0.047142849
502.0,0.942,0.98925924,0.05800000000000005,0.047570614
503.0,0.942,0.987357375,0.05800000000000005,0.048000654
504.0,0.942,0.985465845,0.05800000000000005,0.048432972
505.0,0.942,0.98358453,0.05800000000000005,0.04886757
506.0,0.942,0.98171327,0.05800000000000005,0.049304451
507.0,0.942,0.97985193,0.05800000000000005,0.04974362
499.0,0.943,0.990154895,0.05700000000000005,0.04648053
500.0,0.943,0.991818825,0.05700000000000005,0.046766528
501.0,0.943,0.991171595,0.05700000000000005,0.047142849
502.0,0.943,0.98925924,0.05700000000000005,0.047570614
503.0,0.943,0.987357375,0.05700000000000005,0.048000654
504.0,0.943,0.985465845,0.05700000000000005,0.048432972
505.0,0.943,0.98358453,0.05700000000000005,0.04886757
506.0,0.943,0.98171327,0.05700000000000005,0.049304451
507.0,0.943,0.97985193,0.05700000000000005,0.04974362
499.0,0.944,0.990154895,0.05600000000000005,0.04648053
500.0,0.944,0.991818825,0.05600000000000005,0.046766528
501.0,0.944,0.991171595,0.05600000000000005,0.047142849
502.0,0.944,0.98925924,0.05600000000000005,0.047570614
503.0,0.944,0.987357375,0.05600000000000005,0.048000654
504.0,0.944,0.985465845,0.05600000000000005,0.048432972
505.0,0.944,0.98358453,0.05600000000000005,0.04886757
506.0,0.944,0.98171327,0.05600000000000005,0.049304451
507.0,0.944,0.97985193,0.05600000000000005,0.04974362
499.0,0.945,0.990154895,0.05500000000000005,0.04648053
500.0,0.945,0.991818825,0.05500000000000005,0.046766528
501.0,0.945,0.991171595,0.05500000000000005,0.047142849
502.0,0.945,0.98925924,0.05500000000000005,0.047570614
503.0,0.945,0.987357375,0.05500000000000005,0.048000654
504.0,0.945,0.985465845,0.05500000000000005,0.048432972
505.0,0.945,0.98358453,0.05500000000000005,0.04886757
506.0,0.945,0.98171327,0.05500000000000005,0.049304451
507.0,0.945,0.97985193,0.05500000000000005,0.04974362
499.0,0.946,0.990154895,0.05400000000000005,0.04648053
500.0,0.946,0.991818825,0.05400000000000005,0.046766528
501.0,0.946,0.991171595,0.05400000000000005,0.047142849
502.0,0.946,0.98925924,0.05400000000000005,0.047570614
503.0,0.946,0.987357375,0.05400000000000005,0.048000654
504.0,0.946,0.985465845,0.05400000000000005,0.048432972
505.0,0.946,0.98358453,0.05400000000000005,0.04886757
506.0,0.946,0.98171327,0.05400000000000005,0.049304451
507.0,0.946,0.97985193,0.05400000000000005,0.04974362
499.0,0.947,0.990154895,0.05300000000000005,0.04648053
500.0,0.947,0.991818825,0.05300000000000005,0.046766528
501.0,0.947,0.991171595,0.05300000000000005,0.047142849
502.0,0.947,0.98925924,0.05300000000000005,0.047570614
503.0,0.947,0.987357375,0.05300000000000005,0.048000654
504.0,0.947,0.985465845,0.05300000000000005,0.048432972
505.0,0.947,0.98358453,0.05300000000000005,0.04886757
506.0,0.947,0.98171327,0.05300000000000005,0.049304451
507.0,0.947,0.97985193,0.05300000000000005,0.04974362
499.0,0.948,0.990154895,0.052000000000000046,0.04648053
500.0,0.948,0.991818825,0.052000000000000046,0.046766528
501.0,0.948,0.991171595,0.052000000000000046,0.047142849
502.0,0.948,0.98925924,0.052000000000000046,0.047570614
503.0,0.948,0.987357375,0.052000000000000046,0.048000654
504.0,0.948,0.985465845,0.052000000000000046,0.048432972
505.0,0.948,0.98358453,0.052000000000000046,0.04886757
506.0,0.948,0.98171327,0.052000000000000046,0.049304451
507.0,0.948,0.97985193,0.052000000000000046,0.04974362
499.0,0.949,0.990154895,0.051000000000000045,0.04648053
500.0,0.949,0.991818825,0.051000000000000045,0.046766528
501.0,0.949,0.991171595,0.051000000000000045,0.047142849
502.0,0.949,0.98925924,0.051000000000000045,0.047570614
503.0,0.949,0.987357375,0.051000000000000045,0.048000654
504.0,0.949,0.985465845,0.051000000000000045,0.048432972
505.0,0.949,0.98358453,0.051000000000000045,0.04886757
506.0,0.949,0.98171327,0.051000000000000045,0.049304451
507.0,0.949,0.97985193,0.051000000000000045,0.04974362
499.0,0.95,0.990154895,0.050000000000000044,0.04648053
500.0,0.95,0.991818825,0.050000000000000044,0.046766528
501.0,0.95,0.991171595,0.050000000000000044,0.047142849
502.0,0.95,0.98925924,0.050000000000000044,0.047570614
503.0,0.95,0.987357375,0.050000000000000044,0.048000654
504.0,0.95,0.985465845,0.050000000000000044,0.048432972
505.0,0.95,0.98358453,0.050000000000000044,0.04886757
506.0,0.95,0.98171327,0.050000000000000044,0.049304451
507.0,0.95,0.97985193,0.050000000000000044,0.04974362
499.0,0.951,0.990154895,0.049000000000000044,0.04648053
500.0,0.951,0.991818825,0.049000000000000044,0.046766528
501.0,0.951,0.991171595,0.049000000000000044,0.047142849
502.0,0.951,0.98925924,0.049000000000000044,0.047570614
503.0,0.951,0.987357375,0.049000000000000044,0.048000654
504.0,0.951,0.985465845,0.049000000000000044,0.048432972
505.0,0.951,0.98358453,0.049000000000000044,0.04886757
506.0,0.951,0.98171327,0.049000000000000044,0.049304451
507.0,0.951,0.97985193,0.049000000000000044,0.04974362
499.0,0.952,0.990154895,0.04800000000000004,0.04648053
500.0,0.952,0.991818825,0.04800000000000004,0.046766528
501.0,0.952,0.991171595,0.04800000000000004,0.047142849
502.0,0.952,0.98925924,0.04800000000000004,0.047570614
503.0,0.952,0.987357375,0.04800000000000004,0.048000654
504.0,0.952,0.985465845,0.04800000000000004,0.048432972
505.0,0.952,0.98358453,0.04800000000000004,0.04886757
506.0,0.952,0.98171327,0.04800000000000004,0.049304451
507.0,0.952,0.97985193,0.04800000000000004,0.04974362
499.0,0.953,0.990154895,0.04700000000000004,0.04648053
500.0,0.953,0.991818825,0.04700000000000004,0.046766528
501.0,0.953,0.991171595,0.04700000000000004,0.047142849
502.0,0.953,0.98925924,0.04700000000000004,0.047570614
503.0,0.953,0.987357375,0.04700000000000004,0.048000654
504.0,0.953,0.985465845,0.04700000000000004,0.048432972
505.0,0.953,0.98358453,0.04700000000000004,0.04886757
506.0,0.953,0.98171327,0.04700000000000004,0.049304451
507.0,0.953,0.97985193,0.04700000000000004,0.04974362
499.0,0.954,0.990154895,0.04600000000000004,0.04648053
500.0,0.954,0.991818825,0.04600000000000004,0.046766528
501.0,0.954,0.991171595,0.04600000000000004,0.047142849
502.0,0.954,0.98925924,0.04600000000000004,0.047570614
503.0,0.954,0.987357375,0.04600000000000004,0.048000654
504.0,0.954,0.985465845,0.04600000000000004,0.048432972
505.0,0.954,0.98358453,0.04600000000000004,0.04886757
506.0,0.954,0.98171327,0.04600000000000004,0.049304451
507.0,0.954,0.97985193,0.04600000000000004,0.04974362
499.0,0.955,0.990154895,0.04500000000000004,0.04648053
500.0,0.955,0.991818825,0.04500000000000004,0.046766528
501.0,0.955,0.991171595,0.04500000000000004,0.047142849
502.0,0.955,0.98925924,0.04500000000000004,0.047570614
503.0,0.955,0.987357375,0.04500000000000004,0.048000654
504.0,0.955,0.985465845,0.04500000000000004,0.048432972
505.0,0.955,0.98358453,0.04500000000000004,0.04886757
506.0,0.955,0.98171327,0.04500000000000004,0.049304451
507.0,0.955,0.97985193,0.04500000000000004,0.04974362
499.0,0.956,0.990154895,0.04400000000000004,0.04648053
500.0,0.956,0.991818825,0.04400000000000004,0.046766528
501.0,0.956,0.991171595,0.04400000000000004,0.047142849
502.0,0.956,0.98925924,0.04400000000000004,0.047570614
503.0,0.956,0.987357375,0.04400000000000004,0.048000654
504.0,0.956,0.985465845,0.04400000000000004,0.048432972
505.0,0.956,0.98358453,0.04400000000000004,0.04886757
506.0,0.956,0.98171327,0.04400000000000004,0.049304451
507.0,0.956,0.97985193,0.04400000000000004,0.04974362
499.0,0.957,0.990154895,0.04300000000000004,0.04648053
500.0,0.957,0.991818825,0.04300000000000004,0.046766528
501.0,0.957,0.991171595,0.04300000000000004,0.047142849
502.0,0.957,0.98925924,0.04300000000000004,0.047570614
503.0,0.957,0.987357375,0.04300000000000004,0.048000654
504.0,0.957,0.985465845,0.04300000000000004,0.048432972
505.0,0.957,0.98358453,0.04300000000000004,0.04886757
506.0,0.957,0.98171327,0.04300000000000004,0.049304451
507.0,0.957,0.97985193,0.04300000000000004,0.04974362
499.0,0.958,0.990154895,0.04200000000000004,0.04648053
500.0,0.958,0.991818825,0.04200000000000004,0.046766528
501.0,0.958,0.991171595,0.04200000000000004,0.047142849
502.0,0.958,0.98925924,0.04200000000000004,0.047570614
503.0,0.958,0.987357375,0.04200000000000004,0.048000654
504.0,0.958,0.985465845,0.04200000000000004,0.048432972
505.0,0.958,0.98358453,0.04200000000000004,0.04886757
506.0,0.958,0.98171327,0.04200000000000004,0.049304451
507.0,0.958,0.97985193,0.04200000000000004,0.04974362
499.0,0.959,0.990154895,0.041000000000000036,0.04648053
500.0,0.959,0.991818825,0.041000000000000036,0.046766528
501.0,0.959,0.991171595,0.041000000000000036,0.047142849
502.0,0.959,0.98925924,0.041000000000000036,0.047570614
503.0,0.959,0.987357375,0.041000000000000036,0.048000654
504.0,0.959,0.985465845,0.041000000000000036,0.048432972
505.0,0.959,0.98358453,0.041000000000000036,0.04886757
506.0,0.959,0.98171327,0.041000000000000036,0.049304451
507.0,0.959,0.97985193,0.041000000000000036,0.04974362
499.0,0.96,0.990154895,0.040000000000000036,0.04648053
500.0,0.96,0.991818825,0.040000000000000036,0.046766528
501.0,0.96,0.991171595,0.040000000000000036,0.047142849
502.0,0.96,0.98925924,0.040000000000000036,0.047570614
503.0,0.96,0.987357375,0.040000000000000036,0.048000654
504.0,0.96,0.985465845,0.040000000000000036,0.048432972
505.0,0.96,0.98358453,0.040000000000000036,0.04886757
506.0,0.96,0.98171327,0.040000000000000036,0.049304451
507.0,0.96,0.97985193,0.040000000000000036,0.04974362
499.0,0.961,0.990154895,0.039000000000000035,0.04648053
500.0,0.961,0.991818825,0.039000000000000035,0.046766528
501.0,0.961,0.991171595,0.039000000000000035,0.047142849
502.0,0.961,0.98925924,0.039000000000000035,0.047570614
503.0,0.961,0.987357375,0.039000000000000035,0.048000654
504.0,0.961,0.985465845,0.039000000000000035,0.048432972
505.0,0.961,0.98358453,0.039000000000000035,0.04886757
506.0,0.961,0.98171327,0.039000000000000035,0.049304451
507.0,0.961,0.97985193,0.039000000000000035,0.04974362
499.0,0.962,0.990154895,0.038000000000000034,0.04648053
500.0,0.962,0.991818825,0.038000000000000034,0.046766528
501.0,0.962,0.991171595,0.038000000000000034,0.047142849
502.0,0.962,0.98925924,0.038000000000000034,0.047570614
503.0,0.962,0.987357375,0.038000000000000034,0.048000654
504.0,0.962,0.985465845,0.038000000000000034,0.048432972
505.0,0.962,0.98358453,0.038000000000000034,0.04886757
506.0,0.962,0.98171327,0.038000000000000034,0.049304451
507.0,0.962,0.97985193,0.038000000000000034,0.04974362
499.0,0.963,0.990154895,0.03700000000000003,0.04648053
500.0,0.963,0.991818825,0.03700000000000003,0.046766528
501.0,0.963,0.991171595,0.03700000000000003,0.047142849
502.0,0.963,0.98925924,0.03700000000000003,0.047570614
503.0,0.963,0.987357375,0.03700000000000003,0.048000654
504.0,0.963,0.985465845,0.03700000000000003,0.048432972
505.0,0.963,0.98358453,0.03700000000000003,0.04886757
506.0,0.963,0.98171327,0.03700000000000003,0.049304451
507.0,0.963,0.97985193,0.03700000000000003,0.04974362
499.0,0.964,0.990154895,0.03600000000000003,0.04648053
500.0,0.964,0.991818825,0.03600000000000003,0.046766528
501.0,0.964,0.991171595,0.03600000000000003,0.047142849
502.0,0.964,0.98925924,0.03600000000000003,0.047570614
503.0,0.964,0.987357375,0.03600000000000003,0.048000654
504.0,0.964,0.985465845,0.03600000000000003,0.048432972
505.0,0.964,0.98358453,0.03600000000000003,0.04886757
506.0,0.964,0.98171327,0.03600000000000003,0.049304451
507.0,0.964,0.97985193,0.03600000000000003,0.04974362
499.0,0.965,0.990154895,0.03500000000000003,0.04648053
500.0,0.965,0.991818825,0.03500000000000003,0.046766528
501.0,0.965,0.991171595,0.03500000000000003,0.047142849
502.0,0.965,0.98925924,0.03500000000000003,0.047570614
503.0,0.965,0.987357375,0.03500000000000003,0.048000654
504.0,0.965,0.985465845,0.03500000000000003,0.048432972
505.0,0.965,0.98358453,0.03500000000000003,0.04886757
506.0,0.965,0.98171327,0.03500000000000003,0.049304451
507.0,0.965,0.97985193,0.03500000000000003,0.04974362
499.0,0.966,0.990154895,0.03400000000000003,0.04648053
500.0,0.966,0.991818825,0.03400000000000003,0.046766528
501.0,0.966,0.991171595,0.03400000000000003,0.047142849
502.0,0.966,0.98925924,0.03400000000000003,0.047570614
503.0,0.966,0.987357375,0.03400000000000003,0.048000654
504.0,0.966,0.985465845,0.03400000000000003,0.048432972
505.0,0.966,0.98358453,0.03400000000000003,0.04886757
506.0,0.966,0.98171327,0.03400000000000003,0.049304451
507.0,0.966,0.97985193,0.03400000000000003,0.04974362
499.0,0.967,0.990154895,0.03300000000000003,0.04648053
500.0,0.967,0.991818825,0.03300000000000003,0.046766528
501.0,0.967,0.991171595,0.03300000000000003,0.047142849
502.0,0.967,0.98925924,0.03300000000000003,0.047570614
503.0,0.967,0.987357375,0.03300000000000003,0.048000654
504.0,0.967,0.985465845,0.03300000000000003,0.048432972
505.0,0.967,0.98358453,0.03300000000000003,0.04886757
506.0,0.967,0.98171327,0.03300000000000003,0.049304451
507.0,0.967,0.97985193,0.03300000000000003,0.04974362
499.0,0.968,0.990154895,0.03200000000000003,0.04648053
500.0,0.968,0.991818825,0.03200000000000003,0.046766528
501.0,0.968,0.991171595,0.03200000000000003,0.047142849
502.0,0.968,0.98925924,0.03200000000000003,0.047570614
503.0,0.968,0.987357375,0.03200000000000003,0.048000654
504.0,0.968,0.985465845,0.03200000000000003,0.048432972
505.0,0.968,0.98358453,0.03200000000000003,0.04886757
506.0,0.968,0.98171327,0.03200000000000003,0.049304451
507.0,0.968,0.97985193,0.03200000000000003,0.04974362
499.0,0.969,0.990154895,0.031000000000000028,0.04648053
500.0,0.969,0.991818825,0.031000000000000028,0.046766528
501.0,0.969,0.991171595,0.031000000000000028,0.047142849
502.0,0.969,0.98925924,0.031000000000000028,0.047570614
503.0,0.969,0.987357375,0.031000000000000028,0.048000654
504.0,0.969,0.985465845,0.031000000000000028,0.048432972
505.0,0.969,0.98358453,0.031000000000000028,0.04886757
506.0,0.969,0.98171327,0.031000000000000028,0.049304451
507.0,0.969,0.97985193,0.031000000000000028,0.04974362
499.0,0.97,0.990154895,0.030000000000000027,0.04648053
500.0,0.97,0.991818825,0.030000000000000027,0.046766528
501.0,0.97,0.991171595,0.030000000000000027,0.047142849
502.0,0.97,0.98925924,0.030000000000000027,0.047570614
503.0,0.97,0.987357375,0.030000000000000027,0.048000654
504.0,0.97,0.985465845,0.030000000000000027,0.048432972
505.0,0.97,0.98358453,0.030000000000000027,0.04886757
506.0,0.97,0.98171327,0.030000000000000027,0.049304451
507.0,0.97,0.97985193,0.030000000000000027,0.04974362
499.0,0.971,0.990154895,0.029000000000000026,0.04648053
500.0,0.971,0.991818825,0.029000000000000026,0.046766528
501.0,0.971,0.991171595,0.029000000000000026,0.047142849
502.0,0.971,0.98925924,0.029000000000000026,0.047570614
503.0,0.971,0.987357375,0.029000000000000026,0.048000654
504.0,0.971,0.985465845,0.029000000000000026,0.048432972
505.0,0.971,0.98358453,0.029000000000000026,0.04886757
506.0,0.971,0.98171327,0.029000000000000026,0.049304451
507.0,0.971,0.97985193,0.029000000000000026,0.04974362
499.0,0.972,0.990154895,0.028000000000000025,0.04648053
500.0,0.972,0.991818825,0.028000000000000025,0.046766528
501.0,0.972,0.991171595,0.028000000000000025,0.047142849
502.0,0.972,0.98925924,0.028000000000000025,0.047570614
503.0,0.972,0.987357375,0.028000000000000025,0.048000654
504.0,0.972,0.985465845,0.028000000000000025,0.048432972
505.0,0.972,0.98358453,0.028000000000000025,0.04886757
506.0,0.972,0.98171327,0.028000000000000025,0.049304451
507.0,0.972,0.97985193,0.028000000000000025,0.04974362
499.0,0.973,0.990154895,0.027000000000000024,0.04648053
500.0,0.973,0.991818825,0.027000000000000024,0.046766528
501.0,0.973,0.991171595,0.027000000000000024,0.047142849
502.0,0.973,0.98925924,0.027000000000000024,0.047570614
503.0,0.973,0.987357375,0.027000000000000024,0.048000654
504.0,0.973,0.985465845,0.027000000000000024,0.048432972
505.0,0.973,0.98358453,0.027000000000000024,0.04886757
506.0,0.973,0.98171327,0.027000000000000024,0.049304451
507.0,0.973,0.97985193,0.027000000000000024,0.04974362
499.0,0.974,0.990154895,0.026000000000000023,0.04648053
500.0,0.974,0.991818825,0.026000000000000023,0.046766528
501.0,0.974,0.991171595,0.026000000000000023,0.047142849
502.0,0.974,0.98925924,0.026000000000000023,0.047570614
503.0,0.974,0.987357375,0.026000000000000023,0.048000654
504.0,0.974,0.985465845,0.026000000000000023,0.048432972
505.0,0.974,0.98358453,0.026000000000000023,0.04886757
506.0,0.974,0.98171327,0.026000000000000023,0.049304451
507.0,0.974,0.97985193,0.026000000000000023,0.04974362
499.0,0.975,0.990154895,0.025000000000000022,0.04648053
500.0,0.975,0.991818825,0.025000000000000022,0.046766528
501.0,0.975,0.991171595,0.025000000000000022,0.047142849
502.0,0.975,0.98925924,0.025000000000000022,0.047570614
503.0,0.975,0.987357375,0.025000000000000022,0.048000654
504.0,0.975,0.985465845,0.025000000000000022,0.048432972
505.0,0.975,0.98358453,0.025000000000000022,0.04886757
506.0,0.975,0.98171327,0.025000000000000022,0.049304451
507.0,0.975,0.97985193,0.025000000000000022,0.04974362
499.0,0.976,0.990154895,0.02400000000000002,0.04648053
500.0,0.976,0.991818825,0.02400000000000002,0.046766528
501.0,0.976,0.991171595,0.02400000000000002,0.047142849
502.0,0.976,0.98925924,0.02400000000000002,0.047570614
503.0,0.976,0.987357375,0.02400000000000002,0.048000654
504.0,0.976,0.985465845,0.02400000000000002,0.048432972
505.0,0.976,0.98358453,0.02400000000000002,0.04886757
506.0,0.976,0.98171327,0.02400000000000002,0.049304451
507.0,0.976,0.97985193,0.02400000000000002,0.04974362
499.0,0.977,0.990154895,0.02300000000000002,0.04648053
500.0,0.977,0.991818825,0.02300000000000002,0.046766528
501.0,0.977,0.991171595,0.02300000000000002,0.047142849
502.0,0.977,0.98925924,0.02300000000000002,0.047570614
503.0,0.977,0.987357375,0.02300000000000002,0.048000654
504.0,0.977,0.985465845,0.02300000000000002,0.048432972
505.0,0.977,0.98358453,0.02300000000000002,0.04886757
506.0,0.977,0.98171327,0.02300000000000002,0.049304451
507.0,0.977,0.97985193,0.02300000000000002,0.04974362
499.0,0.978,0.990154895,0.02200000000000002,0.04648053
500.0,0.978,0.991818825,0.02200000000000002,0.046766528
501.0,0.978,0.991171595,0.02200000000000002,0.047142849
502.0,0.978,0.98925924,0.02200000000000002,0.047570614
503.0,0.978,0.987357375,0.02200000000000002,0.048000654
504.0,0.978,0.985465845,0.02200000000000002,0.048432972
505.0,0.978,0.98358453,0.02200000000000002,0.04886757
506.0,0.978,0.98171327,0.02200000000000002,0.049304451
507.0,0.978,0.97985193,0.02200000000000002,0.04974362
499.0,0.979,0.990154895,0.02100000000000002,0.04648053
500.0,0.979,0.991818825,0.02100000000000002,0.046766528
501.0,0.979,0.991171595,0.02100000000000002,0.047142849
502.0,0.979,0.98925924,0.02100000000000002,0.047570614
503.0,0.979,0.987357375,0.02100000000000002,0.048000654
504.0,0.979,0.985465845,0.02100000000000002,0.048432972
505.0,0.979,0.98358453,0.02100000000000002,0.04886757
506.0,0.979,0.98171327,0.02100000000000002,0.049304451
507.0,0.979,0.97985193,0.02100000000000002,0.04974362
499.0,0.98,0.990154895,0.020000000000000018,0.04648053
500.0,0.98,0.991818825,0.020000000000000018,0.046766528
501.0,0.98,0.991171595,0.020000000000000018,0.047142849
502.0,0.98,0.98925924,0.020000000000000018,0.047570614
503.0,0.98,0.987357375,0.020000000000000018,0.048000654
504.0,0.98,0.985465845,0.020000000000000018,0.048432972
505.0,0.98,0.98358453,0.020000000000000018,0.04886757
506.0,0.98,0.98171327,0.020000000000000018,0.049304451
507.0,0.98,0.97985193,0.020000000000000018,0.04974362
499.0,0.981,0.990154895,0.019000000000000017,0.04648053
500.0,0.981,0.991818825,0.019000000000000017,0.046766528
501.0,0.981,0.991171595,0.019000000000000017,0.047142849
502.0,0.981,0.98925924,0.019000000000000017,0.047570614
503.0,0.981,0.987357375,0.019000000000000017,0.048000654
504.0,0.981,0.985465845,0.019000000000000017,0.048432972
505.0,0.981,0.98358453,0.019000000000000017,0.04886757
506.0,0.981,0.98171327,0.019000000000000017,0.049304451
507.0,0.981,0.97985193,0.019000000000000017,0.04974362
499.0,0.982,0.990154895,0.018000000000000016,0.04648053
500.0,0.982,0.991818825,0.018000000000000016,0.046766528
501.0,0.982,0.991171595,0.018000000000000016,0.047142849
502.0,0.982,0.98925924,0.018000000000000016,0.047570614
503.0,0.982,0.987357375,0.018000000000000016,0.048000654
504.0,0.982,0.985465845,0.018000000000000016,0.048432972
505.0,0.982,0.98358453,0.018000000000000016,0.04886757
506.0,0.982,0.98171327,0.018000000000000016,0.049304451
507.0,0.982,0.97985193,0.018000000000000016,0.04974362
499.0,0.983,0.990154895,0.017000000000000015,0.04648053
500.0,0.983,0.991818825,0.017000000000000015,0.046766528
501.0,0.983,0.991171595,0.017000000000000015,0.047142849
502.0,0.983,0.98925924,0.017000000000000015,0.047570614
503.0,0.983,0.987357375,0.017000000000000015,0.048000654
504.0,0.983,0.985465845,0.017000000000000015,0.048432972
505.0,0.983,0.98358453,0.017000000000000015,0.04886757
506.0,0.983,0.98171327,0.017000000000000015,0.049304451
507.0,0.983,0.97990259,0.017000000000000015,0.049595357
499.0,0.984,0.990154895,0.016000000000000014,0.04648053
500.0,0.984,0.991818825,0.016000000000000014,0.046766528
501.0,0.984,0.991171595,0.016000000000000014,0.047142849
502.0,0.984,0.98925924,0.016000000000000014,0.047570614
503.0,0.984,0.98739424,0.016000000000000014,0.047890685
504.0,0.984,0.985745045,0.016000000000000014,0.047603981
505.0,0.984,0.98410807,0.016000000000000014,0.047320117
506.0,0.984,0.98248319,0.016000000000000014,0.047039058
507.0,0.984,0.98087028,0.016000000000000014,0.046760767
499.0,0.985,0.990154895,0.015000000000000013,0.04648053
500.0,0.985,0.991818825,0.015000000000000013,0.046766528
501.0,0.985,0.991708315,0.015000000000000013,0.04552572
502.0,0.985,0.990032765,0.015000000000000013,0.045250665
503.0,0.985,0.9883697,0.015000000000000013,0.044978355
504.0,0.985,0.986718985,0.015000000000000013,0.044708754
505.0,0.985,0.98508051,0.015000000000000013,0.044441827
506.0,0.985,0.9834541400000001,0.015000000000000013,0.044177538
507.0,0.985,0.98183975,0.015000000000000013,0.043915855
499.0,0.986,0.990154895,0.014000000000000012,0.04648053
500.0,0.986,0.991818825,0.014000000000000012,0.046766528
501.0,0.986,0.992688665,0.014000000000000012,0.0425677
502.0,0.986,0.991011575,0.014000000000000012,0.042310201
503.0,0.986,0.9893469699999999,0.014000000000000012,0.042055273
504.0,0.986,0.987694735,0.014000000000000012,0.041802884
505.0,0.986,0.9860547449999999,0.014000000000000012,0.041552999
506.0,0.986,0.984426875,0.014000000000000012,0.041305587
507.0,0.986,0.982810995,0.014000000000000012,0.041060615
499.0,0.987,0.990154895,0.013000000000000012,0.04648053
500.0,0.987,0.991818825,0.013000000000000012,0.046766528
501.0,0.987,0.9934815,0.013000000000000012,0.040171519
502.0,0.987,0.9919922,0.013000000000000012,0.039358871
503.0,0.987,0.9903260549999999,0.013000000000000012,0.039121435
504.0,0.987,0.988672285,0.013000000000000012,0.038886365
505.0,0.987,0.9870307700000001,0.013000000000000012,0.038653629
506.0,0.987,0.9854013850000001,0.013000000000000012,0.038423198
507.0,0.987,0.983784005,0.013000000000000012,0.038195041
499.0,0.988,0.990154895,0.01200000000000001,0.04648053
500.0,0.988,0.991818825,0.01200000000000001,0.046766528
501.0,0.988,0.9934815,0.01200000000000001,0.040171519
502.0,0.988,0.992974655,0.01200000000000001,0.036396668
503.0,0.988,0.99130695,0.01200000000000001,0.036176833
504.0,0.988,0.989651635,0.01200000000000001,0.03595919
505.0,0.988,0.988008585,0.01200000000000001,0.035743711
506.0,0.988,0.98637768,0.01200000000000001,0.035530367
507.0,0.988,0.9847587849999999,0.01200000000000001,0.035319129
499.0,0.989,0.990154895,0.01100000000000001,0.04648053
500.0,0.989,0.991818825,0.01100000000000001,0.046766528
501.0,0.989,0.9934815,0.01100000000000001,0.040171519
502.0,0.989,0.9939589200000001,0.01100000000000001,0.033423586
503.0,0.989,0.99228965,0.01100000000000001,0.033221462
504.0,0.989,0.990632775,0.01100000000000001,0.033021355
505.0,0.989,0.988988185,0.01100000000000001,0.032823239
506.0,0.989,0.987355745,0.01100000000000001,0.032627087
507.0,0.989,0.98573533,0.01100000000000001,0.032432874
499.0,0.99,0.990154895,0.010000000000000009,0.04648053
500.0,0.99,0.991818825,0.010000000000000009,0.046766528
501.0,0.99,0.9934815,0.010000000000000009,0.040171519
502.0,0.99,0.994945,0.010000000000000009,0.030439619
503.0,0.99,0.99327415,0.010000000000000009,0.030255316
504.0,0.99,0.99161571,0.010000000000000009,0.030072854
505.0,0.99,0.989969565,0.010000000000000009,0.029892208
506.0,0.99,0.98833558,0.010000000000000009,0.029713354
507.0,0.99,0.986713635,0.010000000000000009,0.029536269
499.0,0.991,0.990154895,0.009000000000000008,0.04648053
500.0,0.991,0.991818825,0.009000000000000008,0.046766528
501.0,0.991,0.9934815,0.009000000000000008,0.040171519
502.0,0.991,0.99514291,0.009000000000000008,0.02984007
503.0,0.991,0.99426045,0.009000000000000008,0.027278389
504.0,0.991,0.992600435,0.009000000000000008,0.02711368
505.0,0.991,0.9909527199999999,0.009000000000000008,0.026950611
506.0,0.991,0.98931719,0.009000000000000008,0.026789162
507.0,0.991,0.9876937,0.009000000000000008,0.026629311
499.0,0.992,0.990154895,0.008000000000000007,0.04648053
500.0,0.992,0.991818825,0.008000000000000007,0.046766528
501.0,0.992,0.9934815,0.008000000000000007,0.040171519
502.0,0.992,0.99514291,0.008000000000000007,0.02984007
503.0,0.992,0.995248545,0.008000000000000007,0.024290675
504.0,0.992,0.993586945,0.008000000000000007,0.024143828
505.0,0.992,0.99193766,0.008000000000000007,0.023998445
506.0,0.992,0.9903005549999999,0.008000000000000007,0.023854507
507.0,0.992,0.988675515,0.008000000000000007,0.023711994
499.0,0.993,0.990154895,0.007000000000000006,0.04648053
500.0,0.993,0.991818825,0.007000000000000006,0.046766528
501.0,0.993,0.9934815,0.007000000000000006,0.040171519
502.0,0.993,0.99514291,0.007000000000000006,0.02984007
503.0,0.993,0.996238435,0.007000000000000006,0.021292169
504.0,0.993,0.994575235,0.007000000000000006,0.021163294
505.0,0.993,0.9929243649999999,0.007000000000000006,0.021035704
506.0,0.993,0.99128569,0.007000000000000006,0.020909383
507.0,0.993,0.989659085,0.007000000000000006,0.020784314
499.0,0.994,0.990154895,0.006000000000000005,0.04648053
500.0,0.994,0.991818825,0.006000000000000005,0.046766528
501.0,0.994,0.9934815,0.006000000000000005,0.040171519
502.0,0.994,0.99514291,0.006000000000000005,0.02984007
503.0,0.994,0.996803045,0.006000000000000005,0.019579481
504.0,0.994,0.995565305,0.006000000000000005,0.018172071
505.0,0.994,0.9939128349999999,0.006000000000000005,0.018062382
506.0,0.994,0.99227258,0.006000000000000005,0.017953785
507.0,0.994,0.9906444050000001,0.006000000000000005,0.017846266
499.0,0.995,0.990154895,0.0050000000000000044,0.04648053
500.0,0.995,0.991818825,0.0050000000000000044,0.046766528
501.0,0.995,0.9934815,0.0050000000000000044,0.040171519
502.0,0.995,0.99514291,0.0050000000000000044,0.02984007
503.0,0.995,0.996803045,0.0050000000000000044,0.019579481
504.0,0.995,0.9965571449999999,0.0050000000000000044,0.015170154
505.0,0.995,0.99490307,0.0050000000000000044,0.015078476
506.0,0.995,0.99326122,0.0050000000000000044,0.01498771
507.0,0.995,0.99163146,0.0050000000000000044,0.014897845
499.0,0.996,0.990154895,0.0040000000000000036,0.04648053
500.0,0.996,0.991818825,0.0040000000000000036,0.046766528
501.0,0.996,0.9934815,0.0040000000000000036,0.040171519
502.0,0.996,0.99514291,0.0040000000000000036,0.02984007
503.0,0.996,0.996803045,0.0040000000000000036,0.019579481
504.0,0.996,0.99755076,0.0040000000000000036,0.01215754
505.0,0.996,0.99589507,0.0040000000000000036,0.012083979
506.0,0.996,0.9942516100000001,0.0040000000000000036,0.012011151
507.0,0.996,0.99262026,0.0040000000000000036,0.011939047
499.0,0.997,0.990154895,0.0030000000000000027,0.04648053
500.0,0.997,0.991818825,0.0030000000000000027,0.046766528
501.0,0.997,0.9934815,0.0030000000000000027,0.040171519
502.0,0.997,0.99514291,0.0030000000000000027,0.02984007
503.0,0.997,0.996803045,0.0030000000000000027,0.019579481
504.0,0.997,0.998461885,0.0030000000000000027,0.0093903464
505.0,0.997,0.99688882,0.0030000000000000027,0.0090788875
506.0,0.997,0.995243755,0.0030000000000000027,0.0090241051
507.0,0.997,0.993610805,0.0030000000000000027,0.0089698674
499.0,0.998,0.990154895,0.0020000000000000018,0.04648053
500.0,0.998,0.991818825,0.0020000000000000018,0.046766528
501.0,0.998,0.9934815,0.0020000000000000018,0.040171519
502.0,0.998,0.99514291,0.0020000000000000018,0.02984007
503.0,0.998,0.996803045,0.0020000000000000018,0.019579481
504.0,0.998,0.998461885,0.0020000000000000018,0.0093903464
505.0,0.998,0.997884335,0.0020000000000000018,0.0060631968
506.0,0.998,0.99623764,0.0020000000000000018,0.0060265675
507.0,0.998,0.994603075,0.0020000000000000018,0.0059903025
499.0,0.999,0.990154895,0.0010000000000000009,0.04648053
500.0,0.999,0.991818825,0.0010000000000000009,0.046766528
501.0,0.999,0.9934815,0.0010000000000000009,0.040171519
502.0,0.999,0.99514291,0.0010000000000000009,0.02984007
503.0,0.999,0.996803045,0.0010000000000000009,0.019579481
504.0,0.999,0.998461885,0.0010000000000000009,0.0093903464
505.0,0.999,0.9988815950000001,0.0010000000000000009,0.0030369025
506.0,0.999,0.997233265,0.0010000000000000009,0.0030185338
507.0,0.999,0.99559708,0.0010000000000000009,0.0030003481
499.0,1.0,0.990154895,0.0,1e-05
500.0,1.0,0.991818825,0.0,1e-05
501.0,1.0,0.9934815,0.0,1e-05
502.0,1.0,0.99514291,0.0,1e-05
503.0,1.0,0.996803045,0.0,1e-05
504.0,1.0,0.998461885,0.0,1e-05
505.0,1.0,0.999880605,0.0,1e-05
506.0,1.0,0.99823063,0.0,1e-05
507.0,1.0,0.99659281,0.0,1e-05
