,X_Cu/,X_Al,a-Al(500),a-Cu(500),a-Al(600),a-Cu(600),a-Al(700),a-Cu(700),a-Al(800),a-Cu(800)
,0,1,0.99999984,0,0.99999984,0,0.99900041,0,0.99900008,0
,0.001,0.999,0.99900992,0.00011524557,0.99900871,0.00014761897,0.99900041,0.000018104857,0.99900008,0.000022768323
,0.002,0.998,0.99804,0.00022590944,0.99803518,0.00029006714,0.99800162,0.000036180585,0.99800029,0.000045530206
,0.003,0.997,0.99708988,0.0003321607,0.99707908,0.00042751719,0.99700357,0.000054228401,0.9970006,0.000068286857
,0.004,0.996,0.99615935,0.00043416215,0.99614021,0.00056013594,0.99600623,0.000072249518,0.99600097,0.000091039479
,0.005,0.995,0.99524819,0.00053207061,0.99521839,0.00068808462,0.99500954,0.000090245145,0.99500136,0.00011378928
,0.006,0.994,0.9943562,0.00062603706,0.99431343,0.00081151902,0.99401348,0.00010821649,0.99400175,0.00013653745
,0.007,0.993,0.99348317,0.00071620693,0.99342516,0.00093058969,0.99301798,0.00012616474,0.99300209,0.00015928521
,0.008,0.992,0.99262889,0.00080272028,0.99255338,0.0010454421,0.99202302,0.00014409111,0.99200235,0.00018203375
,0.009,0.991,0.99179316,0.00088571202,0.99169793,0.001156217,0.99102853,0.00016199678,0.9910025,0.00020478427
,0.01,0.99,0.99097579,0.00096531208,0.99085861,0.0012630502,0.99003449,0.00017988295,0.9900025,0.00022753797
,0.011,0.989,0.99017656,0.0010416456,0.99031296,0.0013315232,0.98904085,0.0001977508,0.98900232,0.00025029606
,0.012,0.988,0.98939528,0.0011148332,0.99031296,0.0013315232,0.98804755,0.00021560151,0.98800192,0.00027305974
,0.013,0.987,0.98863176,0.0011849911,0.99031296,0.0013315232,0.98705457,0.00023343627,0.98700126,0.0002958302
,0.014,0.986,0.9878858,0.001252231,0.99031296,0.0013315232,0.98606185,0.00025125624,0.98600031,0.00031860864
,0.015,0.985,0.9871572,0.0013166609,0.99031296,0.0013315232,0.98506935,0.00026906261,0.98499904,0.00034139626
,0.016,0.984,0.98644578,0.0013783845,0.99031296,0.0013315232,0.98407703,0.00028685654,0.98399742,0.00036419427
,0.017,0.983,0.98618661,0.0014005782,0.99031296,0.0013315232,0.98308485,0.0003046392,0.9829954,0.00038700386
,0.018,0.982,0.98618661,0.0014005782,0.99031296,0.0013315232,0.98209275,0.00032241175,0.98199295,0.00040982623
,0.019,0.981,0.98618661,0.0014005782,0.99031296,0.0013315232,0.98110071,0.00034017536,0.98099004,0.00043266259
,0.02,0.98,0.98618661,0.0014005782,0.99031296,0.0013315232,0.98010867,0.00035793119,0.97998663,0.00045551413
,0.021,0.979,0.98618661,0.0014005782,0.99031296,0.0013315232,0.97911659,0.0003756804,0.97898269,0.00047838206
,0.022,0.978,0.98618661,0.0014005782,0.99031296,0.0013315232,0.97812444,0.00039342414,0.97797819,0.00050126758
,0.023,0.977,0.98618661,0.0014005782,0.99031296,0.0013315232,0.97713216,0.00041116356,0.97697308,0.00052417188
,0.024,0.976,0.98618661,0.0014005782,0.99031296,0.0013315232,0.97613971,0.00042889982,0.97596735,0.00054709619
,0.025,0.975,0.98618661,0.0014005782,0.99031296,0.0013315232,0.97514705,0.00044663406,0.97496094,0.00057004169
,0.026,0.974,0.98618661,0.0014005782,0.99031296,0.0013315232,0.97415414,0.00046436745,0.97395384,0.0005930096
,0.027,0.973,0.98618661,0.0014005782,0.99031296,0.0013315232,0.97316094,0.00048210111,0.97294599,0.00061600113
,0.028,0.972,0.98618661,0.0014005782,0.99031296,0.0013315232,0.9721674,0.0004998362,0.97193738,0.00063901748
,0.029,0.971,0.98618661,0.0014005782,0.99031296,0.0013315232,0.97117348,0.00051757386,0.97092796,0.00066205985
,0.03,0.97,0.98618661,0.0014005782,0.99031296,0.0013315232,0.97017914,0.00053531523,0.96991771,0.00068512948
,0.031,0.969,0.98618661,0.0014005782,0.99031296,0.0013315232,0.96918433,0.00055306146,0.96890658,0.00070822755
,0.032,0.968,0.98618661,0.0014005782,0.99031296,0.0013315232,0.96818902,0.00057081369,0.96789455,0.0007313553
,0.033,0.967,0.98618661,0.0014005782,0.99031296,0.0013315232,0.96719316,0.00058857305,0.96688157,0.00075451393
,0.034,0.966,0.98618661,0.0014005782,0.99031296,0.0013315232,0.96619671,0.00060634068,0.96586763,0.00077770466
,0.035,0.965,0.98618661,0.0014005782,0.99031296,0.0013315232,0.96519963,0.00062411773,0.96485268,0.00080092872
,0.036,0.964,0.98618661,0.0014005782,0.99031296,0.0013315232,0.96420187,0.00064190532,0.96383669,0.00082418732
,0.037,0.963,0.98618661,0.0014005782,0.99031296,0.0013315232,0.96320339,0.00065970461,0.96281962,0.00084748169
,0.038,0.962,0.98618661,0.0014005782,0.99031296,0.0013315232,0.96220416,0.00067751671,0.96180145,0.00087081305
,0.039,0.961,0.98618661,0.0014005782,0.99031296,0.0013315232,0.96120413,0.00069534278,0.96078214,0.00089418264
,0.04,0.96,0.98618661,0.0014005782,0.99031296,0.0013315232,0.96020326,0.00071318395,0.95976166,0.00091759167
,0.041,0.959,0.98618661,0.0014005782,0.99031296,0.0013315232,0.95920151,0.00073104135,0.95873997,0.00094104139
,0.042,0.958,0.98618661,0.0014005782,0.99031296,0.0013315232,0.95819883,0.00074891612,0.95771705,0.00096453304
,0.043,0.957,0.98618661,0.0014005782,0.99031296,0.0013315232,0.95719519,0.00076680941,0.95669285,0.00098806784
,0.044,0.956,0.98618661,0.0014005782,0.99031296,0.0013315232,0.95619054,0.00078472233,0.95566734,0.001011647
,0.045,0.955,0.98618661,0.0014005782,0.99031296,0.0013315232,0.95518485,0.00080265604,0.9546405,0.0010352719
,0.046,0.954,0.98618661,0.0014005782,0.99031296,0.0013315232,0.95417806,0.00082061167,0.95361229,0.0010589436
,0.047,0.953,0.98618661,0.0014005782,0.99031296,0.0013315232,0.95317015,0.00083859037,0.95258268,0.0010826635
,0.048,0.952,0.98618661,0.0014005782,0.99031296,0.0013315232,0.95216107,0.00085659326,0.95155163,0.0011064328
,0.049,0.951,0.98618661,0.0014005782,0.99031296,0.0013315232,0.95115078,0.0008746215,0.95051911,0.0011302527
,0.05,0.95,0.98618661,0.0014005782,0.99031296,0.0013315232,0.95013924,0.00089267622,0.9494851,0.0011541245
,0.051,0.949,0.98618661,0.0014005782,0.99031296,0.0013315232,0.94912641,0.00091075857,0.94844955,0.0011780495
,0.052,0.948,0.98618661,0.0014005782,0.99031296,0.0013315232,0.94811224,0.00092886969,0.94741243,0.0012020289
,0.053,0.947,0.98618661,0.0014005782,0.99031296,0.0013315232,0.94709671,0.00094701073,0.94637372,0.0012260641
,0.054,0.946,0.98618661,0.0014005782,0.99031296,0.0013315232,0.94607976,0.00096518283,0.94533338,0.0012501562
,0.055,0.945,0.98618661,0.0014005782,0.99031296,0.0013315232,0.94506136,0.00098338714,0.94429138,0.0012743066
,0.056,0.944,0.98618661,0.0014005782,0.99031296,0.0013315232,0.94404146,0.0010016248,0.94324769,0.0012985165
,0.057,0.943,0.98618661,0.0014005782,0.99031296,0.0013315232,0.94302004,0.001019897,0.94220227,0.0013227873
,0.058,0.942,0.98618661,0.0014005782,0.99031296,0.0013315232,0.94199704,0.0010382049,0.9411551,0.0013471201
,0.059,0.941,0.98618661,0.0014005782,0.99031296,0.0013315232,0.94097243,0.0010565496,0.94010614,0.0013715164
,0.06,0.94,0.98618661,0.0014005782,0.99031296,0.0013315232,0.93994618,0.0010749322,0.93905536,0.0013959774
,0.061,0.939,0.98618661,0.0014005782,0.99031296,0.0013315232,0.93891823,0.001093354,0.93800273,0.0014205044
,0.062,0.938,0.98618661,0.0014005782,0.99031296,0.0013315232,0.93788855,0.0011118162,0.93694821,0.0014450987
,0.063,0.937,0.98618661,0.0014005782,0.99031296,0.0013315232,0.9368571,0.0011303198,0.93589179,0.0014697617
,0.064,0.936,0.98618661,0.0014005782,0.99031296,0.0013315232,0.93582385,0.001148866,0.93483342,0.0014944946
,0.065,0.935,0.98618661,0.0014005782,0.99031296,0.0013315232,0.93478875,0.001167456,0.93377307,0.0015192987
,0.066,0.934,0.98618661,0.0014005782,0.99031296,0.0013315232,0.93375176,0.0011860911,0.93271072,0.0015441755
,0.067,0.933,0.98618661,0.0014005782,0.99031296,0.0013315232,0.93271285,0.0012047722,0.93164634,0.0015691262
,0.068,0.932,0.98618661,0.0014005782,0.99031296,0.0013315232,0.93167197,0.0012235008,0.93057988,0.0015941521
,0.069,0.931,0.98618661,0.0014005782,0.99031296,0.0013315232,0.9306291,0.0012422778,0.92951133,0.0016192546
,0.07,0.93,0.98618661,0.0014005782,0.99031296,0.0013315232,0.92958418,0.0012611046,0.92844064,0.0016444351
,0.071,0.929,0.98618661,0.0014005782,0.99031296,0.0013315232,0.92853719,0.0012799822,0.9273678,0.0016696949
,0.072,0.928,0.98618661,0.0014005782,0.99031296,0.0013315232,0.92748808,0.001298912,0.92629277,0.0016950354
,0.073,0.927,0.98618661,0.0014005782,0.99031296,0.0013315232,0.92643681,0.001317895,0.92521552,0.0017204579
,0.074,0.926,0.98618661,0.0014005782,0.99031296,0.0013315232,0.92538336,0.0013369325,0.92413602,0.0017459637
,0.075,0.925,0.98618661,0.0014005782,0.99031296,0.0013315232,0.92432767,0.0013560257,0.92305424,0.0017715544
,0.076,0.924,0.98618661,0.0014005782,0.99031296,0.0013315232,0.92326972,0.0013751757,0.92197016,0.0017972311
,0.077,0.923,0.98618661,0.0014005782,0.99031296,0.0013315232,0.92220946,0.0013943839,0.92088373,0.0018229955
,0.078,0.922,0.98618661,0.0014005782,0.99031296,0.0013315232,0.92114686,0.0014136514,0.91979493,0.0018488487
,0.079,0.921,0.98618661,0.0014005782,0.99031296,0.0013315232,0.92008189,0.0014329795,0.91870374,0.0018747923
,0.08,0.92,0.98618661,0.0014005782,0.99031296,0.0013315232,0.91901449,0.0014523693,0.91761012,0.0019008276
,0.081,0.919,0.98618661,0.0014005782,0.99031296,0.0013315232,0.91794464,0.0014718221,0.91651404,0.0019269561
,0.082,0.918,0.98618661,0.0014005782,0.99031296,0.0013315232,0.9168723,0.0014913391,0.91541547,0.0019531791
,0.083,0.917,0.98618661,0.0014005782,0.99031296,0.0013315232,0.91579744,0.0015109216,0.9143144,0.0019794981
,0.084,0.916,0.98618661,0.0014005782,0.99031296,0.0013315232,0.91472001,0.0015305708,0.91321077,0.0020059146
,0.085,0.915,0.98618661,0.0014005782,0.99031296,0.0013315232,0.91363999,0.001550288,0.91210458,0.0020324299
,0.086,0.914,0.98618661,0.0014005782,0.99031296,0.0013315232,0.91255732,0.0015700744,0.91099578,0.0020590455
,0.087,0.913,0.98618661,0.0014005782,0.99031296,0.0013315232,0.91147199,0.0015899312,0.90988435,0.0020857629
,0.088,0.912,0.98618661,0.0014005782,0.99031296,0.0013315232,0.91038395,0.0016098598,0.90877027,0.0021125835
,0.089,0.911,0.98618661,0.0014005782,0.99031296,0.0013315232,0.90929316,0.0016298613,0.9076535,0.0021395088
,0.09,0.91,0.98618661,0.0014005782,0.99031296,0.0013315232,0.9081996,0.0016499371,0.90653401,0.0021665403
,0.091,0.909,0.98618661,0.0014005782,0.99031296,0.0013315232,0.90710322,0.0016700885,0.90541178,0.0021936794
,0.092,0.908,0.98618661,0.0014005782,0.99031296,0.0013315232,0.90600399,0.0016903167,0.90428679,0.0022209277
,0.093,0.907,0.98618661,0.0014005782,0.99031296,0.0013315232,0.90490188,0.001710623,0.90315899,0.0022482866
,0.094,0.906,0.98618661,0.0014005782,0.99031296,0.0013315232,0.90379685,0.0017310088,0.90202837,0.0022757577
,0.095,0.905,0.98618661,0.0014005782,0.99031296,0.0013315232,0.90268886,0.0017514753,0.9008949,0.0023033424
,0.096,0.904,0.98618661,0.0014005782,0.99031296,0.0013315232,0.90157789,0.0017720238,0.89975854,0.0023310423
,0.097,0.903,0.98618661,0.0014005782,0.99031296,0.0013315232,0.90046389,0.0017926557,0.89861928,0.002358859
,0.098,0.902,0.98618661,0.0014005782,0.99031296,0.0013315232,0.89934684,0.0018133723,0.89747708,0.0023867939
,0.099,0.901,0.98618661,0.0014005782,0.99031296,0.0013315232,0.89822669,0.0018341748,0.89633193,0.0024148486
,0.1,0.9,0.98618661,0.0014005782,0.99031296,0.0013315232,0.89710342,0.0018550647,0.89518378,0.0024430247
,0.101,0.899,0.98618661,0.0014005782,0.98913442,0.0013457887,0.89597698,0.0018760433,0.89403262,0.0024713237
,0.102,0.898,0.98618661,0.0014005782,0.98793089,0.0013603714,0.89484736,0.0018971119,0.89287842,0.0024997472
,0.103,0.897,0.98618661,0.0014005782,0.98672363,0.0013750147,0.89371451,0.0019182719,0.89172116,0.0025282968
,0.104,0.896,0.98618661,0.0014005782,0.98551259,0.0013897195,0.89257839,0.0019395247,0.8905608,0.0025569741
,0.105,0.895,0.98618661,0.0014005782,0.98429773,0.0014044871,0.89143899,0.0019608716,0.88939732,0.0025857807
,0.106,0.894,0.98618661,0.0014005782,0.98307899,0.0014193186,0.89029626,0.0019823139,0.88823069,0.0026147182
,0.107,0.893,0.98618661,0.0014005782,0.98185633,0.0014342151,0.88915017,0.0020038532,0.8870609,0.0026437882
,0.108,0.892,0.98618661,0.0014005782,0.9806297,0.0014491777,0.88800069,0.0020254908,0.88588791,0.0026729923
,0.109,0.891,0.98618661,0.0014005782,0.97939907,0.0014642075,0.88684779,0.002047228,0.8847117,0.0027023322
,0.11,0.89,0.98618661,0.0014005782,0.97816437,0.0014793058,0.88569144,0.0020690664,0.88353224,0.0027318096
,0.111,0.889,0.98618661,0.0014005782,0.97692558,0.0014944736,0.88453159,0.0020910073,0.88234951,0.0027614261
,0.112,0.888,0.98618661,0.0014005782,0.97568263,0.0015097121,0.88336823,0.0021130521,0.88116348,0.0027911833
,0.113,0.887,0.98618661,0.0014005782,0.9744355,0.0015250226,0.88220132,0.0021352022,0.87997414,0.002821083
,0.114,0.886,0.98618661,0.0014005782,0.97318413,0.001540406,0.88103083,0.0021574592,0.87878145,0.0028511268
,0.115,0.885,0.98618661,0.0014005782,0.97192848,0.0015558636,0.87985672,0.0021798245,0.87758539,0.0028813165
,0.116,0.884,0.98618661,0.0014005782,0.97066851,0.0015713967,0.87867897,0.0022022995,0.87638593,0.0029116537
,0.117,0.883,0.98618661,0.0014005782,0.96940417,0.0015870063,0.87749755,0.0022248857,0.87518306,0.0029421403
,0.118,0.882,0.98618661,0.0014005782,0.96813541,0.0016026937,0.87631242,0.0022475846,0.87397675,0.0029727778
,0.119,0.881,0.98618661,0.0014005782,0.96686221,0.0016184601,0.87512356,0.0022703977,0.87276697,0.0030035681
,0.12,0.88,0.98618661,0.0014005782,0.9655845,0.0016343066,0.87393093,0.0022933264,0.8715537,0.0030345129
,0.121,0.879,0.98618661,0.0014005782,0.96430226,0.0016502346,0.87273451,0.0023163723,0.87033693,0.0030656139
,0.122,0.878,0.98618661,0.0014005782,0.96301543,0.0016662452,0.87153427,0.0023395368,0.86911662,0.0030968731
,0.123,0.877,0.98618661,0.0014005782,0.96172399,0.0016823396,0.87033017,0.0023628216,0.86789275,0.0031282921
,0.124,0.876,0.98618661,0.0014005782,0.96042787,0.0016985191,0.86912219,0.0023862282,0.8666653,0.0031598727
,0.125,0.875,0.98618661,0.0014005782,0.95912705,0.0017147849,0.86791029,0.002409758,0.86543425,0.0031916168
,0.126,0.874,0.98618661,0.0014005782,0.95782149,0.0017311383,0.86669446,0.0024334127,0.86419957,0.0032235262
,0.127,0.873,0.98618661,0.0014005782,0.95651113,0.0017475806,0.86547466,0.0024571938,0.86296125,0.0032556028
,0.128,0.872,0.98618661,0.0014005782,0.95519594,0.0017641129,0.86425086,0.0024811029,0.86171926,0.0032878483
,0.129,0.871,0.98618661,0.0014005782,0.95387589,0.0017807367,0.86302303,0.0025051416,0.86047358,0.0033202647
,0.13,0.87,0.98618661,0.0014005782,0.95255093,0.0017974531,0.86179115,0.0025293115,0.85922419,0.0033528538
,0.131,0.869,0.98618661,0.0014005782,0.95122102,0.0018142635,0.8605552,0.0025536141,0.85797106,0.0033856175
,0.132,0.868,0.98618661,0.0014005782,0.94988612,0.0018311692,0.85931513,0.0025780512,0.85671418,0.0034185577
,0.133,0.867,0.98618661,0.0014005782,0.9485462,0.0018481714,0.85807093,0.0026026243,0.85545353,0.0034516763
,0.134,0.866,0.98618661,0.0014005782,0.94720121,0.0018652716,0.85682257,0.0026273351,0.85418908,0.0034849753
,0.135,0.865,0.98618661,0.0014005782,0.94585111,0.001882471,0.85557002,0.0026521853,0.85292081,0.0035184566
,0.136,0.864,0.98618661,0.0014005782,0.94449588,0.001899771,0.85431325,0.0026771764,0.85164871,0.0035521222
,0.137,0.863,0.98618661,0.0014005782,0.94313547,0.0019171729,0.85305225,0.0027023102,0.85037275,0.0035859739
,0.138,0.862,0.98618661,0.0014005782,0.94176984,0.001934678,0.85178698,0.0027275884,0.84909292,0.0036200139
,0.139,0.861,0.98618661,0.0014005782,0.94039896,0.0019522879,0.85051741,0.0027530127,0.84780919,0.003654244
,0.14,0.86,0.98618661,0.0014005782,0.93902279,0.0019700037,0.84924353,0.0027785847,0.84652154,0.0036886664
,0.141,0.859,0.98618661,0.0014005782,0.93764129,0.001987827,0.84796531,0.0028043063,0.84522996,0.003723283
,0.142,0.858,0.98618661,0.0014005782,0.93625444,0.0020057591,0.84668272,0.0028301791,0.84393443,0.0037580958
,0.143,0.857,0.98618661,0.0014005782,0.93486218,0.0020238014,0.84539574,0.0028562049,0.84263492,0.003793107
,0.144,0.856,0.98618661,0.0014005782,0.9334645,0.0020419553,0.84410435,0.0028823855,0.84133143,0.0038283186
,0.145,0.855,0.98618661,0.0014005782,0.93206135,0.0020602223,0.84280851,0.0029087226,0.84002393,0.0038637326
,0.146,0.854,0.98618661,0.0014005782,0.93065269,0.0020786039,0.84150822,0.0029352181,0.8387124,0.0038993512
,0.147,0.853,0.98618661,0.0014005782,0.9292385,0.0020971014,0.84020343,0.0029618737,0.83739682,0.0039351764
,0.148,0.852,0.98618661,0.0014005782,0.92781875,0.0021157163,0.83889414,0.0029886912,0.83607719,0.0039712105
,0.149,0.851,0.98618661,0.0014005782,0.92639339,0.0021344502,0.83758031,0.0030156726,0.83475347,0.0040074556
,0.15,0.85,0.98618661,0.0014005782,0.92496239,0.0021533044,0.83626193,0.0030428196,0.83342566,0.0040439137
,0.151,0.849,0.98618661,0.0014005782,0.92352573,0.0021722805,0.83493898,0.003070134,0.83209373,0.0040805871
,0.152,0.848,0.98618661,0.0014005782,0.92208337,0.00219138,0.83361142,0.0030976179,0.83075768,0.004117478
,0.153,0.847,0.98618661,0.0014005782,0.92063528,0.0022106044,0.83227924,0.003125273,0.82941748,0.0041545886
,0.154,0.846,0.98618661,0.0014005782,0.91918142,0.0022299553,0.83094242,0.0031531012,0.82807311,0.0041919211
,0.155,0.845,0.98618661,0.0014005782,0.91772177,0.0022494342,0.82960094,0.0031811046,0.82672457,0.0042294777
,0.156,0.844,0.98618661,0.0014005782,0.9162563,0.0022690426,0.82825477,0.0032092849,0.82537183,0.0042672608
,0.157,0.843,0.98618661,0.0014005782,0.91478497,0.0022887822,0.8269039,0.0032376442,0.82401489,0.0043052725
,0.158,0.842,0.98618661,0.0014005782,0.91330776,0.0023086545,0.82554831,0.0032661844,0.82265372,0.0043435152
,0.159,0.841,0.98618661,0.0014005782,0.91182463,0.002328661,0.82418797,0.0032949075,0.82128831,0.0043819912
,0.16,0.84,0.98618661,0.0014005782,0.91033556,0.0023488035,0.82282286,0.0033238155,0.81991865,0.0044207027
,0.161,0.839,0.98618661,0.0014005782,0.90884052,0.0023690836,0.82145298,0.0033529104,0.81854471,0.0044596522
,0.162,0.838,0.98618661,0.0014005782,0.90733948,0.0023895028,0.82007829,0.0033821943,0.8171665,0.0044988421
,0.163,0.837,0.98618661,0.0014005782,0.90583242,0.0024100628,0.81869878,0.003411669,0.81578399,0.0045382746
,0.164,0.836,0.98618661,0.0014005782,0.9043193,0.0024307654,0.81731443,0.0034413369,0.81439717,0.0045779521
,0.165,0.835,0.98618661,0.0014005782,0.9028001,0.0024516121,0.81592523,0.0034711998,0.81300603,0.0046178772
,0.166,0.834,0.98618661,0.0014005782,0.90127479,0.0024726046,0.81453114,0.0035012599,0.81161055,0.0046580522
,0.167,0.833,0.98618661,0.0014005782,0.89974335,0.0024937448,0.81313217,0.0035315193,0.81021072,0.0046984796
,0.168,0.832,0.98618661,0.0014005782,0.89820575,0.0025150342,0.81172829,0.0035619801,0.80880653,0.0047391619
,0.169,0.831,0.98618661,0.0014005782,0.89666197,0.0025364747,0.81031949,0.0035926445,0.80739797,0.0047801015
,0.17,0.83,0.98618661,0.0014005782,0.89511198,0.002558068,0.80890574,0.0036235147,0.80598502,0.0048213009
,0.171,0.829,0.98618661,0.0014005782,0.89355576,0.0025798158,0.80748703,0.0036545927,0.80456767,0.0048627627
,0.172,0.828,0.98618661,0.0014005782,0.89199328,0.00260172,0.80606335,0.0036858809,0.80314592,0.0049044895
,0.173,0.827,0.98618661,0.0014005782,0.89042453,0.0026237822,0.80463468,0.0037173813,0.80171974,0.0049464838
,0.174,0.826,0.98618661,0.0014005782,0.88884947,0.0026460045,0.80320101,0.0037490963,0.80028913,0.0049887481
,0.175,0.825,0.98618661,0.0014005782,0.88726808,0.0026683885,0.80176232,0.0037810282,0.79885409,0.0050312852
,0.176,0.824,0.98618661,0.0014005782,0.88568036,0.0026909361,0.8003186,0.0038131791,0.79741459,0.0050740975
,0.177,0.823,0.98618661,0.0014005782,0.88408626,0.0027136493,0.79886983,0.0038455513,0.79597063,0.0051171879
,0.178,0.822,0.98618661,0.0014005782,0.88248578,0.0027365298,0.797416,0.0038781473,0.7945222,0.0051605589
,0.179,0.821,0.98618661,0.0014005782,0.88087889,0.0027595796,0.79595709,0.0039109692,0.79306928,0.0052042132
,0.18,0.82,0.98618661,0.0014005782,0.87926557,0.0027828005,0.7944931,0.0039440195,0.79161188,0.0052481536
,0.181,0.819,0.98618661,0.0014005782,0.8776458,0.0028061946,0.79302402,0.0039773005,0.79014998,0.0052923828
,0.182,0.818,0.98618661,0.0014005782,0.87601957,0.0028297637,0.79154982,0.0040108146,0.78868357,0.0053369035
,0.183,0.817,0.98618661,0.0014005782,0.87438685,0.0028535099,0.7900705,0.0040445642,0.78721265,0.0053817186
,0.184,0.816,0.98618661,0.0014005782,0.87274763,0.002877435,0.78858604,0.0040785518,0.7857372,0.0054268308
,0.185,0.815,0.98618661,0.0014005782,0.87110189,0.0029015412,0.78709644,0.0041127797,0.78425723,0.0054722429
,0.186,0.814,0.98618661,0.0014005782,0.86944961,0.0029258304,0.78560168,0.0041472505,0.78277271,0.0055179578
,0.187,0.813,0.98618661,0.0014005782,0.86779078,0.0029503047,0.78410176,0.0041819667,0.78128365,0.0055639784
,0.188,0.812,0.98618661,0.0014005782,0.86612538,0.0029749661,0.78259666,0.0042169307,0.77979004,0.0056103075
,0.189,0.811,0.98618661,0.0014005782,0.8644534,0.0029998168,0.78108638,0.0042521451,0.77829187,0.0056569481
,0.19,0.81,0.98618661,0.0014005782,0.86277481,0.0030248587,0.7795709,0.0042876125,0.77678913,0.0057039031
,0.191,0.809,0.98618661,0.0014005782,0.86108962,0.0030500941,0.77805022,0.0043233354,0.77528183,0.0057511755
,0.192,0.808,0.98618661,0.0014005782,0.85939779,0.003075525,0.77652433,0.0043593164,0.77376995,0.0057987682
,0.193,0.807,0.98618661,0.0014005782,0.85769933,0.0031011537,0.77499322,0.0043955582,0.77225348,0.0058466843
,0.194,0.806,0.98618661,0.0014005782,0.85599421,0.0031269822,0.77345688,0.0044320634,0.77073244,0.0058949268
,0.195,0.805,0.98618661,0.0014005782,0.85428243,0.0031530129,0.7719153,0.0044688346,0.7692068,0.0059434987
,0.196,0.804,0.98618661,0.0014005782,0.85256397,0.0031792478,0.77036849,0.0045058747,0.76767657,0.0059924032
,0.197,0.803,0.98618661,0.0014005782,0.85083883,0.0032056893,0.76881643,0.0045431862,0.76614174,0.0060416433
,0.198,0.802,0.98618661,0.0014005782,0.84910698,0.0032323396,0.76725911,0.0045807719,0.76460231,0.0060912222
,0.199,0.801,0.98618661,0.0014005782,0.84736843,0.003259201,0.76569654,0.0046186346,0.76305827,0.006141143
,0.2,0.8,0.98618661,0.0014005782,0.84562316,0.0032862758,0.7641287,0.0046567771,0.76150963,0.006191409
,0.201,0.799,0.98618661,0.0014005782,0.84387116,0.0033135663,0.76255559,0.0046952022,0.75995637,0.0062420233
,0.202,0.798,0.98618661,0.0014005782,0.84211243,0.0033410749,0.76097721,0.0047339127,0.75839851,0.0062929892
,0.203,0.797,0.98618661,0.0014005782,0.84034696,0.0033688039,0.75939355,0.0047729115,0.75683602,0.0063443099
,0.204,0.796,0.98618661,0.0014005782,0.83857473,0.0033967557,0.75780461,0.0048122014,0.75526893,0.0063959887
,0.205,0.795,0.98618661,0.0014005782,0.83679576,0.0034249328,0.75621038,0.0048517855,0.75369721,0.006448029
,0.206,0.794,0.98618661,0.0014005782,0.83501002,0.0034533376,0.75461087,0.0048916666,0.75212088,0.0065004341
,0.207,0.793,0.98618661,0.0014005782,0.83321751,0.0034819725,0.75300607,0.0049318476,0.75053993,0.0065532073
,0.208,0.792,0.98618661,0.0014005782,0.83141823,0.00351084,0.75139597,0.0049723317,0.74895436,0.0066063521
,0.209,0.791,0.98618661,0.0014005782,0.82961217,0.0035399428,0.74978059,0.0050131218,0.74736417,0.0066598719
,0.21,0.79,0.98618661,0.0014005782,0.82779933,0.0035692832,0.74815991,0.0050542209,0.74576936,0.0067137702
,0.211,0.789,0.98618661,0.0014005782,0.82597971,0.0035988638,0.74653394,0.0050956322,0.74416994,0.0067680504
,0.212,0.788,0.98618661,0.0014005782,0.82415331,0.0036286873,0.74490267,0.0051373587,0.7425659,0.006822716
,0.213,0.787,0.98618661,0.0014005782,0.82232012,0.0036587562,0.74326611,0.0051794036,0.74095724,0.0068777707
,0.214,0.786,0.98618661,0.0014005782,0.82048014,0.0036890731,0.74162425,0.00522177,0.73934398,0.0069332179
,0.215,0.785,0.98618661,0.0014005782,0.81863336,0.0037196409,0.7399771,0.0052644611,0.7377261,0.0069890612
,0.216,0.784,0.98618661,0.0014005782,0.8167798,0.003750462,0.73832466,0.0053074801,0.73610361,0.0070453044
,0.217,0.783,0.98618661,0.0014005782,0.81491946,0.0037815393,0.73666694,0.0053508302,0.73447652,0.0071019511
,0.218,0.782,0.98618661,0.0014005782,0.81305232,0.0038128755,0.73500392,0.0053945149,0.73284483,0.0071590049
,0.219,0.781,0.98618661,0.0014005782,0.8111784,0.0038444733,0.73333562,0.0054385372,0.73120854,0.0072164696
,0.22,0.78,0.98618661,0.0014005782,0.80929769,0.0038763356,0.73166204,0.0054829007,0.72956765,0.0072743489
,0.221,0.779,0.98618661,0.0014005782,0.8074102,0.0039084652,0.72998319,0.0055276085,0.72792218,0.0073326467
,0.222,0.778,0.98618661,0.0014005782,0.80551594,0.0039408649,0.72829906,0.0055726642,0.72627212,0.0073913667
,0.223,0.777,0.98618661,0.0014005782,0.8036149,0.0039735376,0.72660966,0.0056180712,0.72461748,0.0074505128
,0.224,0.776,0.98618661,0.0014005782,0.8017071,0.0040064862,0.724915,0.0056638329,0.72295826,0.0075100889
,0.225,0.775,0.98618661,0.0014005782,0.79979253,0.0040397137,0.72321509,0.0057099527,0.72129448,0.0075700989
,0.226,0.774,0.98618661,0.0014005782,0.79787121,0.004073223,0.72150992,0.0057564343,0.71962613,0.0076305468
,0.227,0.773,0.98618661,0.0014005782,0.79594313,0.0041070172,0.71979951,0.0058032812,0.71795323,0.0076914364
,0.228,0.772,0.98618661,0.0014005782,0.79400832,0.0041410991,0.71808386,0.0058504969,0.71627578,0.0077527719
,0.229,0.771,0.98618661,0.0014005782,0.79206677,0.004175472,0.71636297,0.0058980851,0.71459379,0.0078145573
,0.23,0.77,0.98618661,0.0014005782,0.7901185,0.0042101389,0.71463687,0.0059460494,0.71290726,0.0078767967
,0.231,0.769,0.98618661,0.0014005782,0.78816351,0.0042451029,0.71290555,0.0059943935,0.71121621,0.0079394941
,0.232,0.768,0.98618661,0.0014005782,0.78620181,0.0042803672,0.71116903,0.0060431212,0.70952063,0.0080026538
,0.233,0.767,0.98618661,0.0014005782,0.78423342,0.0043159349,0.70942731,0.0060922361,0.70782055,0.0080662799
,0.234,0.766,0.98618661,0.0014005782,0.78225834,0.0043518093,0.7076804,0.0061417421,0.70611597,0.0081303767
,0.235,0.765,0.98618661,0.0014005782,0.78027659,0.0043879937,0.70592831,0.006191643,0.7044069,0.0081949483
,0.236,0.764,0.98618661,0.0014005782,0.77828818,0.0044244912,0.70417106,0.0062419426,0.70269335,0.0082599992
,0.237,0.763,0.98618661,0.0014005782,0.77629312,0.0044613052,0.70240866,0.0062926448,0.70097533,0.0083255336
,0.238,0.762,0.98618661,0.0014005782,0.77429144,0.0044984391,0.70064111,0.0063437536,0.69925285,0.0083915558
,0.239,0.761,0.98618661,0.0014005782,0.77228313,0.0045358962,0.69886843,0.006395273,0.69752592,0.0084580704
,0.24,0.76,0.98618661,0.0014005782,0.77026822,0.00457368,0.69709063,0.0064472068,0.69579455,0.0085250817
,0.241,0.759,0.98618661,0.0014005782,0.76824672,0.0046117939,0.69530772,0.0064995592,0.69405875,0.0085925943
,0.242,0.758,0.98618661,0.0014005782,0.76621865,0.0046502414,0.69351972,0.0065523343,0.69231855,0.0086606125
,0.243,0.757,0.98618661,0.0014005782,0.76418403,0.004689026,0.69172664,0.0066055361,0.69057394,0.0087291411
,0.244,0.756,0.98618661,0.0014005782,0.76214287,0.0047281513,0.6899285,0.0066591688,0.68882494,0.0087981845
,0.245,0.755,0.98618661,0.0014005782,0.76009519,0.0047676208,0.68812531,0.0067132366,0.68707157,0.0088677475
,0.246,0.754,0.98618661,0.0014005782,0.75804102,0.0048074383,0.68631708,0.0067677437,0.68531384,0.0089378346
,0.247,0.753,0.98618661,0.0014005782,0.75598036,0.0048476073,0.68450383,0.0068226944,0.68355176,0.0090084507
,0.248,0.752,0.98618661,0.0014005782,0.75391325,0.0048881316,0.68268559,0.0068780931,0.68178535,0.0090796003
,0.249,0.751,0.98618661,0.0014005782,0.7518397,0.0049290149,0.68086235,0.0069339439,0.68001462,0.0091512884
,0.25,0.75,0.98618661,0.0014005782,0.74975974,0.0049702609,0.67903415,0.0069902514,0.67823959,0.0092235198
,0.251,0.749,0.98618661,0.0014005782,0.74767338,0.0050118736,0.677201,0.00704702,0.67646027,0.0092962994
,0.252,0.748,0.98618661,0.0014005782,0.74558065,0.0050538568,0.67536291,0.0071042541,0.67467668,0.0093696319
,0.253,0.747,0.98618661,0.0014005782,0.74348158,0.0050962144,0.67351991,0.0071619582,0.67288883,0.0094435225
,0.254,0.746,0.98618661,0.0014005782,0.74137619,0.0051389503,0.67167202,0.007220137,0.67109675,0.0095179761
,0.255,0.745,0.98618661,0.0014005782,0.7392645,0.0051820684,0.66981925,0.0072787949,0.66930045,0.0095929978
,0.256,0.744,0.98618661,0.0014005782,0.73714653,0.0052255729,0.66796163,0.0073379367,0.66749994,0.0096685926
,0.257,0.743,0.98618661,0.0014005782,0.73502233,0.0052694678,0.66609917,0.0073975671,0.66569525,0.0097447657
,0.258,0.742,0.98618661,0.0014005782,0.73289191,0.0053137572,0.6642319,0.0074576906,0.66388639,0.0098215222
,0.259,0.741,0.98618661,0.0014005782,0.7307553,0.0053584451,0.66235983,0.0075183122,0.66207338,0.0098988673
,0.26,0.74,0.98618661,0.0014005782,0.72861253,0.005403536,0.660483,0.0075794366,0.66025625,0.0099768064
,0.261,0.739,0.98618661,0.0014005782,0.72646363,0.0054490338,0.65860142,0.0076410688,0.658435,0.010055345
,0.262,0.738,0.98618661,0.0014005782,0.72430863,0.005494943,0.65671512,0.0077032135,0.65660966,0.010134488
,0.263,0.737,0.98618661,0.0014005782,0.72214756,0.0055412679,0.65482411,0.0077658758,0.65478026,0.01021424
,0.264,0.736,0.98618661,0.0014005782,0.71998045,0.0055880127,0.65292843,0.0078290607,0.6529468,0.010294609
,0.265,0.735,0.98618661,0.0014005782,0.71780733,0.005635182,0.6510281,0.0078927731,0.65110932,0.010375598
,0.266,0.734,0.98618661,0.0014005782,0.71562823,0.0056827802,0.64912314,0.0079570183,0.64926783,0.010457213
,0.267,0.733,0.98618661,0.0014005782,0.7134432,0.0057308118,0.64721358,0.0080218013,0.64742236,0.010539461
,0.268,0.732,0.98618661,0.0014005782,0.71125226,0.0057792814,0.64529944,0.0080871274,0.64557292,0.010622346
,0.269,0.731,0.98618661,0.0014005782,0.70905544,0.0058281934,0.64338075,0.0081530017,0.64371954,0.010705874
,0.27,0.73,0.98618661,0.0014005782,0.70685279,0.0058775527,0.64145754,0.0082194295,0.64186225,0.010790052
,0.271,0.729,0.98618661,0.0014005782,0.70464434,0.0059273638,0.63952984,0.0082864163,0.64000106,0.010874884
,0.272,0.728,0.98618661,0.0014005782,0.70243012,0.0059776316,0.63759767,0.0083539673,0.63813601,0.010960377
,0.273,0.727,0.98618661,0.0014005782,0.70021018,0.0060283608,0.63566106,0.0084220881,0.6362671,0.011046537
,0.274,0.726,0.98618661,0.0014005782,0.69798454,0.0060795562,0.63372004,0.0084907841,0.63439438,0.011133369
,0.275,0.725,0.98618661,0.0014005782,0.69575326,0.0061312228,0.63177464,0.0085600608,0.63251786,0.011220879
,0.276,0.724,0.98618661,0.0014005782,0.69351636,0.0061833655,0.62982489,0.0086299239,0.63063757,0.011309074
,0.277,0.723,0.98618661,0.0014005782,0.6912739,0.0062359892,0.62787081,0.008700379,0.62875353,0.01139796
,0.278,0.722,0.98618661,0.0014005782,0.6890259,0.0062890991,0.62591245,0.0087714317,0.62686578,0.011487542
,0.279,0.721,0.98618661,0.0014005782,0.68677241,0.0063427003,0.62394983,0.008843088,0.62497433,0.011577826
,0.28,0.72,0.98618661,0.0014005782,0.68451348,0.0063967978,0.62198298,0.0089153534,0.62307922,0.01166882
,0.281,0.719,0.98618661,0.0014005782,0.68224914,0.0064513969,0.62001194,0.008988234,0.62118047,0.01176053
,0.282,0.718,0.98618661,0.0014005782,0.67997944,0.0065065029,0.61803674,0.0090617356,0.6192781,0.011852961
,0.283,0.717,0.98618661,0.0014005782,0.67770443,0.006562121,0.6160574,0.0091358642,0.61737216,0.01194612
,0.284,0.716,0.98618661,0.0014005782,0.67542414,0.0066182567,0.61407397,0.0092106259,0.61546266,0.012040013
,0.285,0.715,0.98618661,0.0014005782,0.67313862,0.0066749154,0.61208648,0.0092860266,0.61354963,0.012134648
,0.286,0.714,0.98618661,0.0014005782,0.67084793,0.0067321025,0.61009497,0.0093620727,0.61163311,0.01223003
,0.287,0.713,0.98618661,0.0014005782,0.6685521,0.0067898236,0.60809946,0.0094387702,0.60971312,0.012326167
,0.288,0.712,0.98618661,0.0014005782,0.66625118,0.0068480843,0.6061,0.0095161254,0.60778969,0.012423064
,0.289,0.711,0.98618661,0.0014005782,0.66394523,0.0069068903,0.60409661,0.0095941446,0.60586286,0.012520729
,0.29,0.71,0.98618661,0.0014005782,0.66163428,0.0069662472,0.60208934,0.0096728343,0.60393265,0.012619169
,0.291,0.709,0.98618661,0.0014005782,0.65931839,0.0070261609,0.60007823,0.0097522009,0.6019991,0.012718389
,0.292,0.708,0.98618661,0.0014005782,0.65699762,0.0070866372,0.59806331,0.0098322508,0.60006223,0.012818398
,0.293,0.707,0.98618661,0.0014005782,0.654672,0.007147682,0.59604461,0.0099129906,0.59812208,0.012919202
,0.294,0.706,0.98618661,0.0014005782,0.65234159,0.0072093012,0.59402218,0.009994427,0.59617868,0.013020809
,0.295,0.705,0.98618661,0.0014005782,0.65000645,0.0072715009,0.59199606,0.010076567,0.59423206,0.013123224
,0.296,0.704,0.98618661,0.0014005782,0.64766662,0.0073342872,0.58996628,0.010159416,0.59228226,0.013226456
,0.297,0.703,0.98618661,0.0014005782,0.64532216,0.0073976662,0.58793289,0.010242983,0.59032931,0.013330512
,0.298,0.702,0.98618661,0.0014005782,0.64297312,0.0074616441,0.58589592,0.010327273,0.58837324,0.013435398
,0.299,0.701,0.98618661,0.0014005782,0.64061956,0.0075262272,0.58385542,0.010412293,0.58641409,0.013541123
,0.3,0.7,0.98618661,0.0014005782,0.63826153,0.0075914219,0.58181142,0.010498051,0.58445189,0.013647693
,0.301,0.699,0.98618661,0.0014005782,0.63589908,0.0076572346,0.57976397,0.010584554,0.58248668,0.013755116
,0.302,0.698,0.98618661,0.0014005782,0.63353228,0.0077236717,0.57771311,0.010671809,0.58051849,0.0138634
,0.303,0.697,0.98618661,0.0014005782,0.63116118,0.0077907399,0.57565889,0.010759823,0.57854735,0.013972551
,0.304,0.696,0.98618661,0.0014005782,0.62878584,0.0078584456,0.57360133,0.010848603,0.57657331,0.014082579
,0.305,0.695,0.98618661,0.0014005782,0.62640631,0.0079267957,0.5715405,0.010938157,0.57459639,0.01419349
,0.306,0.694,0.98618661,0.0014005782,0.62402266,0.0079957968,0.56947643,0.011028492,0.57261665,0.014305293
,0.307,0.693,0.98618661,0.0014005782,0.62163494,0.0080654558,0.56740916,0.011119615,0.5706341,0.014417994
,0.308,0.692,0.98618661,0.0014005782,0.61924322,0.0081357796,0.56533875,0.011211535,0.56864879,0.014531603
,0.309,0.691,0.98618661,0.0014005782,0.61684755,0.0082067752,0.56326523,0.011304258,0.56666077,0.014646126
,0.31,0.69,0.98618661,0.0014005782,0.61444799,0.0082784496,0.56118865,0.011397792,0.56467005,0.014761573
,0.311,0.689,0.98618661,0.0014005782,0.61204461,0.0083508099,0.55910906,0.011492146,0.56267669,0.014877951
,0.312,0.688,0.98618661,0.0014005782,0.60963747,0.0084238633,0.5570265,0.011587327,0.56068072,0.014995268
,0.313,0.687,0.98618661,0.0014005782,0.60722663,0.0084976172,0.55494102,0.011683343,0.55868219,0.015113532
,0.314,0.686,0.98618661,0.0014005782,0.60481216,0.0085720788,0.55285267,0.011780202,0.55668112,0.015232753
,0.315,0.685,0.98618661,0.0014005782,0.60239411,0.0086472555,0.5507615,0.011877911,0.55467757,0.015352938
,0.316,0.684,0.98618661,0.0014005782,0.59997256,0.0087231549,0.54866754,0.01197648,0.55267156,0.015474096
,0.317,0.683,0.98618661,0.0014005782,0.59754756,0.0087997846,0.54657086,0.012075917,0.55066315,0.015596235
,0.318,0.682,0.98618661,0.0014005782,0.5951192,0.0088771522,0.5444715,0.012176229,0.54865237,0.015719364
,0.319,0.681,0.98618661,0.0014005782,0.59268752,0.0089552654,0.54236951,0.012277425,0.54663926,0.015843491
,0.32,0.68,0.98618661,0.0014005782,0.59025259,0.0090341321,0.54026493,0.012379513,0.54462387,0.015968626
,0.321,0.679,0.98618661,0.0014005782,0.5878145,0.0091137602,0.53815783,0.012482502,0.54260623,0.016094777
,0.322,0.678,0.96996266,0.0014504295,0.58537329,0.0091941576,0.53604824,0.012586402,0.54058639,0.016221953
,0.323,0.677,0.94117774,0.0015451865,0.58443326,0.009225296,0.53393622,0.012691219,0.53856439,0.016350163
,0.324,0.676,0.91038905,0.00165648,0.58443326,0.009225296,0.53182182,0.012796964,0.53654027,0.016479417
,0.325,0.675,0.87722671,0.0017894977,0.58443326,0.009225296,0.5297051,0.012903644,0.53451408,0.016609722
,0.326,0.674,0.84119716,0.0019519668,0.58443326,0.009225296,0.5275861,0.013011269,0.53248586,0.016741089
,0.327,0.673,0.80161788,0.0021559814,0.58443326,0.009225296,0.52546488,0.013119849,0.53045566,0.016873527
,0.328,0.672,0.7575007,0.0024217211,0.58443326,0.009225296,0.52334148,0.013229391,0.5284235,0.017007045
,0.329,0.671,0.7073243,0.0027858781,0.58443326,0.009225296,0.52121597,0.013339906,0.52638946,0.017141652
,0.33,0.67,0.64853403,0.0033238503,0.58443326,0.009225296,0.5190884,0.013451402,0.52435355,0.017277358
,0.331,0.669,0.57622884,0.004223023,0.58443326,0.009225296,0.51695881,0.013563889,0.52231584,0.017414173
,0.332,0.668,0.53422334,0.0049202692,0.58443326,0.009225296,0.51482727,0.013677376,0.52027636,0.017552107
,0.333,0.667,0.53422334,0.0049202692,0.58443326,0.009225296,0.51269382,0.013791873,0.51823517,0.017691169
,0.334,0.666,0.53422334,0.0049202692,0.58443326,0.009225296,0.51055853,0.01390739,0.5161923,0.017831368
,0.335,0.665,0.53422334,0.0049202692,0.58443326,0.009225296,0.50842145,0.014023936,0.5141478,0.017972716
,0.336,0.664,0.53422334,0.0049202692,0.58443326,0.009225296,0.50628263,0.014141521,0.51210173,0.018115221
,0.337,0.663,0.53422334,0.0049202692,0.58443326,0.009225296,0.50414213,0.014260155,0.51005412,0.018258894
,0.338,0.662,0.53422334,0.0049202692,0.58443326,0.009225296,0.502,0.014379848,0.50800502,0.018403746
,0.339,0.661,0.53422334,0.0049202692,0.58443326,0.009225296,0.49985631,0.01450061,0.50595449,0.018549786
,0.34,0.66,0.53422334,0.0049202692,0.58443326,0.009225296,0.4977111,0.014622451,0.50390256,0.018697025
,0.341,0.659,0.53422334,0.0049202692,0.58443326,0.009225296,0.49556444,0.014745382,0.50184929,0.018845473
,0.342,0.658,0.53422334,0.0049202692,0.58443326,0.009225296,0.49341639,0.014869412,0.49979472,0.018995141
,0.343,0.657,0.53422334,0.0049202692,0.58443326,0.009225296,0.491267,0.014994554,0.4977389,0.019146039
,0.344,0.656,0.53422334,0.0049202692,0.58443326,0.009225296,0.48911632,0.015120816,0.49568189,0.019298178
,0.345,0.655,0.53422334,0.0049202692,0.58443326,0.009225296,0.48696443,0.015248209,0.49362372,0.019451569
,0.346,0.654,0.53422334,0.0049202692,0.58443326,0.009225296,0.48481137,0.015376745,0.49156445,0.019606224
,0.347,0.653,0.53422334,0.0049202692,0.58443326,0.009225296,0.4826572,0.015506435,0.48950413,0.019762151
,0.348,0.652,0.53422334,0.0049202692,0.58443326,0.009225296,0.48050199,0.015637288,0.4874428,0.019919364
,0.349,0.651,0.53422334,0.0049202692,0.58443326,0.009225296,0.4783458,0.015769317,0.48538053,0.020077873
,0.35,0.65,0.53422334,0.0049202692,0.58443326,0.009225296,0.47618867,0.015902532,0.48331734,0.020237688
,0.351,0.649,0.53422334,0.0049202692,0.58443326,0.009225296,0.47403069,0.016036946,0.48125331,0.020398823
,0.352,0.648,0.53422334,0.0049202692,0.58443326,0.009225296,0.47187189,0.016172568,0.47918847,0.020561287
,0.353,0.647,0.53422334,0.0049202692,0.58443326,0.009225296,0.46971235,0.016309411,0.47712289,0.020725093
,0.354,0.646,0.53422334,0.0049202692,0.58443326,0.009225296,0.46755213,0.016447486,0.4750566,0.020890253
,0.355,0.645,0.53422334,0.0049202692,0.58443326,0.009225296,0.46539129,0.016586806,0.47298966,0.021056777
,0.356,0.644,0.53422334,0.0049202692,0.58443326,0.009225296,0.46322988,0.016727381,0.47092212,0.021224678
,0.357,0.643,0.53422334,0.0049202692,0.58443326,0.009225296,0.46106797,0.016869223,0.46885404,0.021393967
,0.358,0.642,0.53422334,0.0049202692,0.58443326,0.009225296,0.45890563,0.017012346,0.46678547,0.021564658
,0.359,0.641,0.53422334,0.0049202692,0.58443326,0.009225296,0.45674291,0.017156761,0.46471645,0.021736761
,0.36,0.64,0.53422334,0.0049202692,0.58443326,0.009225296,0.45457987,0.017302479,0.46264704,0.021910289
,0.361,0.639,0.53422334,0.0049202692,0.58443326,0.009225296,0.45241659,0.017449514,0.46057729,0.022085254
,0.362,0.638,0.53422334,0.0049202692,0.58443326,0.009225296,0.45025311,0.017597879,0.45850726,0.022261669
,0.363,0.637,0.53422334,0.0049202692,0.58443326,0.009225296,0.44808951,0.017747584,0.45643699,0.022439547
,0.364,0.636,0.53422334,0.0049202692,0.58443326,0.009225296,0.44592585,0.017898644,0.45436655,0.022618899
,0.365,0.635,0.53422334,0.0049202692,0.58443326,0.009225296,0.44376219,0.018051072,0.45229598,0.022799739
,0.366,0.634,0.53422334,0.0049202692,0.58443326,0.009225296,0.44159859,0.018204879,0.45022533,0.02298208
,0.367,0.633,0.53422334,0.0049202692,0.58443326,0.009225296,0.43943512,0.01836008,0.44815467,0.023165934
,0.368,0.632,0.53422334,0.0049202692,0.58443326,0.009225296,0.43727185,0.018516687,0.44608404,0.023351314
,0.369,0.631,0.53422334,0.0049202692,0.58443326,0.009225296,0.43510883,0.018674714,0.4440135,0.023538234
,0.37,0.63,0.53422334,0.0049202692,0.58443326,0.009225296,0.43294613,0.018834174,0.44194311,0.023726707
,0.371,0.629,0.53422334,0.0049202692,0.58443326,0.009225296,0.43078381,0.018995081,0.4398729,0.023916747
,0.372,0.628,0.53422334,0.0049202692,0.58443326,0.009225296,0.42862195,0.019157448,0.43780296,0.024108366
,0.373,0.627,0.53422334,0.0049202692,0.58443326,0.009225296,0.4264606,0.019321289,0.43573331,0.024301578
,0.374,0.626,0.53422334,0.0049202692,0.58443326,0.009225296,0.42429982,0.019486619,0.43366403,0.024496398
,0.375,0.625,0.53422334,0.0049202692,0.58443326,0.009225296,0.42213969,0.019653451,0.43159516,0.024692838
,0.376,0.624,0.53422334,0.0049202692,0.58443326,0.009225296,0.41998027,0.019821799,0.42952676,0.024890913
,0.377,0.623,0.53422334,0.0049202692,0.58443326,0.009225296,0.41782163,0.019991678,0.42745888,0.025090637
,0.378,0.622,0.53422334,0.0049202692,0.58443326,0.009225296,0.41566382,0.020163102,0.42539159,0.025292024
,0.379,0.621,0.53422334,0.0049202692,0.58443326,0.009225296,0.41350692,0.020336086,0.42332493,0.025495088
,0.38,0.62,0.53422334,0.0049202692,0.58443326,0.009225296,0.41135099,0.020510645,0.42125896,0.025699844
,0.381,0.619,0.53422334,0.0049202692,0.58443326,0.009225296,0.4091961,0.020686792,0.41919374,0.025906306
,0.382,0.618,0.53422334,0.0049202692,0.58443326,0.009225296,0.4070423,0.020864545,0.41712932,0.026114489
,0.383,0.617,0.53422334,0.0049202692,0.58443326,0.009225296,0.40488968,0.021043916,0.41506575,0.026324407
,0.384,0.616,0.53422334,0.0049202692,0.58443326,0.009225296,0.40273829,0.021224923,0.4130031,0.026536075
,0.385,0.615,0.53422334,0.0049202692,0.58443326,0.009225296,0.4005882,0.021407579,0.41094142,0.026749509
,0.386,0.614,0.53422334,0.0049202692,0.58443326,0.009225296,0.39843947,0.021591902,0.40888077,0.026964723
,0.387,0.613,0.53422334,0.0049202692,0.58443326,0.009225296,0.39629218,0.021777905,0.40682119,0.027181733
,0.388,0.612,0.53422334,0.0049202692,0.58443326,0.009225296,0.39414638,0.021965606,0.40476275,0.027400554
,0.389,0.611,0.53422334,0.0049202692,0.58443326,0.009225296,0.39200215,0.02215502,0.40270551,0.027621201
,0.39,0.61,0.53422334,0.0049202692,0.58443326,0.009225296,0.38985955,0.022346163,0.40064952,0.02784369
,0.391,0.609,0.53422334,0.0049202692,0.58443326,0.009225296,0.38771865,0.022539052,0.39859483,0.028068037
,0.392,0.608,0.53422334,0.0049202692,0.58443326,0.009225296,0.38557951,0.022733703,0.3965415,0.028294258
,0.393,0.607,0.53422334,0.0049202692,0.58443326,0.009225296,0.3834422,0.022930132,0.3944896,0.028522368
,0.394,0.606,0.53422334,0.0049202692,0.58443326,0.009225296,0.38130678,0.023128357,0.39243917,0.028752383
,0.395,0.605,0.53422334,0.0049202692,0.58443326,0.009225296,0.38014046,0.023237465,0.39039027,0.028984321
,0.396,0.604,0.53422334,0.0049202692,0.58443326,0.009225296,0.38014046,0.023237465,0.38834296,0.029218196
,0.397,0.603,0.53422334,0.0049202692,0.58443326,0.009225296,0.38014046,0.023237465,0.38629729,0.029454026
,0.398,0.602,0.53422334,0.0049202692,0.58443326,0.009225296,0.38014046,0.023237465,0.38425333,0.029691828
,0.399,0.601,0.53422334,0.0049202692,0.58443326,0.009225296,0.38014046,0.023237465,0.38221113,0.029931617
,0.4,0.6,0.53422334,0.0049202692,0.58443326,0.009225296,0.38014046,0.023237465,0.38017074,0.030173412
,0.401,0.599,0.53422334,0.0049202692,0.58443326,0.009225296,0.38014046,0.023237465,0.37813222,0.030417228
,0.402,0.598,0.53422334,0.0049202692,0.58443326,0.009225296,0.38014046,0.023237465,0.37609563,0.030663083
,0.403,0.597,0.53422334,0.0049202692,0.58443326,0.009225296,0.38014046,0.023237465,0.37406102,0.030910994
,0.404,0.596,0.53422334,0.0049202692,0.58443326,0.009225296,0.38014046,0.023237465,0.37202846,0.031160979
,0.405,0.595,0.53422334,0.0049202692,0.58443326,0.009225296,0.38014046,0.023237465,0.369998,0.031413055
,0.406,0.594,0.53422334,0.0049202692,0.58443326,0.009225296,0.38014046,0.023237465,0.36796969,0.031667241
,0.407,0.593,0.53422334,0.0049202692,0.58443326,0.009225296,0.38014046,0.023237465,0.36594359,0.031923552
,0.408,0.592,0.53422334,0.0049202692,0.58443326,0.009225296,0.38014046,0.023237465,0.36391976,0.032182009
,0.409,0.591,0.53422334,0.0049202692,0.58443326,0.009225296,0.38014046,0.023237465,0.36189825,0.032442628
,0.41,0.59,0.53422334,0.0049202692,0.58443326,0.009225296,0.38014046,0.023237465,0.35987913,0.032705429
,0.411,0.589,0.53422334,0.0049202692,0.58443326,0.009225296,0.38014046,0.023237465,0.35786244,0.032970428
,0.412,0.588,0.53422334,0.0049202692,0.58443326,0.009225296,0.38014046,0.023237465,0.35584824,0.033237646
,0.413,0.587,0.53422334,0.0049202692,0.58443326,0.009225296,0.38014046,0.023237465,0.3538366,0.0335071
,0.414,0.586,0.53422334,0.0049202692,0.58443326,0.009225296,0.38014046,0.023237465,0.35182756,0.03377881
,0.415,0.585,0.53422334,0.0049202692,0.58443326,0.009225296,0.38014046,0.023237465,0.34982119,0.034052794
,0.416,0.584,0.53422334,0.0049202692,0.58443326,0.009225296,0.38014046,0.023237465,0.34781753,0.034329072
,0.417,0.583,0.53422334,0.0049202692,0.58443326,0.009225296,0.38014046,0.023237465,0.34581665,0.034607662
,0.418,0.582,0.53422334,0.0049202692,0.58443326,0.009225296,0.38014046,0.023237465,0.3438186,0.034888584
,0.419,0.581,0.53422334,0.0049202692,0.58443326,0.009225296,0.38014046,0.023237465,0.34182344,0.035171858
,0.42,0.58,0.53422334,0.0049202692,0.58443326,0.009225296,0.38014046,0.023237465,0.33983122,0.035457504
,0.421,0.579,0.53422334,0.0049202692,0.58443326,0.009225296,0.38014046,0.023237465,0.33784199,0.035745541
,0.422,0.578,0.53422334,0.0049202692,0.58443326,0.009225296,0.38014046,0.023237465,0.33585582,0.036035988
,0.423,0.577,0.53422334,0.0049202692,0.58443326,0.009225296,0.38014046,0.023237465,0.33387276,0.036328868
,0.424,0.576,0.53422334,0.0049202692,0.58443326,0.009225296,0.38014046,0.023237465,0.33189286,0.036624199
,0.425,0.575,0.53422334,0.0049202692,0.58443326,0.009225296,0.38014046,0.023237465,0.32991619,0.036922002
,0.426,0.574,0.53422334,0.0049202692,0.58443326,0.009225296,0.38014046,0.023237465,0.32794278,0.037222298
,0.427,0.573,0.53422334,0.0049202692,0.58443326,0.009225296,0.38014046,0.023237465,0.32597271,0.037525108
,0.428,0.572,0.53422334,0.0049202692,0.58443326,0.009225296,0.38014046,0.023237465,0.32400602,0.037830452
,0.429,0.571,0.53422334,0.0049202692,0.58443326,0.009225296,0.38014046,0.023237465,0.32204278,0.038138352
,0.43,0.57,0.53422334,0.0049202692,0.58443326,0.009225296,0.38014046,0.023237465,0.32008302,0.038448829
,0.431,0.569,0.53422334,0.0049202692,0.58443326,0.009225296,0.38014046,0.023237465,0.31812681,0.038761904
,0.432,0.568,0.53422334,0.0049202692,0.58443326,0.009225296,0.38014046,0.023237465,0.31617421,0.039077599
,0.433,0.567,0.53422334,0.0049202692,0.58443326,0.009225296,0.38014046,0.023237465,0.31422526,0.039395935
,0.434,0.566,0.53422334,0.0049202692,0.58443326,0.009225296,0.38014046,0.023237465,0.31228002,0.039716935
,0.435,0.565,0.53422334,0.0049202692,0.58443326,0.009225296,0.38014046,0.023237465,0.31033854,0.04004062
,0.436,0.564,0.53422334,0.0049202692,0.58443326,0.009225296,0.38014046,0.023237465,0.30840089,0.040367013
,0.437,0.563,0.53422334,0.0049202692,0.58443326,0.009225296,0.38014046,0.023237465,0.3064671,0.040696137
,0.438,0.562,0.53422334,0.0049202692,0.58443326,0.009225296,0.38014046,0.023237465,0.30453724,0.041028013
,0.439,0.561,0.53422334,0.0049202692,0.58443326,0.009225296,0.38014046,0.023237465,0.30261135,0.041362664
,0.44,0.56,0.53422334,0.0049202692,0.58443326,0.009225296,0.38014046,0.023237465,0.30068949,0.041700114
,0.441,0.559,0.53422334,0.0049202692,0.58443326,0.009225296,0.38014046,0.023237465,0.29877172,0.042040386
,0.442,0.558,0.53422334,0.0049202692,0.58443326,0.009225296,0.38014046,0.023237465,0.29685807,0.042383501
,0.443,0.557,0.53422334,0.0049202692,0.58443326,0.009225296,0.38014046,0.023237465,0.29494862,0.042729485
,0.444,0.556,0.53422334,0.0049202692,0.58443326,0.009225296,0.38014046,0.023237465,0.2930434,0.043078361
,0.445,0.555,0.53422334,0.0049202692,0.58443326,0.009225296,0.38014046,0.023237465,0.29114247,0.043430152
,0.446,0.554,0.53422334,0.0049202692,0.58443326,0.009225296,0.38014046,0.023237465,0.28924589,0.043784882
,0.447,0.553,0.53422334,0.0049202692,0.58443326,0.009225296,0.38014046,0.023237465,0.28735369,0.044142575
,0.448,0.552,0.53422334,0.0049202692,0.58443326,0.009225296,0.38014046,0.023237465,0.28546594,0.044503256
,0.449,0.551,0.53422334,0.0049202692,0.58443326,0.009225296,0.38014046,0.023237465,0.28358268,0.04486695
,0.45,0.55,0.53422334,0.0049202692,0.58443326,0.009225296,0.38014046,0.023237465,0.28170397,0.045233679
,0.451,0.549,0.53422334,0.0049202692,0.58443326,0.009225296,0.38014046,0.023237465,0.27982985,0.045603471
,0.452,0.548,0.53422334,0.0049202692,0.58443326,0.009225296,0.38014046,0.023237465,0.27796037,0.045976349
,0.453,0.547,0.53422334,0.0049202692,0.58443326,0.009225296,0.38014046,0.023237465,0.27609559,0.046352338
,0.454,0.546,0.53422334,0.0049202692,0.58443326,0.009225296,0.38014046,0.023237465,0.27423555,0.046731465
,0.455,0.545,0.53422334,0.0049202692,0.58443326,0.009225296,0.38014046,0.023237465,0.2723803,0.047113754
,0.456,0.544,0.53422334,0.0049202692,0.58443326,0.009225296,0.38014046,0.023237465,0.27052989,0.047499231
,0.457,0.543,0.53422334,0.0049202692,0.58443326,0.009225296,0.38014046,0.023237465,0.26868437,0.047887922
,0.458,0.542,0.53422334,0.0049202692,0.58443326,0.009225296,0.38014046,0.023237465,0.26684379,0.048279854
,0.459,0.541,0.53422334,0.0049202692,0.58443326,0.009225296,0.38014046,0.023237465,0.2650082,0.048675052
,0.46,0.54,0.53422334,0.0049202692,0.58443326,0.009225296,0.38014046,0.023237465,0.26317763,0.049073542
,0.461,0.539,0.53422334,0.0049202692,0.58443326,0.009225296,0.38014046,0.023237465,0.26135214,0.049475352
,0.462,0.538,0.53422334,0.0049202692,0.58443326,0.009225296,0.38014046,0.023237465,0.25953178,0.049880509
,0.463,0.537,0.53422334,0.0049202692,0.58443326,0.009225296,0.38014046,0.023237465,0.2577166,0.050289039
,0.464,0.536,0.53422334,0.0049202692,0.58443326,0.009225296,0.38014046,0.023237465,0.25590663,0.050700969
,0.465,0.535,0.53422334,0.0049202692,0.58443326,0.009225296,0.38014046,0.023237465,0.25410193,0.051116327
,0.466,0.534,0.53422334,0.0049202692,0.58443326,0.009225296,0.38014046,0.023237465,0.25230253,0.051535141
,0.467,0.533,0.53422334,0.0049202692,0.58443326,0.009225296,0.38014046,0.023237465,0.2505085,0.051957437
,0.468,0.532,0.53422334,0.0049202692,0.58443326,0.009225296,0.38014046,0.023237465,0.24873365,0.052379944
,0.469,0.531,0.53422334,0.0049202692,0.58443326,0.009225296,0.38014046,0.023237465,0.24873365,0.052379944
,0.47,0.53,0.53422334,0.0049202692,0.58443326,0.009225296,0.38014046,0.023237465,0.24873365,0.052379944
,0.471,0.529,0.53422334,0.0049202692,0.58443326,0.009225296,0.38014046,0.023237465,0.24873365,0.052379944
,0.472,0.528,0.53422334,0.0049202692,0.58443326,0.009225296,0.38014046,0.023237465,0.24873365,0.052379944
,0.473,0.527,0.53422334,0.0049202692,0.58443326,0.009225296,0.38014046,0.023237465,0.24873365,0.052379944
,0.474,0.526,0.53422334,0.0049202692,0.58443326,0.009225296,0.38014046,0.023237465,0.24873365,0.052379944
,0.475,0.525,0.53422334,0.0049202692,0.58443326,0.009225296,0.38014046,0.023237465,0.24873365,0.052379944
,0.476,0.524,0.53422334,0.0049202692,0.58443326,0.009225296,0.38014046,0.023237465,0.24873365,0.052379944
,0.477,0.523,0.53422334,0.0049202692,0.58443326,0.009225296,0.38014046,0.023237465,0.24873365,0.052379944
,0.478,0.522,0.53422334,0.0049202692,0.58443326,0.009225296,0.38014046,0.023237465,0.24873365,0.052379944
,0.479,0.521,0.53422334,0.0049202692,0.58443326,0.009225296,0.38014046,0.023237465,0.24873365,0.052379944
,0.48,0.52,0.53422334,0.0049202692,0.58443326,0.009225296,0.38014046,0.023237465,0.24873365,0.052379944
,0.481,0.519,0.53422334,0.0049202692,0.58443326,0.009225296,0.38014046,0.023237465,0.24873365,0.052379944
,0.482,0.518,0.53422334,0.0049202692,0.58443326,0.009225296,0.38014046,0.023237465,0.24873365,0.052379944
,0.483,0.517,0.53422334,0.0049202692,0.58443326,0.009225296,0.38014046,0.023237465,0.24873365,0.052379944
,0.484,0.516,0.53422334,0.0049202692,0.58443326,0.009225296,0.38014046,0.023237465,0.24873365,0.052379944
,0.485,0.515,0.53422334,0.0049202692,0.58443326,0.009225296,0.38014046,0.023237465,0.24873365,0.052379944
,0.486,0.514,0.53422334,0.0049202692,0.58443326,0.009225296,0.38014046,0.023237465,0.24873365,0.052379944
,0.487,0.513,0.53422334,0.0049202692,0.58443326,0.009225296,0.38014046,0.023237465,0.24873365,0.052379944
,0.488,0.512,0.53422334,0.0049202692,0.58443326,0.009225296,0.38014046,0.023237465,0.24873365,0.052379944
,0.489,0.511,0.53422334,0.0049202692,0.58443326,0.009225296,0.38014046,0.023237465,0.24873365,0.052379944
,0.49,0.51,0.53422334,0.0049202692,0.58443326,0.009225296,0.38014046,0.023237465,0.24873365,0.052379944
,0.491,0.509,0.53422334,0.0049202692,0.58443326,0.009225296,0.38014046,0.023237465,0.24873365,0.052379944
,0.492,0.508,0.53422334,0.0049202692,0.58443326,0.009225296,0.38014046,0.023237465,0.24873365,0.052379944
,0.493,0.507,0.53422334,0.0049202692,0.58443326,0.009225296,0.38014046,0.023237465,0.24873365,0.052379944
,0.494,0.506,0.53422334,0.0049202692,0.58443326,0.009225296,0.38014046,0.023237465,0.24873365,0.052379944
,0.495,0.505,0.53422334,0.0049202692,0.58443326,0.009225296,0.38014046,0.023237465,0.24873365,0.052379944
,0.496,0.504,0.53422334,0.0049202692,0.58443326,0.009225296,0.38014046,0.023237465,0.24873365,0.052379944
,0.497,0.503,0.53422334,0.0049202692,0.58443326,0.009225296,0.38014046,0.023237465,0.24873365,0.052379944
,0.498,0.502,0.53422334,0.0049202692,0.58443326,0.009225296,0.38014046,0.023237465,0.24873365,0.052379944
,0.499,0.501,0.53422334,0.0049202692,0.58443326,0.009225296,0.38014046,0.023237465,0.24873365,0.052379944
,0.5,0.5,0.53422334,0.0049202692,0.58443326,0.009225296,0.38014046,0.023237465,0.24873365,0.052379944
,0.501,0.499,0.53422334,0.0049202692,0.58443326,0.009225296,0.38014046,0.023237465,0.24873365,0.052379944
,0.502,0.498,0.53422334,0.0049202692,0.58443326,0.009225296,0.38014046,0.023237465,0.24873365,0.052379944
,0.503,0.497,0.50079241,0.0052449126,0.58443326,0.009225296,0.38014046,0.023237465,0.24873365,0.052379944
,0.504,0.496,0.42727493,0.0061338893,0.58443326,0.009225296,0.38014046,0.023237465,0.24873365,0.052379944
,0.505,0.495,0.37649442,0.0069455734,0.58443326,0.009225296,0.38014046,0.023237465,0.24873365,0.052379944
,0.506,0.494,0.33857989,0.0077055699,0.58443326,0.009225296,0.38014046,0.023237465,0.24873365,0.052379944
,0.507,0.493,0.31946186,0.0081548945,0.54890523,0.0098062625,0.38014046,0.023237465,0.24873365,0.052379944
,0.508,0.492,0.31946186,0.0081548945,0.50625939,0.010606959,0.38014046,0.023237465,0.24873365,0.052379944
,0.509,0.491,0.31946186,0.0081548945,0.47060484,0.011382778,0.38014046,0.023237465,0.24873365,0.052379944
,0.51,0.49,0.31946186,0.0081548945,0.44017469,0.012139415,0.38014046,0.023237465,0.24873365,0.052379944
,0.511,0.489,0.31946186,0.0081548945,0.42287457,0.012615577,0.38014046,0.023237465,0.24873365,0.052379944
,0.512,0.488,0.31946186,0.0081548945,0.42287457,0.012615577,0.38014046,0.023237465,0.24873365,0.052379944
,0.513,0.487,0.31946186,0.0081548945,0.42287457,0.012615577,0.38014046,0.023237465,0.24873365,0.052379944
,0.514,0.486,0.31946186,0.0081548945,0.42287457,0.012615577,0.38014046,0.023237465,0.24873365,0.052379944
,0.515,0.485,0.31946186,0.0081548945,0.42287457,0.012615577,0.38014046,0.023237465,0.24873365,0.052379944
,0.516,0.484,0.31946186,0.0081548945,0.42287457,0.012615577,0.38014046,0.023237465,0.24873365,0.052379944
,0.517,0.483,0.31946186,0.0081548945,0.42287457,0.012615577,0.38014046,0.023237465,0.24873365,0.052379944
,0.518,0.482,0.31946186,0.0081548945,0.42287457,0.012615577,0.38014046,0.023237465,0.24873365,0.052379944
,0.519,0.481,0.31946186,0.0081548945,0.42287457,0.012615577,0.38014046,0.023237465,0.24873365,0.052379944
,0.52,0.48,0.31946186,0.0081548945,0.42287457,0.012615577,0.38014046,0.023237465,0.24873365,0.052379944
,0.521,0.479,0.31946186,0.0081548945,0.42287457,0.012615577,0.38014046,0.023237465,0.24873365,0.052379944
,0.522,0.478,0.31946186,0.0081548945,0.42287457,0.012615577,0.38014046,0.023237465,0.24873365,0.052379944
,0.523,0.477,0.31946186,0.0081548945,0.42287457,0.012615577,0.38014046,0.023237465,0.24873365,0.052379944
,0.524,0.476,0.31946186,0.0081548945,0.42287457,0.012615577,0.38014046,0.023237465,0.24873365,0.052379944
,0.525,0.475,0.31946186,0.0081548945,0.42287457,0.012615577,0.38014046,0.023237465,0.24873365,0.052379944
,0.526,0.474,0.31946186,0.0081548945,0.42287457,0.012615577,0.38014046,0.023237465,0.24873365,0.052379944
,0.527,0.473,0.31946186,0.0081548945,0.42287457,0.012615577,0.38014046,0.023237465,0.24873365,0.052379944
,0.528,0.472,0.31946186,0.0081548945,0.42287457,0.012615577,0.38014046,0.023237465,0.24873365,0.052379944
,0.529,0.471,0.31946186,0.0081548945,0.42287457,0.012615577,0.38014046,0.023237465,0.24873365,0.052379944
,0.53,0.47,0.31946186,0.0081548945,0.42287457,0.012615577,0.38014046,0.023237465,0.24873365,0.052379944
,0.531,0.469,0.31946186,0.0081548945,0.42287457,0.012615577,0.38014046,0.023237465,0.24873365,0.052379944
,0.532,0.468,0.31946186,0.0081548945,0.42287457,0.012615577,0.38014046,0.023237465,0.24873365,0.052379944
,0.533,0.467,0.31946186,0.0081548945,0.42287457,0.012615577,0.38014046,0.023237465,0.24873365,0.052379944
,0.534,0.466,0.31946186,0.0081548945,0.42287457,0.012615577,0.38014046,0.023237465,0.24873365,0.052379944
,0.535,0.465,0.31946186,0.0081548945,0.42287457,0.012615577,0.38014046,0.023237465,0.24873365,0.052379944
,0.536,0.464,0.31946186,0.0081548945,0.42287457,0.012615577,0.38014046,0.023237465,0.24873365,0.052379944
,0.537,0.463,0.31946186,0.0081548945,0.42287457,0.012615577,0.38014046,0.023237465,0.24873365,0.052379944
,0.538,0.462,0.31946186,0.0081548945,0.42287457,0.012615577,0.38014046,0.023237465,0.24873365,0.052379944
,0.539,0.461,0.31946186,0.0081548945,0.42287457,0.012615577,0.38014046,0.023237465,0.24873365,0.052379944
,0.54,0.46,0.31946186,0.0081548945,0.42287457,0.012615577,0.38014046,0.023237465,0.24873365,0.052379944
,0.541,0.459,0.31946186,0.0081548945,0.42287457,0.012615577,0.38014046,0.023237465,0.24873365,0.052379944
,0.542,0.458,0.31946186,0.0081548945,0.42287457,0.012615577,0.38014046,0.023237465,0.24873365,0.052379944
,0.543,0.457,0.31946186,0.0081548945,0.42287457,0.012615577,0.38014046,0.023237465,0.24873365,0.052379944
,0.544,0.456,0.31946186,0.0081548945,0.42272277,0.012619374,0.38014046,0.023237465,0.24873365,0.052379944
,0.545,0.455,0.31946186,0.0081548945,0.39893992,0.013245717,0.38014046,0.023237465,0.24873365,0.052379944
,0.546,0.454,0.31946186,0.0081548945,0.3765384,0.013899106,0.38014046,0.023237465,0.24873365,0.052379944
,0.547,0.453,0.31946186,0.0081548945,0.35543086,0.014580669,0.38014046,0.023237465,0.24873365,0.052379944
,0.548,0.452,0.31946186,0.0081548945,0.33553583,0.015291602,0.38014046,0.023237465,0.24873365,0.052379944
,0.549,0.451,0.31946186,0.0081548945,0.31677734,0.016033168,0.38014046,0.023237465,0.24873365,0.052379944
,0.55,0.45,0.11794922,0.018427448,0.29908466,0.0168067,0.38014046,0.023237465,0.24873365,0.052379944
,0.551,0.449,0.11794922,0.018427448,0.28239191,0.017613606,0.38014046,0.023237465,0.24873365,0.052379944
,0.552,0.448,0.11794922,0.018427448,0.26663779,0.018455369,0.36855432,0.023829263,0.24873365,0.052379944
,0.553,0.447,0.11794922,0.018427448,0.2517652,0.019333553,0.34805125,0.024960008,0.24873365,0.052379944
,0.554,0.446,0.11794922,0.018427448,0.237721,0.020249805,0.3286788,0.026140158,0.24873365,0.052379944
,0.555,0.445,0.11794922,0.018427448,0.22445565,0.021205861,0.31037167,0.027371915,0.24873365,0.052379944
,0.556,0.444,0.11794922,0.018427448,0.21192301,0.022203547,0.29306858,0.028657607,0.24873365,0.052379944
,0.557,0.443,0.11794922,0.018427448,0.20008002,0.023244787,0.276712,0.029999689,0.24873365,0.052379944
,0.558,0.442,0.11794922,0.018427448,0.18888653,0.024331607,0.26124796,0.031400751,0.24873365,0.052379944
,0.559,0.441,0.11794922,0.018427448,0.17830502,0.025466141,0.24662584,0.032863523,0.24873365,0.052379944
,0.56,0.44,0.11794922,0.018427448,0.16830043,0.026650635,0.23279815,0.034390886,0.24873365,0.052379944
,0.561,0.439,0.11794922,0.018427448,0.15883999,0.027887457,0.21972032,0.035985877,0.24873365,0.052379944
,0.562,0.438,0.11794922,0.018427448,0.14989302,0.029179098,0.20735054,0.037651699,0.24873365,0.052379944
,0.563,0.437,0.11794922,0.018427448,0.14143077,0.030528187,0.19564956,0.039391728,0.24873365,0.052379944
,0.564,0.436,0.11794922,0.018427448,0.13342633,0.031937492,0.1845805,0.041209525,0.24873365,0.052379944
,0.565,0.435,0.11794922,0.018427448,0.13152619,0.032293414,0.17410872,0.043108847,0.24466216,0.053050164
,0.566,0.434,0.11794922,0.018427448,0.13152619,0.032293414,0.16420165,0.045093655,0.23074963,0.055490998
,0.567,0.433,0.11794922,0.018427448,0.13152619,0.032293414,0.15482867,0.047168131,0.21758523,0.058042304
,0.568,0.432,0.11794922,0.018427448,0.13152619,0.032293414,0.14596095,0.049336687,0.20512896,0.060709494
,0.569,0.431,0.11794922,0.018427448,0.13152619,0.032293414,0.13757137,0.051603981,0.1933431,0.063498285
,0.57,0.43,0.11794922,0.018427448,0.13152619,0.032293414,0.12963435,0.053974933,0.18219205,0.066414714
,0.571,0.429,0.11794922,0.018427448,0.13152619,0.032293414,0.1221258,0.056454737,0.17164222,0.069465163
,0.572,0.428,0.11794922,0.018427448,0.13152619,0.032293414,0.11502302,0.059048884,0.16166188,0.072656376
,0.573,0.427,0.11794922,0.018427448,0.13152619,0.032293414,0.10830455,0.061763177,0.15222106,0.075995482
,0.574,0.426,0.11794922,0.018427448,0.13152619,0.032293414,0.10195015,0.064603749,0.14329147,0.079490022
,0.575,0.425,0.11794922,0.018427448,0.13152619,0.032293414,0.095940732,0.067577091,0.13484634,0.083147973
,0.576,0.424,0.11794922,0.018427448,0.13152619,0.032293414,0.090508317,0.070546211,0.12686036,0.086977775
,0.577,0.423,0.11794922,0.018427448,0.13152619,0.032293414,0.090508317,0.070546211,0.12200372,0.089509934
,0.578,0.422,0.11794922,0.018427448,0.13152619,0.032293414,0.090508317,0.070546211,0.12200372,0.089509934
,0.579,0.421,0.11794922,0.018427448,0.13152619,0.032293414,0.090508317,0.070546211,0.12200372,0.089509934
,0.58,0.42,0.11794922,0.018427448,0.13152619,0.032293414,0.090508317,0.070546211,0.12200372,0.089509934
,0.581,0.419,0.11794922,0.018427448,0.13152619,0.032293414,0.090508317,0.070546211,0.12200372,0.089509934
,0.582,0.418,0.11794922,0.018427448,0.13152619,0.032293414,0.090508317,0.070546211,0.12200372,0.089509934
,0.583,0.417,0.11794922,0.018427448,0.13152619,0.032293414,0.090508317,0.070546211,0.12200372,0.089509934
,0.584,0.416,0.11794922,0.018427448,0.13152619,0.032293414,0.090508317,0.070546211,0.12200372,0.089509934
,0.585,0.415,0.11794922,0.018427448,0.13152619,0.032293414,0.090508317,0.070546211,0.12200372,0.089509934
,0.586,0.414,0.11794922,0.018427448,0.13152619,0.032293414,0.090508317,0.070546211,0.12200372,0.089509934
,0.587,0.413,0.11794922,0.018427448,0.13152619,0.032293414,0.090508317,0.070546211,0.12200372,0.089509934
,0.588,0.412,0.11794922,0.018427448,0.13152619,0.032293414,0.090508317,0.070546211,0.12200372,0.089509934
,0.589,0.411,0.11794922,0.018427448,0.13152619,0.032293414,0.090508317,0.070546211,0.12200372,0.089509934
,0.59,0.41,0.11794922,0.018427448,0.13152619,0.032293414,0.090508317,0.070546211,0.12200372,0.089509934
,0.591,0.409,0.11794922,0.018427448,0.13152619,0.032293414,0.090508317,0.070546211,0.12200372,0.089509934
,0.592,0.408,0.11794922,0.018427448,0.13152619,0.032293414,0.090508317,0.070546211,0.12200372,0.089509934
,0.593,0.407,0.11794922,0.018427448,0.13152619,0.032293414,0.090508317,0.070546211,0.12200372,0.089509934
,0.594,0.406,0.11794922,0.018427448,0.13152619,0.032293414,0.090508317,0.070546211,0.12200372,0.089509934
,0.595,0.405,0.11794922,0.018427448,0.13152619,0.032293414,0.090508317,0.070546211,0.12200372,0.089509934
,0.596,0.404,0.11794922,0.018427448,0.13152619,0.032293414,0.090508317,0.070546211,0.12200372,0.089509934
,0.597,0.403,0.11794922,0.018427448,0.13152619,0.032293414,0.090508317,0.070546211,0.12200372,0.089509934
,0.598,0.402,0.11794922,0.018427448,0.13152619,0.032293414,0.090508317,0.070546211,0.12200372,0.089509934
,0.599,0.401,0.11794922,0.018427448,0.13152619,0.032293414,0.090508317,0.070546211,0.12200372,0.089509934
,0.6,0.4,0.11794922,0.018427448,0.039325462,0.072222563,0.090508317,0.070546211,0.12200372,0.089509934
,0.601,0.399,0.015972844,0.069877994,0.039325462,0.072222563,0.090508317,0.070546211,0.12200372,0.089509934
,0.602,0.398,0.015972844,0.069877994,0.039325462,0.072222563,0.090508317,0.070546211,0.12200372,0.089509934
,0.603,0.397,0.015972844,0.069877994,0.039325462,0.072222563,0.090508317,0.070546211,0.12200372,0.089509934
,0.604,0.396,0.015972844,0.069877994,0.039325462,0.072222563,0.090508317,0.070546211,0.12200372,0.089509934
,0.605,0.395,0.015972844,0.069877994,0.039325462,0.072222563,0.090508317,0.070546211,0.12200372,0.089509934
,0.606,0.394,0.015972844,0.069877994,0.039325462,0.072222563,0.090508317,0.070546211,0.12200372,0.089509934
,0.607,0.393,0.015972844,0.069877994,0.039325462,0.072222563,0.090508317,0.070546211,0.12200372,0.089509934
,0.608,0.392,0.015972844,0.069877994,0.039325462,0.072222563,0.090508317,0.070546211,0.12200372,0.089509934
,0.609,0.391,0.015972844,0.069877994,0.039325462,0.072222563,0.090508317,0.070546211,0.12200372,0.089509934
,0.61,0.39,0.015972844,0.069877994,0.039325462,0.072222563,0.090508317,0.070546211,0.12200372,0.089509934
,0.611,0.389,0.015972844,0.069877994,0.039325462,0.072222563,0.090508317,0.070546211,0.12200372,0.089509934
,0.612,0.388,0.015972844,0.069877994,0.039325462,0.072222563,0.090508317,0.070546211,0.12200372,0.089509934
,0.613,0.387,0.015972844,0.069877994,0.039325462,0.072222563,0.090508317,0.070546211,0.12200372,0.089509934
,0.614,0.386,0.015972844,0.069877994,0.039325462,0.072222563,0.090508317,0.070546211,0.12200372,0.089509934
,0.615,0.385,0.015972844,0.069877994,0.039325462,0.072222563,0.090508317,0.070546211,0.12200372,0.089509934
,0.616,0.384,0.015972844,0.069877994,0.039325462,0.072222563,0.090508317,0.070546211,0.12200372,0.089509934
,0.617,0.383,0.015972844,0.069877994,0.039325462,0.072222563,0.090508317,0.070546211,0.12200372,0.089509934
,0.618,0.382,0.015972844,0.069877994,0.039325462,0.072222563,0.090508317,0.070546211,0.12200372,0.089509934
,0.619,0.381,0.015972844,0.069877994,0.039325462,0.072222563,0.090508317,0.070546211,0.12200372,0.089509934
,0.62,0.38,0.015972844,0.069877994,0.039325462,0.072222563,0.090508317,0.070546211,0.12200372,0.089509934
,0.621,0.379,0.015972844,0.069877994,0.039325462,0.072222563,0.090508317,0.070546211,0.12200372,0.089509934
,0.622,0.378,0.015972844,0.069877994,0.039325462,0.072222563,0.090508317,0.070546211,0.12200372,0.089509934
,0.623,0.377,0.015972844,0.069877994,0.039325462,0.072222563,0.090508317,0.070546211,0.12200372,0.089509934
,0.624,0.376,0.015972844,0.069877994,0.039325462,0.072222563,0.090508317,0.070546211,0.12200372,0.089509934
,0.625,0.375,0.015972844,0.069877994,0.039325462,0.072222563,0.090508317,0.070546211,0.12200372,0.089509934
,0.626,0.374,0.015972844,0.069877994,0.039325462,0.072222563,0.090508317,0.070546211,0.12200372,0.089509934
,0.627,0.373,0.015972844,0.069877994,0.039325462,0.072222563,0.090508317,0.070546211,0.12200372,0.089509934
,0.628,0.372,0.015972844,0.069877994,0.039325462,0.072222563,0.090508317,0.070546211,0.12200372,0.089509934
,0.629,0.371,0.015972844,0.069877994,0.039325462,0.072222563,0.090508317,0.070546211,0.12200372,0.089509934
,0.63,0.37,0.015972844,0.069877994,0.039325462,0.072222563,0.090508317,0.070546211,0.12200372,0.089509934
,0.631,0.369,0.015972844,0.069877994,0.039325462,0.072222563,0.086436935,0.072474554,0.12200372,0.089509934
,0.632,0.368,0.015972844,0.069877994,0.039325462,0.072222563,0.082255578,0.07460218,0.12200372,0.089509934
,0.633,0.367,0.015972844,0.069877994,0.039325462,0.072222563,0.078436555,0.076691651,0.12200372,0.089509934
,0.634,0.366,0.015972844,0.069877994,0.039325462,0.072222563,0.074928812,0.078748716,0.12164193,0.089663546
,0.635,0.365,0.015972844,0.069877994,0.039325462,0.072222563,0.071690743,0.080778441,0.11638514,0.091974598
,0.636,0.364,0.015972844,0.069877994,0.039325462,0.072222563,0.068688062,0.082785343,0.11151049,0.094259663
,0.637,0.363,0.015972844,0.069877994,0.038097353,0.073536754,0.065892228,0.084773497,0.10697164,0.096523382
,0.638,0.362,0.015972844,0.069877994,0.036622092,0.075199561,0.063279267,0.086746617,0.10272967,0.098769982
,0.639,0.361,0.015972844,0.069877994,0.035234274,0.076855227,0.060828875,0.088708125,0.098751621,0.10100336
,0.64,0.36,0.015972844,0.069877994,0.033924936,0.07850629,0.058523725,0.090661208,0.095009363,0.10322715
,0.641,0.359,0.015972844,0.069877994,0.032686328,0.080155164,0.05634893,0.092608862,0.091478728,0.10544475
,0.642,0.358,0.015972844,0.069877994,0.031511709,0.081804162,0.054291616,0.094553933,0.088138818,0.10765942
,0.643,0.357,0.015972844,0.069877994,0.030395184,0.083455525,0.052340588,0.096499151,0.084971453,0.10987425
,0.644,0.356,0.015972844,0.069877994,0.02933157,0.085111441,0.050486052,0.098447158,0.081960738,0.11209226
,0.645,0.355,0.015972844,0.069877994,0.028316291,0.086774068,0.048719402,0.10040054,0.079092699,0.11431638
,0.646,0.354,0.015929972,0.069981003,0.027345285,0.088445553,0.047033034,0.10236183,0.076354993,0.11654952
,0.647,0.353,0.015383711,0.071329011,0.026414936,0.090128046,0.045420205,0.10433358,0.073736673,0.11879455
,0.648,0.352,0.014860322,0.072685898,0.025522008,0.091823723,0.043874906,0.10631831,0.071227983,0.12105437
,0.649,0.351,0.014357985,0.074053417,0.024663595,0.0935348,0.042391762,0.10831859,0.068820198,0.1233319
,0.65,0.35,0.013875065,0.075433355,0.023837079,0.09526355,0.040965948,0.11033704,0.066505485,0.12563011
,0.651,0.349,0.01341009,0.076827547,0.023040092,0.097012322,0.039593115,0.11237633,0.064276781,0.12795206
,0.652,0.348,0.012961727,0.078237885,0.022270486,0.09878356,0.038269329,0.11443925,0.062127703,0.1303009
,0.653,0.347,0.012528768,0.079666342,0.021526304,0.10057982,0.036991022,0.11652866,0.060052457,0.13267992
,0.654,0.346,0.012110111,0.081114981,0.02080576,0.10240381,0.035754945,0.1186476,0.058045768,0.13509255
,0.655,0.345,0.011704753,0.082585975,0.020107217,0.10425836,0.034558129,0.12079924,0.056102817,0.13754241
,0.656,0.344,0.011311771,0.084081626,0.019429169,0.10614653,0.033397856,0.12298694,0.054219192,0.14003333
,0.657,0.343,0.01093032,0.085604387,0.018770229,0.10807158,0.032271627,0.12521429,0.052390833,0.14256941
,0.658,0.342,0.010559618,0.087156885,0.018129114,0.110037,0.031177135,0.12748515,0.050613999,0.14515501
,0.659,0.341,0.010198944,0.088741948,0.017504631,0.1120466,0.03011225,0.12980363,0.048885229,0.14779484
,0.66,0.34,0.0098476276,0.090362635,0.016895672,0.1141045,0.029074991,0.13217423,0.047201309,0.15049401
,0.661,0.339,0.0095050436,0.092022275,0.016301198,0.1162152,0.028063517,0.1346018,0.045559247,0.15325805
,0.662,0.338,0.0091706091,0.093724504,0.015720238,0.11838367,0.027076103,0.13709166,0.043956247,0.15609301
,0.663,0.337,0.0088437766,0.095473316,0.015151874,0.12061536,0.026111135,0.13964966,0.042389685,0.15900556
,0.664,0.336,0.0085240307,0.097273117,0.01459524,0.12291634,0.025167089,0.14228225,0.04085709,0.16200303
,0.665,0.335,0.0082108838,0.099128797,0.014049513,0.12529337,0.024242527,0.14499657,0.039356125,0.16509357
,0.666,0.334,0.0079038727,0.10104581,0.013513906,0.12775401,0.02333608,0.14780059,0.03788457,0.16828624
,0.667,0.333,0.0076025548,0.10303025,0.012987664,0.1303068,0.022446443,0.15070326,0.036440304,0.17159122
,0.668,0.332,0.0073065055,0.10508901,0.012470058,0.13296142,0.021572362,0.15371462,0.03502129,0.17501997
,0.669,0.331,0.0070153144,0.10722989,0.011960379,0.13572889,0.020712624,0.15684611,0.033625563,0.17858549
,0.67,0.33,0.0067285825,0.10946178,0.01145793,0.13862186,0.019866052,0.16011071,0.03225121,0.18230258
,0.671,0.329,0.0064459189,0.11179489,0.010962028,0.14165497,0.019031491,0.16352337,0.030896356,0.18618824
,0.672,0.328,0.0061669376,0.114241,0.010471986,0.14484522,0.018207802,0.16710133,0.029559153,0.19026212
,0.673,0.327,0.0058912536,0.11681386,0.0099871168,0.14821261,0.017393849,0.17086467,0.028237754,0.19454707
,0.674,0.326,0.0056184793,0.11952957,0.0095067179,0.15178079,0.016588486,0.17483696,0.026930301,0.19906994
,0.675,0.325,0.00534822,0.12240721,0.0090300657,0.15557804,0.015790549,0.17904611,0.025634904,0.20386249
,0.676,0.324,0.0050800685,0.12546959,0.0085564036,0.15963853,0.014998836,0.18352548,0.024349609,0.20896272
,0.677,0.323,0.0048135991,0.12874427,0.0080849281,0.16400408,0.014212088,0.18831539,0.023072377,0.21441652
,0.678,0.322,0.0045483598,0.13226497,0.0076147719,0.16872651,0.013428973,0.19346514,0.022905806,0.21515881
,0.679,0.321,0.0042838628,0.13607349,0.0071449815,0.17387111,0.012648049,0.1990359,0.022905806,0.21515881
,0.68,0.32,0.0040195715,0.14022248,0.006674487,0.17952156,0.011867732,0.20510466,0.022905806,0.21515881
,0.681,0.319,0.0037548842,0.14477941,0.0062020615,0.18578737,0.011086246,0.21177013,0.022905806,0.21515881
,0.682,0.318,0.0034891105,0.14983262,0.0057262624,0.19281542,0.010301553,0.2191615,0.022905806,0.21515881
,0.683,0.317,0.0032214389,0.15550056,0.005245346,0.20080858,0.0095112561,0.22745205,0.021274743,0.22267952
,0.684,0.316,0.0029508885,0.16194683,0.0047571362,0.2100572,0.0087124595,0.23688106,0.019487998,0.23191069
,0.685,0.315,0.002676235,0.16940561,0.0042588135,0.22099603,0.0079015487,0.24779108,0.017674156,0.24259178
,0.686,0.314,0.0023958922,0.17822748,0.0037465522,0.23431462,0.0070738403,0.26069491,0.015822741,0.25522486
,0.687,0.313,0.002107708,0.18896858,0.0032148476,0.25119522,0.0062229802,0.27640601,0.01391954,0.2706063
,0.688,0.312,0.0018085855,0.20258234,0.0026551178,0.27390143,0.005339825,0.29631898,0.011944101,0.29010144
,0.689,0.311,0.0014936968,0.2208943,0.0020522837,0.30757774,0.0044101203,0.32310404,0.010685776,0.30510045
,0.69,0.31,0.0011545588,0.24805336,0.0014967574,0.3543367,0.0042426735,0.32879662,0.010685776,0.30510045
,0.691,0.309,0.00077283162,0.29693955,0.0014967574,0.3543367,0.0042426735,0.32879662,0.010685776,0.30510045
,0.692,0.308,0.0005024754,0.35987163,0.0014967574,0.3543367,0.0042426735,0.32879662,0.010685776,0.30510045
,0.693,0.307,0.0005024754,0.35987163,0.0014967574,0.3543367,0.0042426735,0.32879662,0.010685776,0.30510045
,0.694,0.306,0.0005024754,0.35987163,0.0014967574,0.3543367,0.0042426735,0.32879662,0.010685776,0.30510045
,0.695,0.305,0.0005024754,0.35987163,0.0014967574,0.3543367,0.0042426735,0.32879662,0.010685776,0.30510045
,0.696,0.304,0.0005024754,0.35987163,0.0014967574,0.3543367,0.0042426735,0.32879662,0.010685776,0.30510045
,0.697,0.303,0.0005024754,0.35987163,0.0014967574,0.3543367,0.0042426735,0.32879662,0.010685776,0.30510045
,0.698,0.302,0.0005024754,0.35987163,0.0014967574,0.3543367,0.0042426735,0.32879662,0.010685776,0.30510045
,0.699,0.301,0.0005024754,0.35987163,0.0014967574,0.3543367,0.0042426735,0.32879662,0.010685776,0.30510045
,0.7,0.3,0.0005024754,0.35987163,0.0014967574,0.3543367,0.0042426735,0.32879662,0.010685776,0.30510045
,0.701,0.299,0.0005024754,0.35987163,0.0014967574,0.3543367,0.0042426735,0.32879662,0.010685776,0.30510045
,0.702,0.298,0.0005024754,0.35987163,0.0014967574,0.3543367,0.0042426735,0.32879662,0.010685776,0.30510045
,0.703,0.297,0.0005024754,0.35987163,0.0014967574,0.3543367,0.0042426735,0.32879662,0.010685776,0.30510045
,0.704,0.296,0.0005024754,0.35987163,0.0014967574,0.3543367,0.0042426735,0.32879662,0.010685776,0.30510045
,0.705,0.295,0.0005024754,0.35987163,0.0014967574,0.3543367,0.0042426735,0.32879662,0.010685776,0.30510045
,0.706,0.294,0.0005024754,0.35987163,0.0014967574,0.3543367,0.0042426735,0.32879662,0.010685776,0.30510045
,0.707,0.293,0.0005024754,0.35987163,0.0014967574,0.3543367,0.0042426735,0.32879662,0.010685776,0.30510045
,0.708,0.292,0.0005024754,0.35987163,0.0014967574,0.3543367,0.0042426735,0.32879662,0.010685776,0.30510045
,0.709,0.291,0.0005024754,0.35987163,0.0014967574,0.3543367,0.0042426735,0.32879662,0.010685776,0.30510045
,0.71,0.29,0.0005024754,0.35987163,0.0014967574,0.3543367,0.0042426735,0.32879662,0.010685776,0.30510045
,0.711,0.289,0.0005024754,0.35987163,0.0014967574,0.3543367,0.0042426735,0.32879662,0.010685776,0.30510045
,0.712,0.288,0.0005024754,0.35987163,0.0014967574,0.3543367,0.0042426735,0.32879662,0.010685776,0.30510045
,0.713,0.287,0.0005024754,0.35987163,0.0014967574,0.3543367,0.0042426735,0.32879662,0.010685776,0.30510045
,0.714,0.286,0.0005024754,0.35987163,0.0014967574,0.3543367,0.0042426735,0.32879662,0.010685776,0.30510045
,0.715,0.285,0.0005024754,0.35987163,0.0014967574,0.3543367,0.0042426735,0.32879662,0.010685776,0.30510045
,0.716,0.284,0.0005024754,0.35987163,0.0014967574,0.3543367,0.0042426735,0.32879662,0.010685776,0.30510045
,0.717,0.283,0.0005024754,0.35987163,0.0014967574,0.3543367,0.0042426735,0.32879662,0.010685776,0.30510045
,0.718,0.282,0.0005024754,0.35987163,0.0014967574,0.3543367,0.0042426735,0.32879662,0.010685776,0.30510045
,0.719,0.281,0.0005024754,0.35987163,0.0014967574,0.3543367,0.0042426735,0.32879662,0.010685776,0.30510045
,0.72,0.28,0.0005024754,0.35987163,0.0014967574,0.3543367,0.0042426735,0.32879662,0.010685776,0.30510045
,0.721,0.279,0.0005024754,0.35987163,0.0014967574,0.3543367,0.0042426735,0.32879662,0.010685776,0.30510045
,0.722,0.278,0.0005024754,0.35987163,0.0014967574,0.3543367,0.0042426735,0.32879662,0.010685776,0.30510045
,0.723,0.277,0.0005024754,0.35987163,0.0014967574,0.3543367,0.0042426735,0.32879662,0.010685776,0.30510045
,0.724,0.276,0.0005024754,0.35987163,0.0014967574,0.3543367,0.0042426735,0.32879662,0.010685776,0.30510045
,0.725,0.275,0.0005024754,0.35987163,0.0014967574,0.3543367,0.0042426735,0.32879662,0.010685776,0.30510045
,0.726,0.274,0.0005024754,0.35987163,0.0014967574,0.3543367,0.0042426735,0.32879662,0.010685776,0.30510045
,0.727,0.273,0.0005024754,0.35987163,0.0014967574,0.3543367,0.0042426735,0.32879662,0.010685776,0.30510045
,0.728,0.272,0.0005024754,0.35987163,0.0014967574,0.3543367,0.0042426735,0.32879662,0.010685776,0.30510045
,0.729,0.271,0.0005024754,0.35987163,0.0014967574,0.3543367,0.0042426735,0.32879662,0.010685776,0.30510045
,0.73,0.27,0.0005024754,0.35987163,0.0014967574,0.3543367,0.0042426735,0.32879662,0.010685776,0.30510045
,0.731,0.269,0.0005024754,0.35987163,0.0014967574,0.3543367,0.0042426735,0.32879662,0.010512347,0.30694636
,0.732,0.268,0.0005024754,0.35987163,0.0014967574,0.3543367,0.0042426735,0.32879662,0.010263917,0.30965273
,0.733,0.267,0.0005024754,0.35987163,0.0014967574,0.3543367,0.0042426735,0.32879662,0.01002056,0.31237811
,0.734,0.266,0.0005024754,0.35987163,0.0014967574,0.3543367,0.0042426735,0.32879662,0.0097821901,0.31512255
,0.735,0.265,0.0005024754,0.35987163,0.0014967574,0.3543367,0.0042426735,0.32879662,0.0095487252,0.31788612
,0.736,0.264,0.0005024754,0.35987163,0.0014967574,0.3543367,0.0042426735,0.32879662,0.0093200832,0.32066884
,0.737,0.263,0.0005024754,0.35987163,0.0014967574,0.3543367,0.0042426735,0.32879662,0.0090961829,0.32347079
,0.738,0.262,0.0005024754,0.35987163,0.0014967574,0.3543367,0.0042426735,0.32879662,0.0088769442,0.32629199
,0.739,0.261,0.0005024754,0.35987163,0.0014967574,0.3543367,0.0042426735,0.32879662,0.0086622878,0.3291325
,0.74,0.26,0.0005024754,0.35987163,0.0014967574,0.3543367,0.0042426735,0.32879662,0.0084521356,0.33199235
,0.741,0.259,0.0005024754,0.35987163,0.0014967574,0.3543367,0.0042426735,0.32879662,0.00824641,0.33487159
,0.742,0.258,0.0005024754,0.35987163,0.0014967574,0.3543367,0.0042426735,0.32879662,0.0080450348,0.33777026
,0.743,0.257,0.0005024754,0.35987163,0.0014967574,0.3543367,0.0042426735,0.32879662,0.0078479345,0.34068839
,0.744,0.256,0.0005024754,0.35987163,0.0014967574,0.3543367,0.0042426735,0.32879662,0.0076550345,0.34362604
,0.745,0.255,0.0005024754,0.35987163,0.0014967574,0.3543367,0.0042426735,0.32879662,0.0074662612,0.34658322
,0.746,0.254,0.0005024754,0.35987163,0.0014967574,0.3543367,0.0042426735,0.32879662,0.0072815419,0.34955998
,0.747,0.253,0.0005024754,0.35987163,0.0014967574,0.3543367,0.0042426735,0.32879662,0.0071008048,0.35255634
,0.748,0.252,0.0005024754,0.35987163,0.0014967574,0.3543367,0.0042426735,0.32879662,0.0069239791,0.35557234
,0.749,0.251,0.0005024754,0.35987163,0.0014967574,0.3543367,0.0041786603,0.33047846,0.0067509947,0.35860801
,0.75,0.25,0.0005024754,0.35987163,0.0014967574,0.3543367,0.0040633419,0.33358399,0.0065817827,0.36166338
,0.751,0.249,0.0005024754,0.35987163,0.0014967574,0.3543367,0.0039508404,0.3367123,0.006416275,0.36473846
,0.752,0.248,0.0005024754,0.35987163,0.0014967574,0.3543367,0.0038410975,0.33986346,0.0062544041,0.36783329
,0.753,0.247,0.0005024754,0.35987163,0.0014967574,0.3543367,0.0037340556,0.34303752,0.0060961039,0.37094789
,0.754,0.246,0.0005024754,0.35987163,0.0014967574,0.3543367,0.0036296581,0.34623452,0.0059413088,0.37408228
,0.755,0.245,0.0005024754,0.35987163,0.0014967574,0.3543367,0.0035278496,0.34945452,0.0057899543,0.37723647
,0.756,0.244,0.0005024754,0.35987163,0.0014967574,0.3543367,0.0034285751,0.35269756,0.0056419765,0.38041049
,0.757,0.243,0.0005024754,0.35987163,0.0014967574,0.3543367,0.0033317811,0.3559637,0.0054973128,0.38360435
,0.758,0.242,0.0005024754,0.35987163,0.0014967574,0.3543367,0.0032374144,0.35925297,0.0053559012,0.38681806
,0.759,0.241,0.0005024754,0.35987163,0.0014967574,0.3543367,0.0031454232,0.36256541,0.0052176805,0.39005163
,0.76,0.24,0.0005024754,0.35987163,0.0014967574,0.3543367,0.0030557562,0.36590108,0.0050825905,0.39330507
,0.761,0.239,0.0005024754,0.35987163,0.0014967574,0.3543367,0.0029683632,0.36925999,0.0049505718,0.3965784
,0.762,0.238,0.0005024754,0.35987163,0.0014967574,0.3543367,0.0028831947,0.37264219,0.0048215659,0.39987161
,0.763,0.237,0.0005024754,0.35987163,0.0014967574,0.3543367,0.0028002022,0.37604772,0.004695515,0.40318471
,0.764,0.236,0.0005024754,0.35987163,0.0014967574,0.3543367,0.002719338,0.37947659,0.0045723624,0.40651769
,0.765,0.235,0.0005024754,0.35987163,0.0014768066,0.35579386,0.0026405551,0.38292885,0.0044520519,0.40987057
,0.766,0.234,0.0005024754,0.35987163,0.0014289027,0.35938593,0.0025638076,0.38640451,0.0043345283,0.41324333
,0.767,0.233,0.0005024754,0.35987163,0.0013824032,0.36300579,0.00248905,0.3899036,0.0042197374,0.41663597
,0.768,0.232,0.0005024754,0.35987163,0.0013372721,0.36665353,0.0024162381,0.39342614,0.0041076253,0.42004849
,0.769,0.231,0.0005024754,0.35987163,0.0012934737,0.37032918,0.0023453281,0.39697215,0.0039981395,0.42348086
,0.77,0.23,0.0005024754,0.35987163,0.0012509735,0.37403281,0.0022762771,0.40054164,0.0038912278,0.42693309
,0.771,0.229,0.0005024754,0.35987163,0.0012097376,0.37776448,0.0022090431,0.40413463,0.0037868391,0.43040516
,0.772,0.228,0.0005024754,0.35987163,0.0011697327,0.38152423,0.0021435848,0.40775113,0.003684923,0.43389704
,0.773,0.227,0.0005024754,0.35987163,0.0011309265,0.38531212,0.0020798615,0.41139114,0.0035854298,0.43740873
,0.774,0.226,0.0005024754,0.35987163,0.0011137283,0.3870378,0.0020178335,0.41505467,0.0034883108,0.44094019
,0.775,0.225,0.0005024754,0.35987163,0.0011137283,0.3870378,0.0019574618,0.41874173,0.0033935177,0.44449141
,0.776,0.224,0.0005024754,0.35987163,0.0011137283,0.3870378,0.0018987078,0.42245231,0.0033010033,0.44806236
,0.777,0.223,0.0005024754,0.35987163,0.0011137283,0.3870378,0.0018415342,0.42618641,0.0032107209,0.45165301
,0.778,0.222,0.0005024754,0.35987163,0.0011137283,0.3870378,0.0017859038,0.42994402,0.0031226248,0.45526333
,0.779,0.221,0.0005024754,0.35987163,0.0011137283,0.3870378,0.0017317806,0.43372514,0.0030366698,0.45889329
,0.78,0.22,0.0005024754,0.35987163,0.0011137283,0.3870378,0.001679129,0.43752976,0.0029528115,0.46254285
,0.781,0.219,0.0005024754,0.35987163,0.0011137283,0.3870378,0.0016279141,0.44135785,0.0028710063,0.46621197
,0.782,0.218,0.0005024754,0.35987163,0.0011137283,0.3870378,0.001578102,0.4452094,0.0027912112,0.4699006
,0.783,0.217,0.0005024754,0.35987163,0.0011137283,0.3870378,0.0015296589,0.44908439,0.0027133841,0.47360872
,0.784,0.216,0.0005024754,0.35987163,0.0011137283,0.3870378,0.0015277964,0.44923603,0.0026374834,0.47733626
,0.785,0.215,0.0005024754,0.35987163,0.0011137283,0.3870378,0.0015277964,0.44923603,0.0025634682,0.48108318
,0.786,0.214,0.0005024754,0.35987163,0.0011137283,0.3870378,0.0015277964,0.44923603,0.0024912984,0.48484943
,0.787,0.213,0.0005024754,0.35987163,0.0011137283,0.3870378,0.0015277964,0.44923603,0.0024209346,0.48863495
,0.788,0.212,0.0005024754,0.35987163,0.0011137283,0.3870378,0.0015277964,0.44923603,0.0023523379,0.49243969
,0.789,0.211,0.0005024754,0.35987163,0.0011137283,0.3870378,0.0015277964,0.44923603,0.0022854703,0.49626358
,0.79,0.21,0.0005024754,0.35987163,0.0011137283,0.3870378,0.0015277964,0.44923603,0.0022202942,0.50010656
,0.791,0.209,0.0005024754,0.35987163,0.0011137283,0.3870378,0.0015277964,0.44923603,0.0021675947,0.50330218
,0.792,0.208,0.0005024754,0.35987163,0.0011137283,0.3870378,0.0015277964,0.44923603,0.0021675947,0.50330218
,0.793,0.207,0.0005024754,0.35987163,0.0011137283,0.3870378,0.0015277964,0.44923603,0.0021675947,0.50330218
,0.794,0.206,0.0005024754,0.35987163,0.0011137283,0.3870378,0.0015277964,0.44923603,0.0021675947,0.50330218
,0.795,0.205,0.0005024754,0.35987163,0.0011137283,0.3870378,0.0015277964,0.44923603,0.0021675947,0.50330218
,0.796,0.204,0.0005024754,0.35987163,0.0011137283,0.3870378,0.0015277964,0.44923603,0.0021675947,0.50330218
,0.797,0.203,0.0005024754,0.35987163,0.0011137283,0.3870378,0.0015277964,0.44923603,0.0021675947,0.50330218
,0.798,0.202,0.0005024754,0.35987163,0.0011082969,0.38751432,0.0015277964,0.44923603,0.0021675947,0.50330218
,0.799,0.201,0.0005024754,0.35987163,0.0010748145,0.39050699,0.0015277964,0.44923603,0.0021675947,0.50330218
,0.8,0.2,0.0005024754,0.35987163,0.0010422372,0.39351393,0.0015277964,0.44923603,0.0021675947,0.50330218
,0.801,0.199,0.0005024754,0.35987163,0.0010105437,0.39653507,0.0015277964,0.44923603,0.0021675947,0.50330218
,0.802,0.198,0.00049841685,0.36059342,0.00097971314,0.39957034,0.0015277964,0.44923603,0.0021675947,0.50330218
,0.803,0.197,0.00048152572,0.36366608,0.00094972516,0.40261965,0.0015277964,0.44923603,0.0021675947,0.50330218
,0.804,0.196,0.00046515413,0.36675551,0.0009205597,0.40568295,0.0015277964,0.44923603,0.0021675947,0.50330218
,0.805,0.195,0.00044928789,0.36986165,0.00089219713,0.40876013,0.0015277964,0.44923603,0.0021675947,0.50330218
,0.806,0.194,0.00043391316,0.37298443,0.0008646182,0.41185113,0.0015277964,0.44923603,0.0021675947,0.50330218
,0.807,0.193,0.00041901642,0.37612379,0.00083780404,0.41495585,0.0015277964,0.44923603,0.0021675947,0.50330218
,0.808,0.192,0.00040458446,0.37927964,0.00081173614,0.41807421,0.0015277964,0.44923603,0.0021675947,0.50330218
,0.809,0.191,0.0003906044,0.38245192,0.00078639638,0.42120612,0.0015277964,0.44923603,0.0021675947,0.50330218
,0.81,0.19,0.00037706365,0.38564054,0.000761767,0.42435147,0.0014914677,0.45178608,0.0021675947,0.50330218
,0.811,0.189,0.00036394991,0.38884543,0.00073783059,0.42751019,0.0014488682,0.45485742,0.0021675947,0.50330218
,0.812,0.188,0.0003512512,0.39206649,0.00071457009,0.43068217,0.0014073477,0.45793988,0.0021675947,0.50330218
,0.813,0.187,0.00033895582,0.39530364,0.00069196881,0.4338673,0.0013668828,0.46103334,0.0021675947,0.50330218
,0.814,0.186,0.00032705233,0.39855678,0.00067001037,0.43706548,0.0013274505,0.46413771,0.0021675947,0.50330218
,0.815,0.185,0.0003155296,0.40182583,0.00064867877,0.44027661,0.0012890281,0.46725287,0.0021675947,0.50330218
,0.816,0.184,0.00030437676,0.40511067,0.0006279583,0.44350058,0.0012515934,0.47037872,0.0021675947,0.50330218
,0.817,0.183,0.0002935832,0.40841122,0.00060783361,0.44673727,0.0012151246,0.47351515,0.0021675947,0.50330218
,0.818,0.182,0.00028313858,0.41172736,0.00058828966,0.44998656,0.0011796001,0.47666204,0.0021675947,0.50330218
,0.819,0.181,0.00027303282,0.41505899,0.00056931171,0.45324835,0.0011449989,0.47981928,0.0021245163,0.50554552
,0.82,0.18,0.00026325608,0.418406,0.00055088538,0.45652251,0.0011113004,0.48298674,0.0020668917,0.50861672
,0.821,0.179,0.00025379877,0.42176826,0.00053299655,0.4598089,0.0010784842,0.48616431,0.0020106399,0.51169625
,0.822,0.178,0.00024465156,0.42514566,0.00051563142,0.46310742,0.0010465303,0.48935186,0.0019557333,0.51478397
,0.823,0.177,0.00023580533,0.42853808,0.0004987765,0.46641792,0.0010154192,0.49254927,0.0019021445,0.51787977
,0.824,0.176,0.00022725121,0.43194539,0.00048241857,0.46974028,0.00098513173,0.4957564,0.0018498468,0.52098352
,0.825,0.175,0.00021898055,0.43536746,0.00046654472,0.47307436,0.00095564892,0.49897314,0.0017988137,0.5240951
,0.826,0.174,0.00021098492,0.43880416,0.00045114231,0.47642002,0.00092695231,0.50219934,0.0017490192,0.52721437
,0.827,0.173,0.00020325611,0.44225535,0.00043619898,0.47977712,0.00089902373,0.50543487,0.0017004379,0.53034121
,0.828,0.172,0.00019578612,0.44572089,0.00042170265,0.48314551,0.00087184536,0.50867958,0.0016530445,0.53347549
,0.829,0.171,0.00018856718,0.44920064,0.0004076415,0.48652505,0.00084539972,0.51193335,0.0016068143,0.53661706
,0.83,0.17,0.00018159169,0.45269445,0.000394004,0.48991558,0.00081966968,0.51519603,0.001561723,0.5397658
,0.831,0.169,0.00017485227,0.45620217,0.00038077883,0.49331696,0.0007946384,0.51846747,0.0015177466,0.54292156
,0.832,0.168,0.00016834174,0.45972364,0.00036795498,0.49672902,0.0007702894,0.52174752,0.0014748617,0.5460842
,0.833,0.167,0.00016205309,0.46325871,0.00035552167,0.50015161,0.0007466065,0.52503603,0.0014330451,0.54925359
,0.834,0.166,0.00015597953,0.46680721,0.00034346834,0.50358457,0.00072357386,0.52833286,0.001392274,0.55242957
,0.835,0.165,0.00015011441,0.47036897,0.00033178472,0.50702772,0.00070117592,0.53163784,0.0013525261,0.55561201
,0.836,0.164,0.0001444513,0.47394383,0.00032046074,0.5104809,0.00067939746,0.53495081,0.0013137795,0.55880074
,0.837,0.163,0.00013898392,0.47753161,0.00030948659,0.51394393,0.00065822353,0.53827162,0.0012760126,0.56199562
,0.838,0.162,0.00013370617,0.48113214,0.00029885266,0.51741665,0.0006376395,0.54160011,0.001239204,0.5651965
,0.839,0.161,0.00012861212,0.48474523,0.0002885496,0.52089888,0.00061763104,0.5449361,0.001203333,0.56840322
,0.84,0.16,0.00012369598,0.48837069,0.00027856826,0.52439042,0.00059818408,0.54827943,0.0011683791,0.57161562
,0.841,0.159,0.00011895216,0.49200835,0.0002688997,0.52789111,0.00057928486,0.55162993,0.0011343221,0.57483354
,0.842,0.158,0.00011437519,0.495658,0.00025953521,0.53140074,0.0005609199,0.55498742,0.0011011424,0.57805683
,0.843,0.157,0.00010995977,0.49931944,0.00025046629,0.53491914,0.000543076,0.55835174,0.0010688203,0.58128532
,0.844,0.156,0.00010570074,0.50299248,0.00024168462,0.5384461,0.0005257402,0.56172269,0.001037337,0.58451883
,0.845,0.155,0.00010159309,0.50667692,0.00023318211,0.54198144,0.00050889986,0.56510011,0.0010066736,0.58775722
,0.846,0.154,0.00009763196,0.51037254,0.00022495084,0.54552494,0.00049254256,0.5684838,0.00097681184,0.59100029
,0.847,0.153,0.00009381261,0.51407913,0.00021698311,0.54907641,0.00047665616,0.57187358,0.00094773357,0.59424789
,0.848,0.152,0.000090130447,0.51779647,0.0002092714,0.55263564,0.00046122878,0.57526927,0.0009194211,0.59749984
,0.849,0.151,0.000086581008,0.52152435,0.00020180836,0.55620242,0.00044624878,0.57867067,0.00089185703,0.60075596
,0.85,0.15,0.000083159956,0.52526253,0.00019458684,0.55977654,0.00043170478,0.58207758,0.0008650243,0.60401607
,0.851,0.149,0.000079863081,0.52901079,0.00018759986,0.56335778,0.00041758563,0.58548982,0.00083890614,0.60728
,0.852,0.148,0.000076686297,0.53276891,0.00018084061,0.56694593,0.00040388043,0.58890718,0.00081348612,0.61054755
,0.853,0.147,0.000073625635,0.53653663,0.00017430247,0.57054076,0.00039057852,0.59232946,0.0007887481,0.61381855
,0.854,0.146,0.000070677244,0.54031372,0.00016797897,0.57414204,0.00037766946,0.59575646,0.00076467627,0.61709281
,0.855,0.145,0.000067837383,0.54409994,0.00016186381,0.57774956,0.00036514304,0.59918798,0.00074125509,0.62037014
,0.856,0.144,0.000065102426,0.54789504,0.00015595085,0.58136307,0.00035298928,0.60262379,0.00071846934,0.62365035
,0.857,0.143,0.000062468853,0.55169876,0.0001502341,0.58498234,0.00034119843,0.6060637,0.00069630409,0.62693324
,0.858,0.142,0.000059933249,0.55551085,0.00014470774,0.58860714,0.00032976093,0.60950749,0.0006747447,0.63021862
,0.859,0.141,0.0000574923,0.55933104,0.00013936609,0.59223722,0.00031866745,0.61295494,0.0006537768,0.6335063
,0.86,0.14,0.000055142795,0.56315908,0.00013420362,0.59587234,0.00030790888,0.61640583,0.00063338633,0.63679607
,0.861,0.139,0.000052881617,0.56699469,0.00012921494,0.59951226,0.0002974763,0.61985994,0.00061355947,0.64008774
,0.862,0.138,0.000050705746,0.57083761,0.00012439481,0.60315672,0.00028736098,0.62331705,0.00059428272,0.6433811
,0.863,0.137,0.000048612253,0.57468755,0.00011973812,0.60680546,0.00027755443,0.62677693,0.0005755428,0.64667594
,0.864,0.136,0.000046598298,0.57854423,0.0001152399,0.61045824,0.0002680483,0.63023935,0.00055732673,0.64997206
,0.865,0.135,0.00004466113,0.58240737,0.00011089531,0.61411479,0.00025883448,0.63370409,0.00053962177,0.65326925
,0.866,0.134,0.000042798083,0.58627669,0.00010669964,0.61777486,0.00024990502,0.6371709,0.00052241545,0.65656729
,0.867,0.133,0.000041006572,0.59015188,0.00010264831,0.62143817,0.00024125217,0.64063956,0.00050569556,0.65986598
,0.868,0.132,0.000039284095,0.59403266,0.000098736861,0.62510445,0.00023286835,0.64410981,0.00048945013,0.6631651
,0.869,0.131,0.000037628227,0.59791871,0.000094960949,0.62877344,0.00022474615,0.64758143,0.00047366742,0.66646443
,0.87,0.13,0.000036036619,0.60180975,0.000091316355,0.63244486,0.00021687836,0.65105417,0.00045833596,0.66976376
,0.871,0.129,0.000034506996,0.60570545,0.000087798973,0.63611843,0.00020925792,0.65452778,0.0004434445,0.67306285
,0.872,0.128,0.000033037158,0.60960551,0.000084404813,0.63979387,0.00020187794,0.65800202,0.00042898204,0.6763615
,0.873,0.127,0.000031624971,0.61350961,0.00008112999,0.6434709,0.00019473171,0.66147663,0.0004149378,0.67965947
,0.874,0.126,0.000030268372,0.61741743,0.00007797073,0.64714923,0.00018781267,0.66495136,0.00040130122,0.68295654
,0.875,0.125,0.000028965364,0.62132865,0.000074923363,0.65082857,0.00018111441,0.66842595,0.00038806198,0.68625247
,0.876,0.124,0.000027714013,0.62524294,0.000071984323,0.65450863,0.00017463068,0.67190016,0.00037520997,0.68954705
,0.877,0.123,0.00002651245,0.62915996,0.000069150142,0.65818911,0.00016835541,0.67537371,0.0003627353,0.69284003
,0.878,0.122,0.000025358865,0.63307939,0.00006641745,0.66186971,0.00016228263,0.67884635,0.0003506283,0.69613118
,0.879,0.121,0.000024251507,0.63700088,0.000063782976,0.66555014,0.00015640655,0.68231781,0.00033887948,0.69942027
,0.88,0.12,0.000023188684,0.64092409,0.000061243537,0.66923009,0.00015072153,0.68578783,0.00032747959,0.70270706
,0.881,0.119,0.000022168759,0.64484867,0.000058796045,0.67290925,0.00014522204,0.68925613,0.00031641957,0.7059913
,0.882,0.118,0.000021190148,0.64877428,0.000056437499,0.67658731,0.0001399027,0.69272245,0.00030569055,0.70927277
,0.883,0.117,0.000020251323,0.65270055,0.000054164985,0.68026396,0.00013475828,0.69618651,0.00029528387,0.7125512
,0.884,0.116,0.000019350803,0.65662714,0.000051975674,0.68393889,0.00012978366,0.69964804,0.00028519105,0.71582637
,0.885,0.115,0.00001848716,0.66055367,0.000049866817,0.68761177,0.00012497387,0.70310675,0.0002754038,0.71909802
,0.886,0.114,0.000017659011,0.66447979,0.000047835748,0.69128228,0.00012032405,0.70656238,0.00026591403,0.7223659
,0.887,0.113,0.000016865022,0.66840513,0.000045879878,0.69495011,0.00011582947,0.71001463,0.00025671382,0.72562977
,0.888,0.112,0.000016103904,0.67232931,0.000043996695,0.69861493,0.00011148552,0.71346322,0.00024779543,0.72888938
,0.889,0.111,0.000015374411,0.67625196,0.000042183762,0.7022764,0.00010728772,0.71690788,0.00023915128,0.73214446
,0.89,0.11,0.000014675341,0.6801727,0.000040438712,0.7059342,0.00010323168,0.7203483,0.000230774,0.73539477
,0.891,0.109,0.000014005532,0.68409115,0.000038759252,0.70958799,0.000099313158,0.7237842,0.00022265636,0.73864004
,0.892,0.108,0.000013363863,0.68800692,0.000037143155,0.71323744,0.000095527995,0.72721529,0.0002147913,0.74188003
,0.893,0.107,0.000012749251,0.69191962,0.000035588263,0.71688221,0.000091872155,0.73064128,0.00020717194,0.74511447
,0.894,0.106,0.000012160651,0.69582886,0.000034092482,0.72052195,0.000088341705,0.73406186,0.00019979154,0.7483431
,0.895,0.105,0.000011597056,0.69973425,0.000032653784,0.72415633,0.000084932817,0.73747675,0.00019264352,0.75156566
,0.896,0.104,0.000011057491,0.70363538,0.000031270199,0.72778499,0.000081641763,0.74088563,0.00018572147,0.75478188
,0.897,0.103,0.00001054102,0.70753185,0.000029939822,0.7314076,0.000078464918,0.74428822,0.00017901913,0.7579915
,0.898,0.102,0.000010046736,0.71142326,0.000028660803,0.73502379,0.000075398752,0.7476842,0.00017253036,0.76119425
,0.899,0.101,0.0000095737655,0.7153092,0.000027431351,0.73863321,0.000072439831,0.75107327,0.0001662492,0.76438987
,0.9,0.1,0.0000091212673,0.71918926,0.00002624973,0.74223552,0.000069584813,0.75445513,0.00016016981,0.76757808
,0.901,0.099,0.0000086884292,0.72306302,0.000025114259,0.74583035,0.000066830449,0.75782946,0.00015428651,0.77075862
,0.902,0.098,0.0000082744685,0.72693006,0.00002402331,0.74941735,0.000064173577,0.76119597,0.00014859375,0.7739312
,0.903,0.097,0.0000078786307,0.73078998,0.000022975304,0.75299614,0.000061611124,0.76455432,0.00014308609,0.77709556
,0.904,0.096,0.0000075001889,0.73464233,0.000021968714,0.75656638,0.0000591401,0.76790422,0.00013775827,0.78025143
,0.905,0.095,0.0000071384424,0.73848671,0.000021002061,0.76012769,0.000056757598,0.77124535,0.00013260512,0.78339852
,0.906,0.094,0.0000067927163,0.74232267,0.000020073912,0.76367971,0.000054460793,0.77457739,0.00012762162,0.78653657
,0.907,0.093,0.0000064623603,0.74614979,0.000019182883,0.76722207,0.000052246939,0.77790002,0.00012280285,0.78966528
,0.908,0.092,0.0000061467484,0.74996763,0.00001832763,0.77075439,0.000050113366,0.78121293,0.00011814405,0.79278439
,0.909,0.091,0.0000058452775,0.75377577,0.000017506856,0.7742763,0.00004805748,0.78451579,0.00011364053,0.79589361
,0.91,0.09,0.0000055573669,0.75757375,0.000016719306,0.77778744,0.000046076761,0.78780829,0.00010928777,0.79899266
,0.911,0.089,0.0000052824578,0.76136113,0.000015963762,0.78128741,0.00004416876,0.79109009,0.00010508132,0.80208126
,0.912,0.088,0.0000050200122,0.76513749,0.000015239051,0.78477585,0.0000423311,0.79436088,0.00010101687,0.80515912
,0.913,0.087,0.0000047695123,0.76890236,0.000014544035,0.78825238,0.000040561469,0.79762033,0.000097090205,0.80822596
,0.914,0.086,0.00000453046,0.7726553,0.000013877615,0.79171661,0.000038857624,0.80086811,0.000093297228,0.8112815
,0.915,0.085,0.000004302376,0.77639586,0.000013238729,0.79516816,0.000037217387,0.80410389,0.000089633942,0.81432544
,0.916,0.084,0.0000040847992,0.7801236,0.000012626348,0.79860665,0.000035638642,0.80732735,0.000086096453,0.81735751
,0.917,0.083,0.0000038772864,0.78383804,0.000012039479,0.80203169,0.000034119338,0.81053815,0.000082680969,0.82037741
,0.918,0.082,0.0000036794112,0.78753874,0.000011477163,0.8054429,0.00003265748,0.81373596,0.000079383796,0.82338485
,0.919,0.081,0.0000034907637,0.79122525,0.000010938472,0.80883989,0.000031251136,0.81692046,0.000076201338,0.82637955
,0.92,0.08,0.0000033109498,0.79489709,0.00001042251,0.81222226,0.000029898427,0.82009131,0.000073130093,0.82936121
,0.921,0.079,0.0000031395909,0.79855382,0.0000099284108,0.81558963,0.000028597535,0.82324817,0.00007016665,0.83232955
,0.922,0.078,0.000002976323,0.80219496,0.0000094553393,0.81894161,0.000027346691,0.8263907,0.000067307691,0.83528426
,0.923,0.077,0.0000028207965,0.80582005,0.0000090024875,0.8222778,0.000026144184,0.82951858,0.000064549985,0.83822507
,0.924,0.076,0.0000026726755,0.80942863,0.000008569076,0.82559781,0.000024988352,0.83263147,0.000061890387,0.84115167
,0.925,0.075,0.0000025316374,0.81302023,0.000008154352,0.82890125,0.000023877582,0.83572903,0.000059325839,0.84406378
,0.926,0.074,0.0000023973724,0.81659437,0.000007757589,0.83218772,0.000022810314,0.83881092,0.000056853361,0.8469611
,0.927,0.073,0.0000022695831,0.8201506,0.0000073780858,0.83545683,0.000021785033,0.84187681,0.00005447006,0.84984334
,0.928,0.072,0.0000021479839,0.82368844,0.0000070151657,0.83870818,0.000020800271,0.84492635,0.000052173116,0.8527102
,0.929,0.071,0.0000020323008,0.82720741,0.000006668176,0.84194137,0.000019854605,0.84795921,0.000049959791,0.85556138
,0.93,0.07,0.0000019222707,0.83070705,0.0000063364868,0.84515601,0.000018946657,0.85097504,0.00004782742,0.8583966
,0.931,0.069,0.0000018176412,0.83418687,0.0000060194907,0.84835169,0.000018075092,0.85397351,0.000045773411,0.86121555
,0.932,0.068,0.0000017181704,0.83764642,0.000005716602,0.85152802,0.000017238615,0.85695428,0.000043795245,0.86401795
,0.933,0.067,0.0000016236259,0.8410852,0.0000054272557,0.8546846,0.000016435973,0.859917,0.000041890475,0.86680349
,0.934,0.066,0.0000015337852,0.84450275,0.0000051509074,0.85782104,0.000015665953,0.86286134,0.000040056719,0.86957188
,0.935,0.065,0.0000014484347,0.84789859,0.0000048870321,0.86093692,0.00001492738,0.86578695,0.000038291665,0.87232282
,0.936,0.064,0.0000013673698,0.85127224,0.0000046351241,0.86403185,0.000014219115,0.86869349,0.000036593066,0.87505602
,0.937,0.0629999999999999,0.0000012903943,0.85462322,0.0000043946958,0.86710544,0.000013540056,0.87158062,0.000034958736,0.87777118
,0.938,0.0620000000000001,0.0000012173202,0.85795107,0.0000041652776,0.87015728,0.000012889139,0.87444801,0.000033386555,0.88046801
,0.939,0.0610000000000001,0.0000011479675,0.86125529,0.0000039464172,0.87318698,0.000012265331,0.8772953,0.000031874463,0.8831462
,0.94,0.0600000000000001,0.0000010821635,0.86453541,0.0000037376789,0.87619412,0.000011667634,0.88012216,0.000030420458,0.88580547
,0.941,0.0590000000000001,0.0000010197431,0.86779096,0.0000035386429,0.87917833,0.000011095081,0.88292825,0.000029022596,0.88844552
,0.942,0.0580000000000001,0.00000096054812,0.87102146,0.0000033489056,0.88213919,0.000010546739,0.88571322,0.000027678991,0.89106605
,0.943,0.0570000000000001,0.00000090442694,0.87422643,0.0000031680778,0.88507631,0.000010021705,0.88847675,0.000026387812,0.89366677
,0.944,0.0560000000000001,0.00000085123462,0.8774054,0.0000029957854,0.88798928,0.0000095191029,0.89121848,0.00002514728,0.89624738
,0.945,0.0550000000000001,0.00000080083237,0.88055789,0.0000028316682,0.89087773,0.0000090380896,0.89393807,0.000023955669,0.89880759
,0.946,0.0540000000000001,0.0000007530874,0.88368342,0.0000026753797,0.89374123,0.0000085778477,0.8966352,0.000022811306,0.90134711
,0.947,0.0530000000000001,0.0000007078727,0.88678152,0.0000025265864,0.89657941,0.0000081375878,0.89930951,0.000021712565,0.90386563
,0.948,0.052,0.00000066506674,0.88985172,0.0000023849678,0.89939187,0.0000077165468,0.90196068,0.00002065787,0.90636288
,0.949,0.051,0.00000062455334,0.89289354,0.0000022502155,0.9021782,0.0000073139876,0.90458836,0.000019645694,0.90883855
,0.95,0.05,0.0000005862214,0.89590652,0.000002122033,0.90493803,0.0000069291978,0.90719223,0.000018674552,0.91129235
,0.951,0.049,0.00000054996472,0.89889017,0.0000020001354,0.90767095,0.0000065614894,0.90977193,0.000017743008,0.913724
,0.952,0.048,0.00000051568183,0.90184404,0.0000018842487,0.91037657,0.0000062101977,0.91232715,0.000016849667,0.9161332
,0.953,0.047,0.00000048327572,0.90476765,0.0000017741097,0.91305451,0.0000058746811,0.91485754,0.000015993177,0.91851966
,0.954,0.046,0.00000045265376,0.90766053,0.0000016694655,0.91570437,0.00000555432,0.91736277,0.000015172231,0.9208831
,0.955,0.045,0.00000042372744,0.91052223,0.0000015700733,0.91832578,0.0000052485163,0.91984251,0.000014385556,0.92322323
,0.956,0.044,0.00000039641227,0.91335228,0.0000014756995,0.92091833,0.0000049566925,0.92229643,0.000013631925,0.92553975
,0.957,0.043,0.00000037062757,0.91615021,0.0000013861203,0.92348166,0.0000046782917,0.9247242,0.000012910145,0.92783239
,0.958,0.042,0.00000034629632,0.91891557,0.0000013011205,0.92601537,0.0000044127761,0.9271255,0.000012219061,0.93010085
,0.959,0.041,0.00000032334502,0.92164791,0.0000012204936,0.92851909,0.0000041596273,0.92949999,0.000011557556,0.93234486
,0.96,0.04,0.00000030170355,0.92434675,0.0000011440414,0.93099243,0.000003918345,0.93184735,0.000010924547,0.93456413
,0.961,0.039,0.00000028130502,0.92701166,0.0000010715738,0.93343502,0.0000036884469,0.93416725,0.000010318985,0.93675839
,0.962,0.038,0.00000026208562,0.92964218,0.0000010029085,0.93584648,0.0000034694678,0.93645938,0.0000097398564,0.93892734
,0.963,0.037,0.00000024398452,0.93223786,0.00000093787043,0.93822644,0.0000032609592,0.93872341,0.0000091861775,0.94107071
,0.964,0.036,0.00000022694373,0.93479825,0.00000087629183,0.94057453,0.000003062489,0.94095903,0.000008656998,0.94318822
,0.965,0.035,0.00000021090799,0.93732292,0.00000081801186,0.94289037,0.0000028736407,0.94316591,0.0000081513978,0.94527961
,0.966,0.034,0.00000019582462,0.93981142,0.00000076287631,0.94517361,0.0000026940128,0.94534374,0.0000076684869,0.94734458
,0.967,0.033,0.00000018164346,0.94226332,0.00000071073742,0.94742388,0.0000025232188,0.9474922,0.0000072074043,0.94938287
,0.968,0.032,0.00000016831672,0.94467817,0.00000066145358,0.94964082,0.0000023608862,0.94961099,0.0000067673171,0.95139421
,0.969,0.031,0.0000001557989,0.94705556,0.00000061488916,0.95182406,0.0000022066564,0.95169979,0.00000634742,0.95337832
,0.97,0.03,0.00000014404669,0.94939504,0.00000057091423,0.95397325,0.000002060184,0.95375829,0.0000059469346,0.95533495
,0.971,0.029,0.00000013301886,0.95169621,0.00000052940438,0.95608803,0.0000019211367,0.95578619,0.0000055651079,0.95726381
,0.972,0.028,0.0000001226762,0.95395863,0.00000049024052,0.95816806,0.0000017891944,0.95778319,0.0000052012127,0.95916465
,0.973,0.027,0.00000011298137,0.95618189,0.00000045330863,0.96021299,0.0000016640494,0.95974898,0.0000048545457,0.9610372
,0.974,0.026,0.00000010389891,0.95836557,0.00000041849963,0.96222247,0.0000015454052,0.96168327,0.0000045244279,0.9628812
,0.975,0.025,0.000000095395057,0.96050926,0.00000038570913,0.96419615,0.0000014329771,0.96358575,0.0000042102028,0.96469639
,0.976,0.024,0.000000087437752,0.96261257,0.00000035483731,0.96613371,0.0000013264909,0.96545614,0.0000039112367,0.96648252
,0.977,0.023,0.000000079996513,0.96467508,0.00000032578867,0.9680348,0.0000012256832,0.96729413,0.0000036269176,0.96823932
,0.978,0.022,0.000000073042382,0.96669641,0.00000029847195,0.96989909,0.0000011303006,0.96909945,0.0000033566545,0.96996655
,0.979,0.021,0.000000066547858,0.96867614,0.00000027279988,0.97172626,0.0000010400996,0.9708718,0.0000030998767,0.97166395
,0.98,0.02,0.000000060486824,0.97061391,0.00000024868908,0.97351597,0.00000095484616,0.97261091,0.0000028560338,0.97333128
,0.981,0.019,0.000000054834489,0.97250932,0.00000022605989,0.9752679,0.00000087431558,0.97431648,0.0000026245942,0.97496828
,0.982,0.018,0.000000049567327,0.97436199,0.0000002048362,0.97698175,0.00000079829185,0.97598824,0.0000024050453,0.97657472
,0.983,0.017,0.000000044663014,0.97617155,0.00000018494535,0.97865718,0.00000072656761,0.97762591,0.0000021968926,0.97815034
,0.984,0.016,0.00000004010038,0.97793763,0.00000016631797,0.9802939,0.0000006589437,0.97922923,0.000001999659,0.97969492
,0.985,0.015,0.000000035859348,0.97965985,0.00000014888784,0.98189159,0.00000059522899,0.98079793,0.0000018128846,0.98120821
,0.986,0.014,0.00000003192089,0.98133788,0.00000013259177,0.98344995,0.00000053524001,0.98233172,0.0000016361259,0.98268998
,0.987,0.013,0.000000028266971,0.98297134,0.00000011736948,0.98496868,0.00000047880073,0.98383037,0.0000014689555,0.98413999
,0.988,0.012,0.000000024880507,0.98455988,0.00000010316348,0.9864475,0.00000042574227,0.98529359,0.0000013109615,0.98555802
,0.989,0.011,0.000000021745319,0.98610318,0.000000089918972,0.9878861,0.00000037590268,0.98672114,0.0000011617469,0.98694384
,0.99,0.01,0.000000018846089,0.98760087,0.000000077583692,0.9892842,0.00000032912663,0.98811277,0.0000010209294,0.98829723
,0.991,0.00900000000000001,0.000000016168318,0.98905264,0.000000066107856,0.99064153,0.00000028526526,0.98946821,0.00000088814071,0.98961795
,0.992,0.00800000000000001,0.000000013698289,0.99045816,0.00000005544403,0.99195779,0.00000024417586,0.99078724,0.00000076302624,0.99090581
,0.993,0.00700000000000001,0.000000011423029,0.99181709,0.000000045547037,0.99323273,0.00000020572172,0.99206959,0.00000064524459,0.99216057
,0.994,0.00600000000000001,0.0000000093302697,0.99312914,0.000000036373864,0.99446608,0.00000016977184,0.99331504,0.00000053446715,0.99338202
,0.995,0.005,0.0000000074084176,0.99439399,0.00000002788357,0.99565756,0.00000013620079,0.99452335,0.00000043037772,0.99456996
,0.996,0.004,0.0000000056465175,0.99561133,0.000000020037195,0.99680692,0.00000010488846,0.99569429,0.00000033267204,0.99572418
,0.997,0.003,0.0000000040342228,0.99678087,0.000000012797681,0.99791392,0.00000007571988,0.99682763,0.00000024105747,0.99684447
,0.998,0.002,0.0000000025617645,0.99790231,0.0000000061297839,0.99897829,0.000000048585022,0.99792314,0.00000015525258,0.99793064
,0.999,0.001,0.0000000012199229,0.99897538,0,0.9999998,0.000000023378623,0.9989806,0.000000074986794,0.99898248
,1,0,0,0.9999998,,,0,0.9999998,0,0.9999998
