X_Cu/;X_Al;a-Al(500);a-Cu(500);a-Al(600);a-Cu(600);a-Al(700);a-Cu(700);a-Al(800);a-Cu(800)
0;1;0.99999984;0.000115246;0.99999984;0.000147619;0.99900041;1.81049E-05;0.99900008;2.27683E-05
0.001;0.999;0.99900992;0.000115246;0.99900871;0.000147619;0.99900041;1.81049E-05;0.99900008;2.27683E-05
0.002;0.998;0.99804;0.000225909;0.99803518;0.000290067;0.99800162;3.61806E-05;0.99800029;4.55302E-05
0.003;0.997;0.99708988;0.000332161;0.99707908;0.000427517;0.99700357;5.42284E-05;0.9970006;6.82869E-05
0.004;0.996;0.99615935;0.000434162;0.99614021;0.000560136;0.99600623;7.22495E-05;0.99600097;9.10395E-05
0.005;0.995;0.99524819;0.000532071;0.99521839;0.000688085;0.99500954;9.02451E-05;0.99500136;0.000113789
0.006;0.994;0.9943562;0.000626037;0.99431343;0.000811519;0.99401348;0.000108216;0.99400175;0.000136537
0.007;0.993;0.99348317;0.000716207;0.99342516;0.00093059;0.99301798;0.000126165;0.99300209;0.000159285
0.008;0.992;0.99262889;0.00080272;0.99255338;0.001045442;0.99202302;0.000144091;0.99200235;0.000182034
0.009;0.991;0.99179316;0.000885712;0.99169793;0.001156217;0.99102853;0.000161997;0.9910025;0.000204784
0.01;0.99;0.99097579;0.000965312;0.99085861;0.00126305;0.99003449;0.000179883;0.9900025;0.000227538
0.011;0.989;0.99017656;0.001041646;0.99031296;0.001331523;0.98904085;0.000197751;0.98900232;0.000250296
0.012;0.988;0.98939528;0.001114833;0.99031296;0.001331523;0.98804755;0.000215602;0.98800192;0.00027306
0.013;0.987;0.98863176;0.001184991;0.99031296;0.001331523;0.98705457;0.000233436;0.98700126;0.00029583
0.014;0.986;0.9878858;0.001252231;0.99031296;0.001331523;0.98606185;0.000251256;0.98600031;0.000318609
0.015;0.985;0.9871572;0.001316661;0.99031296;0.001331523;0.98506935;0.000269063;0.98499904;0.000341396
0.016;0.984;0.98644578;0.001378385;0.99031296;0.001331523;0.98407703;0.000286857;0.98399742;0.000364194
0.017;0.983;0.98618661;0.001400578;0.99031296;0.001331523;0.98308485;0.000304639;0.9829954;0.000387004
0.018;0.982;0.98618661;0.001400578;0.99031296;0.001331523;0.98209275;0.000322412;0.98199295;0.000409826
0.019;0.981;0.98618661;0.001400578;0.99031296;0.001331523;0.98110071;0.000340175;0.98099004;0.000432663
0.02;0.98;0.98618661;0.001400578;0.99031296;0.001331523;0.98010867;0.000357931;0.97998663;0.000455514
0.021;0.979;0.98618661;0.001400578;0.99031296;0.001331523;0.97911659;0.00037568;0.97898269;0.000478382
0.022;0.978;0.98618661;0.001400578;0.99031296;0.001331523;0.97812444;0.000393424;0.97797819;0.000501268
0.023;0.977;0.98618661;0.001400578;0.99031296;0.001331523;0.97713216;0.000411164;0.97697308;0.000524172
0.024;0.976;0.98618661;0.001400578;0.99031296;0.001331523;0.97613971;0.0004289;0.97596735;0.000547096
0.025;0.975;0.98618661;0.001400578;0.99031296;0.001331523;0.97514705;0.000446634;0.97496094;0.000570042
0.026;0.974;0.98618661;0.001400578;0.99031296;0.001331523;0.97415414;0.000464367;0.97395384;0.00059301
0.027;0.973;0.98618661;0.001400578;0.99031296;0.001331523;0.97316094;0.000482101;0.97294599;0.000616001
0.028;0.972;0.98618661;0.001400578;0.99031296;0.001331523;0.9721674;0.000499836;0.97193738;0.000639017
0.029;0.971;0.98618661;0.001400578;0.99031296;0.001331523;0.97117348;0.000517574;0.97092796;0.00066206
0.03;0.97;0.98618661;0.001400578;0.99031296;0.001331523;0.97017914;0.000535315;0.96991771;0.000685129
0.031;0.969;0.98618661;0.001400578;0.99031296;0.001331523;0.96918433;0.000553061;0.96890658;0.000708228
0.032;0.968;0.98618661;0.001400578;0.99031296;0.001331523;0.96818902;0.000570814;0.96789455;0.000731355
0.033;0.967;0.98618661;0.001400578;0.99031296;0.001331523;0.96719316;0.000588573;0.96688157;0.000754514
0.034;0.966;0.98618661;0.001400578;0.99031296;0.001331523;0.96619671;0.000606341;0.96586763;0.000777705
0.035;0.965;0.98618661;0.001400578;0.99031296;0.001331523;0.96519963;0.000624118;0.96485268;0.000800929
0.036;0.964;0.98618661;0.001400578;0.99031296;0.001331523;0.96420187;0.000641905;0.96383669;0.000824187
0.037;0.963;0.98618661;0.001400578;0.99031296;0.001331523;0.96320339;0.000659705;0.96281962;0.000847482
0.038;0.962;0.98618661;0.001400578;0.99031296;0.001331523;0.96220416;0.000677517;0.96180145;0.000870813
0.039;0.961;0.98618661;0.001400578;0.99031296;0.001331523;0.96120413;0.000695343;0.96078214;0.000894183
0.04;0.96;0.98618661;0.001400578;0.99031296;0.001331523;0.96020326;0.000713184;0.95976166;0.000917592
0.041;0.959;0.98618661;0.001400578;0.99031296;0.001331523;0.95920151;0.000731041;0.95873997;0.000941041
0.042;0.958;0.98618661;0.001400578;0.99031296;0.001331523;0.95819883;0.000748916;0.95771705;0.000964533
0.043;0.957;0.98618661;0.001400578;0.99031296;0.001331523;0.95719519;0.000766809;0.95669285;0.000988068
0.044;0.956;0.98618661;0.001400578;0.99031296;0.001331523;0.95619054;0.000784722;0.95566734;0.001011647
0.045;0.955;0.98618661;0.001400578;0.99031296;0.001331523;0.95518485;0.000802656;0.9546405;0.001035272
0.046;0.954;0.98618661;0.001400578;0.99031296;0.001331523;0.95417806;0.000820612;0.95361229;0.001058944
0.047;0.953;0.98618661;0.001400578;0.99031296;0.001331523;0.95317015;0.00083859;0.95258268;0.001082664
0.048;0.952;0.98618661;0.001400578;0.99031296;0.001331523;0.95216107;0.000856593;0.95155163;0.001106433
0.049;0.951;0.98618661;0.001400578;0.99031296;0.001331523;0.95115078;0.000874622;0.95051911;0.001130253
0.05;0.95;0.98618661;0.001400578;0.99031296;0.001331523;0.95013924;0.000892676;0.9494851;0.001154125
0.051;0.949;0.98618661;0.001400578;0.99031296;0.001331523;0.94912641;0.000910759;0.94844955;0.00117805
0.052;0.948;0.98618661;0.001400578;0.99031296;0.001331523;0.94811224;0.00092887;0.94741243;0.001202029
0.053;0.947;0.98618661;0.001400578;0.99031296;0.001331523;0.94709671;0.000947011;0.94637372;0.001226064
0.054;0.946;0.98618661;0.001400578;0.99031296;0.001331523;0.94607976;0.000965183;0.94533338;0.001250156
0.055;0.945;0.98618661;0.001400578;0.99031296;0.001331523;0.94506136;0.000983387;0.94429138;0.001274307
0.056;0.944;0.98618661;0.001400578;0.99031296;0.001331523;0.94404146;0.001001625;0.94324769;0.001298517
0.057;0.943;0.98618661;0.001400578;0.99031296;0.001331523;0.94302004;0.001019897;0.94220227;0.001322787
0.058;0.942;0.98618661;0.001400578;0.99031296;0.001331523;0.94199704;0.001038205;0.9411551;0.00134712
0.059;0.941;0.98618661;0.001400578;0.99031296;0.001331523;0.94097243;0.00105655;0.94010614;0.001371516
0.06;0.94;0.98618661;0.001400578;0.99031296;0.001331523;0.93994618;0.001074932;0.93905536;0.001395977
0.061;0.939;0.98618661;0.001400578;0.99031296;0.001331523;0.93891823;0.001093354;0.93800273;0.001420504
0.062;0.938;0.98618661;0.001400578;0.99031296;0.001331523;0.93788855;0.001111816;0.93694821;0.001445099
0.063;0.937;0.98618661;0.001400578;0.99031296;0.001331523;0.9368571;0.00113032;0.93589179;0.001469762
0.064;0.936;0.98618661;0.001400578;0.99031296;0.001331523;0.93582385;0.001148866;0.93483342;0.001494495
0.065;0.935;0.98618661;0.001400578;0.99031296;0.001331523;0.93478875;0.001167456;0.93377307;0.001519299
0.066;0.934;0.98618661;0.001400578;0.99031296;0.001331523;0.93375176;0.001186091;0.93271072;0.001544176
0.067;0.933;0.98618661;0.001400578;0.99031296;0.001331523;0.93271285;0.001204772;0.93164634;0.001569126
0.068;0.932;0.98618661;0.001400578;0.99031296;0.001331523;0.93167197;0.001223501;0.93057988;0.001594152
0.069;0.931;0.98618661;0.001400578;0.99031296;0.001331523;0.9306291;0.001242278;0.92951133;0.001619255
0.07;0.93;0.98618661;0.001400578;0.99031296;0.001331523;0.92958418;0.001261105;0.92844064;0.001644435
0.071;0.929;0.98618661;0.001400578;0.99031296;0.001331523;0.92853719;0.001279982;0.9273678;0.001669695
0.072;0.928;0.98618661;0.001400578;0.99031296;0.001331523;0.92748808;0.001298912;0.92629277;0.001695035
0.073;0.927;0.98618661;0.001400578;0.99031296;0.001331523;0.92643681;0.001317895;0.92521552;0.001720458
0.074;0.926;0.98618661;0.001400578;0.99031296;0.001331523;0.92538336;0.001336933;0.92413602;0.001745964
0.075;0.925;0.98618661;0.001400578;0.99031296;0.001331523;0.92432767;0.001356026;0.92305424;0.001771554
0.076;0.924;0.98618661;0.001400578;0.99031296;0.001331523;0.92326972;0.001375176;0.92197016;0.001797231
0.077;0.923;0.98618661;0.001400578;0.99031296;0.001331523;0.92220946;0.001394384;0.92088373;0.001822996
0.078;0.922;0.98618661;0.001400578;0.99031296;0.001331523;0.92114686;0.001413651;0.91979493;0.001848849
0.079;0.921;0.98618661;0.001400578;0.99031296;0.001331523;0.92008189;0.00143298;0.91870374;0.001874792
0.08;0.92;0.98618661;0.001400578;0.99031296;0.001331523;0.91901449;0.001452369;0.91761012;0.001900828
0.081;0.919;0.98618661;0.001400578;0.99031296;0.001331523;0.91794464;0.001471822;0.91651404;0.001926956
0.082;0.918;0.98618661;0.001400578;0.99031296;0.001331523;0.9168723;0.001491339;0.91541547;0.001953179
0.083;0.917;0.98618661;0.001400578;0.99031296;0.001331523;0.91579744;0.001510922;0.9143144;0.001979498
0.084;0.916;0.98618661;0.001400578;0.99031296;0.001331523;0.91472001;0.001530571;0.91321077;0.002005915
0.085;0.915;0.98618661;0.001400578;0.99031296;0.001331523;0.91363999;0.001550288;0.91210458;0.00203243
0.086;0.914;0.98618661;0.001400578;0.99031296;0.001331523;0.91255732;0.001570074;0.91099578;0.002059046
0.087;0.913;0.98618661;0.001400578;0.99031296;0.001331523;0.91147199;0.001589931;0.90988435;0.002085763
0.088;0.912;0.98618661;0.001400578;0.99031296;0.001331523;0.91038395;0.00160986;0.90877027;0.002112584
0.089;0.911;0.98618661;0.001400578;0.99031296;0.001331523;0.90929316;0.001629861;0.9076535;0.002139509
0.09;0.91;0.98618661;0.001400578;0.99031296;0.001331523;0.9081996;0.001649937;0.90653401;0.00216654
0.091;0.909;0.98618661;0.001400578;0.99031296;0.001331523;0.90710322;0.001670089;0.90541178;0.002193679
0.092;0.908;0.98618661;0.001400578;0.99031296;0.001331523;0.90600399;0.001690317;0.90428679;0.002220928
0.093;0.907;0.98618661;0.001400578;0.99031296;0.001331523;0.90490188;0.001710623;0.90315899;0.002248287
0.094;0.906;0.98618661;0.001400578;0.99031296;0.001331523;0.90379685;0.001731009;0.90202837;0.002275758
0.095;0.905;0.98618661;0.001400578;0.99031296;0.001331523;0.90268886;0.001751475;0.9008949;0.002303342
0.096;0.904;0.98618661;0.001400578;0.99031296;0.001331523;0.90157789;0.001772024;0.89975854;0.002331042
0.097;0.903;0.98618661;0.001400578;0.99031296;0.001331523;0.90046389;0.001792656;0.89861928;0.002358859
0.098;0.902;0.98618661;0.001400578;0.99031296;0.001331523;0.89934684;0.001813372;0.89747708;0.002386794
0.099;0.901;0.98618661;0.001400578;0.99031296;0.001331523;0.89822669;0.001834175;0.89633193;0.002414849
0.1;0.9;0.98618661;0.001400578;0.99031296;0.001331523;0.89710342;0.001855065;0.89518378;0.002443025
0.101;0.899;0.98618661;0.001400578;0.98913442;0.001345789;0.89597698;0.001876043;0.89403262;0.002471324
0.102;0.898;0.98618661;0.001400578;0.98793089;0.001360371;0.89484736;0.001897112;0.89287842;0.002499747
0.103;0.897;0.98618661;0.001400578;0.98672363;0.001375015;0.89371451;0.001918272;0.89172116;0.002528297
0.104;0.896;0.98618661;0.001400578;0.98551259;0.00138972;0.89257839;0.001939525;0.8905608;0.002556974
0.105;0.895;0.98618661;0.001400578;0.98429773;0.001404487;0.89143899;0.001960872;0.88939732;0.002585781
0.106;0.894;0.98618661;0.001400578;0.98307899;0.001419319;0.89029626;0.001982314;0.88823069;0.002614718
0.107;0.893;0.98618661;0.001400578;0.98185633;0.001434215;0.88915017;0.002003853;0.8870609;0.002643788
0.108;0.892;0.98618661;0.001400578;0.9806297;0.001449178;0.88800069;0.002025491;0.88588791;0.002672992
0.109;0.891;0.98618661;0.001400578;0.97939907;0.001464208;0.88684779;0.002047228;0.8847117;0.002702332
0.11;0.89;0.98618661;0.001400578;0.97816437;0.001479306;0.88569144;0.002069066;0.88353224;0.00273181
0.111;0.889;0.98618661;0.001400578;0.97692558;0.001494474;0.88453159;0.002091007;0.88234951;0.002761426
0.112;0.888;0.98618661;0.001400578;0.97568263;0.001509712;0.88336823;0.002113052;0.88116348;0.002791183
0.113;0.887;0.98618661;0.001400578;0.9744355;0.001525023;0.88220132;0.002135202;0.87997414;0.002821083
0.114;0.886;0.98618661;0.001400578;0.97318413;0.001540406;0.88103083;0.002157459;0.87878145;0.002851127
0.115;0.885;0.98618661;0.001400578;0.97192848;0.001555864;0.87985672;0.002179825;0.87758539;0.002881317
0.116;0.884;0.98618661;0.001400578;0.97066851;0.001571397;0.87867897;0.0022023;0.87638593;0.002911654
0.117;0.883;0.98618661;0.001400578;0.96940417;0.001587006;0.87749755;0.002224886;0.87518306;0.00294214
0.118;0.882;0.98618661;0.001400578;0.96813541;0.001602694;0.87631242;0.002247585;0.87397675;0.002972778
0.119;0.881;0.98618661;0.001400578;0.96686221;0.00161846;0.87512356;0.002270398;0.87276697;0.003003568
0.12;0.88;0.98618661;0.001400578;0.9655845;0.001634307;0.87393093;0.002293326;0.8715537;0.003034513
0.121;0.879;0.98618661;0.001400578;0.96430226;0.001650235;0.87273451;0.002316372;0.87033693;0.003065614
0.122;0.878;0.98618661;0.001400578;0.96301543;0.001666245;0.87153427;0.002339537;0.86911662;0.003096873
0.123;0.877;0.98618661;0.001400578;0.96172399;0.00168234;0.87033017;0.002362822;0.86789275;0.003128292
0.124;0.876;0.98618661;0.001400578;0.96042787;0.001698519;0.86912219;0.002386228;0.8666653;0.003159873
0.125;0.875;0.98618661;0.001400578;0.95912705;0.001714785;0.86791029;0.002409758;0.86543425;0.003191617
0.126;0.874;0.98618661;0.001400578;0.95782149;0.001731138;0.86669446;0.002433413;0.86419957;0.003223526
0.127;0.873;0.98618661;0.001400578;0.95651113;0.001747581;0.86547466;0.002457194;0.86296125;0.003255603
0.128;0.872;0.98618661;0.001400578;0.95519594;0.001764113;0.86425086;0.002481103;0.86171926;0.003287848
0.129;0.871;0.98618661;0.001400578;0.95387589;0.001780737;0.86302303;0.002505142;0.86047358;0.003320265
0.13;0.87;0.98618661;0.001400578;0.95255093;0.001797453;0.86179115;0.002529312;0.85922419;0.003352854
0.131;0.869;0.98618661;0.001400578;0.95122102;0.001814264;0.8605552;0.002553614;0.85797106;0.003385618
0.132;0.868;0.98618661;0.001400578;0.94988612;0.001831169;0.85931513;0.002578051;0.85671418;0.003418558
0.133;0.867;0.98618661;0.001400578;0.9485462;0.001848171;0.85807093;0.002602624;0.85545353;0.003451676
0.134;0.866;0.98618661;0.001400578;0.94720121;0.001865272;0.85682257;0.002627335;0.85418908;0.003484975
0.135;0.865;0.98618661;0.001400578;0.94585111;0.001882471;0.85557002;0.002652185;0.85292081;0.003518457
0.136;0.864;0.98618661;0.001400578;0.94449588;0.001899771;0.85431325;0.002677176;0.85164871;0.003552122
0.137;0.863;0.98618661;0.001400578;0.94313547;0.001917173;0.85305225;0.00270231;0.85037275;0.003585974
0.138;0.862;0.98618661;0.001400578;0.94176984;0.001934678;0.85178698;0.002727588;0.84909292;0.003620014
0.139;0.861;0.98618661;0.001400578;0.94039896;0.001952288;0.85051741;0.002753013;0.84780919;0.003654244
0.14;0.86;0.98618661;0.001400578;0.93902279;0.001970004;0.84924353;0.002778585;0.84652154;0.003688666
0.141;0.859;0.98618661;0.001400578;0.93764129;0.001987827;0.84796531;0.002804306;0.84522996;0.003723283
0.142;0.858;0.98618661;0.001400578;0.93625444;0.002005759;0.84668272;0.002830179;0.84393443;0.003758096
0.143;0.857;0.98618661;0.001400578;0.93486218;0.002023801;0.84539574;0.002856205;0.84263492;0.003793107
0.144;0.856;0.98618661;0.001400578;0.9334645;0.002041955;0.84410435;0.002882386;0.84133143;0.003828319
0.145;0.855;0.98618661;0.001400578;0.93206135;0.002060222;0.84280851;0.002908723;0.84002393;0.003863733
0.146;0.854;0.98618661;0.001400578;0.93065269;0.002078604;0.84150822;0.002935218;0.8387124;0.003899351
0.147;0.853;0.98618661;0.001400578;0.9292385;0.002097101;0.84020343;0.002961874;0.83739682;0.003935176
0.148;0.852;0.98618661;0.001400578;0.92781875;0.002115716;0.83889414;0.002988691;0.83607719;0.003971211
0.149;0.851;0.98618661;0.001400578;0.92639339;0.00213445;0.83758031;0.003015673;0.83475347;0.004007456
0.15;0.85;0.98618661;0.001400578;0.92496239;0.002153304;0.83626193;0.00304282;0.83342566;0.004043914
0.151;0.849;0.98618661;0.001400578;0.92352573;0.002172281;0.83493898;0.003070134;0.83209373;0.004080587
0.152;0.848;0.98618661;0.001400578;0.92208337;0.00219138;0.83361142;0.003097618;0.83075768;0.004117478
0.153;0.847;0.98618661;0.001400578;0.92063528;0.002210604;0.83227924;0.003125273;0.82941748;0.004154589
0.154;0.846;0.98618661;0.001400578;0.91918142;0.002229955;0.83094242;0.003153101;0.82807311;0.004191921
0.155;0.845;0.98618661;0.001400578;0.91772177;0.002249434;0.82960094;0.003181105;0.82672457;0.004229478
0.156;0.844;0.98618661;0.001400578;0.9162563;0.002269043;0.82825477;0.003209285;0.82537183;0.004267261
0.157;0.843;0.98618661;0.001400578;0.91478497;0.002288782;0.8269039;0.003237644;0.82401489;0.004305273
0.158;0.842;0.98618661;0.001400578;0.91330776;0.002308655;0.82554831;0.003266184;0.82265372;0.004343515
0.159;0.841;0.98618661;0.001400578;0.91182463;0.002328661;0.82418797;0.003294908;0.82128831;0.004381991
0.16;0.84;0.98618661;0.001400578;0.91033556;0.002348804;0.82282286;0.003323816;0.81991865;0.004420703
0.161;0.839;0.98618661;0.001400578;0.90884052;0.002369084;0.82145298;0.00335291;0.81854471;0.004459652
0.162;0.838;0.98618661;0.001400578;0.90733948;0.002389503;0.82007829;0.003382194;0.8171665;0.004498842
0.163;0.837;0.98618661;0.001400578;0.90583242;0.002410063;0.81869878;0.003411669;0.81578399;0.004538275
0.164;0.836;0.98618661;0.001400578;0.9043193;0.002430765;0.81731443;0.003441337;0.81439717;0.004577952
0.165;0.835;0.98618661;0.001400578;0.9028001;0.002451612;0.81592523;0.0034712;0.81300603;0.004617877
0.166;0.834;0.98618661;0.001400578;0.90127479;0.002472605;0.81453114;0.00350126;0.81161055;0.004658052
0.167;0.833;0.98618661;0.001400578;0.89974335;0.002493745;0.81313217;0.003531519;0.81021072;0.00469848
0.168;0.832;0.98618661;0.001400578;0.89820575;0.002515034;0.81172829;0.00356198;0.80880653;0.004739162
0.169;0.831;0.98618661;0.001400578;0.89666197;0.002536475;0.81031949;0.003592645;0.80739797;0.004780102
0.17;0.83;0.98618661;0.001400578;0.89511198;0.002558068;0.80890574;0.003623515;0.80598502;0.004821301
0.171;0.829;0.98618661;0.001400578;0.89355576;0.002579816;0.80748703;0.003654593;0.80456767;0.004862763
0.172;0.828;0.98618661;0.001400578;0.89199328;0.00260172;0.80606335;0.003685881;0.80314592;0.00490449
0.173;0.827;0.98618661;0.001400578;0.89042453;0.002623782;0.80463468;0.003717381;0.80171974;0.004946484
0.174;0.826;0.98618661;0.001400578;0.88884947;0.002646005;0.80320101;0.003749096;0.80028913;0.004988748
0.175;0.825;0.98618661;0.001400578;0.88726808;0.002668389;0.80176232;0.003781028;0.79885409;0.005031285
0.176;0.824;0.98618661;0.001400578;0.88568036;0.002690936;0.8003186;0.003813179;0.79741459;0.005074098
0.177;0.823;0.98618661;0.001400578;0.88408626;0.002713649;0.79886983;0.003845551;0.79597063;0.005117188
0.178;0.822;0.98618661;0.001400578;0.88248578;0.00273653;0.797416;0.003878147;0.7945222;0.005160559
0.179;0.821;0.98618661;0.001400578;0.88087889;0.00275958;0.79595709;0.003910969;0.79306928;0.005204213
0.18;0.82;0.98618661;0.001400578;0.87926557;0.002782801;0.7944931;0.00394402;0.79161188;0.005248154
0.181;0.819;0.98618661;0.001400578;0.8776458;0.002806195;0.79302402;0.003977301;0.79014998;0.005292383
0.182;0.818;0.98618661;0.001400578;0.87601957;0.002829764;0.79154982;0.004010815;0.78868357;0.005336904
0.183;0.817;0.98618661;0.001400578;0.87438685;0.00285351;0.7900705;0.004044564;0.78721265;0.005381719
0.184;0.816;0.98618661;0.001400578;0.87274763;0.002877435;0.78858604;0.004078552;0.7857372;0.005426831
0.185;0.815;0.98618661;0.001400578;0.87110189;0.002901541;0.78709644;0.00411278;0.78425723;0.005472243
0.186;0.814;0.98618661;0.001400578;0.86944961;0.00292583;0.78560168;0.004147251;0.78277271;0.005517958
0.187;0.813;0.98618661;0.001400578;0.86779078;0.002950305;0.78410176;0.004181967;0.78128365;0.005563978
0.188;0.812;0.98618661;0.001400578;0.86612538;0.002974966;0.78259666;0.004216931;0.77979004;0.005610308
0.189;0.811;0.98618661;0.001400578;0.8644534;0.002999817;0.78108638;0.004252145;0.77829187;0.005656948
0.19;0.81;0.98618661;0.001400578;0.86277481;0.003024859;0.7795709;0.004287613;0.77678913;0.005703903
0.191;0.809;0.98618661;0.001400578;0.86108962;0.003050094;0.77805022;0.004323335;0.77528183;0.005751176
0.192;0.808;0.98618661;0.001400578;0.85939779;0.003075525;0.77652433;0.004359316;0.77376995;0.005798768
0.193;0.807;0.98618661;0.001400578;0.85769933;0.003101154;0.77499322;0.004395558;0.77225348;0.005846684
0.194;0.806;0.98618661;0.001400578;0.85599421;0.003126982;0.77345688;0.004432063;0.77073244;0.005894927
0.195;0.805;0.98618661;0.001400578;0.85428243;0.003153013;0.7719153;0.004468835;0.7692068;0.005943499
0.196;0.804;0.98618661;0.001400578;0.85256397;0.003179248;0.77036849;0.004505875;0.76767657;0.005992403
0.197;0.803;0.98618661;0.001400578;0.85083883;0.003205689;0.76881643;0.004543186;0.76614174;0.006041643
0.198;0.802;0.98618661;0.001400578;0.84910698;0.00323234;0.76725911;0.004580772;0.76460231;0.006091222
0.199;0.801;0.98618661;0.001400578;0.84736843;0.003259201;0.76569654;0.004618635;0.76305827;0.006141143
0.2;0.8;0.98618661;0.001400578;0.84562316;0.003286276;0.7641287;0.004656777;0.76150963;0.006191409
0.201;0.799;0.98618661;0.001400578;0.84387116;0.003313566;0.76255559;0.004695202;0.75995637;0.006242023
0.202;0.798;0.98618661;0.001400578;0.84211243;0.003341075;0.76097721;0.004733913;0.75839851;0.006292989
0.203;0.797;0.98618661;0.001400578;0.84034696;0.003368804;0.75939355;0.004772912;0.75683602;0.00634431
0.204;0.796;0.98618661;0.001400578;0.83857473;0.003396756;0.75780461;0.004812201;0.75526893;0.006395989
0.205;0.795;0.98618661;0.001400578;0.83679576;0.003424933;0.75621038;0.004851786;0.75369721;0.006448029
0.206;0.794;0.98618661;0.001400578;0.83501002;0.003453338;0.75461087;0.004891667;0.75212088;0.006500434
0.207;0.793;0.98618661;0.001400578;0.83321751;0.003481973;0.75300607;0.004931848;0.75053993;0.006553207
0.208;0.792;0.98618661;0.001400578;0.83141823;0.00351084;0.75139597;0.004972332;0.74895436;0.006606352
0.209;0.791;0.98618661;0.001400578;0.82961217;0.003539943;0.74978059;0.005013122;0.74736417;0.006659872
0.21;0.79;0.98618661;0.001400578;0.82779933;0.003569283;0.74815991;0.005054221;0.74576936;0.00671377
0.211;0.789;0.98618661;0.001400578;0.82597971;0.003598864;0.74653394;0.005095632;0.74416994;0.00676805
0.212;0.788;0.98618661;0.001400578;0.82415331;0.003628687;0.74490267;0.005137359;0.7425659;0.006822716
0.213;0.787;0.98618661;0.001400578;0.82232012;0.003658756;0.74326611;0.005179404;0.74095724;0.006877771
0.214;0.786;0.98618661;0.001400578;0.82048014;0.003689073;0.74162425;0.00522177;0.73934398;0.006933218
0.215;0.785;0.98618661;0.001400578;0.81863336;0.003719641;0.7399771;0.005264461;0.7377261;0.006989061
0.216;0.784;0.98618661;0.001400578;0.8167798;0.003750462;0.73832466;0.00530748;0.73610361;0.007045304
0.217;0.783;0.98618661;0.001400578;0.81491946;0.003781539;0.73666694;0.00535083;0.73447652;0.007101951
0.218;0.782;0.98618661;0.001400578;0.81305232;0.003812876;0.73500392;0.005394515;0.73284483;0.007159005
0.219;0.781;0.98618661;0.001400578;0.8111784;0.003844473;0.73333562;0.005438537;0.73120854;0.00721647
0.22;0.78;0.98618661;0.001400578;0.80929769;0.003876336;0.73166204;0.005482901;0.72956765;0.007274349
0.221;0.779;0.98618661;0.001400578;0.8074102;0.003908465;0.72998319;0.005527609;0.72792218;0.007332647
0.222;0.778;0.98618661;0.001400578;0.80551594;0.003940865;0.72829906;0.005572664;0.72627212;0.007391367
0.223;0.777;0.98618661;0.001400578;0.8036149;0.003973538;0.72660966;0.005618071;0.72461748;0.007450513
0.224;0.776;0.98618661;0.001400578;0.8017071;0.004006486;0.724915;0.005663833;0.72295826;0.007510089
0.225;0.775;0.98618661;0.001400578;0.79979253;0.004039714;0.72321509;0.005709953;0.72129448;0.007570099
0.226;0.774;0.98618661;0.001400578;0.79787121;0.004073223;0.72150992;0.005756434;0.71962613;0.007630547
0.227;0.773;0.98618661;0.001400578;0.79594313;0.004107017;0.71979951;0.005803281;0.71795323;0.007691436
0.228;0.772;0.98618661;0.001400578;0.79400832;0.004141099;0.71808386;0.005850497;0.71627578;0.007752772
0.229;0.771;0.98618661;0.001400578;0.79206677;0.004175472;0.71636297;0.005898085;0.71459379;0.007814557
0.23;0.77;0.98618661;0.001400578;0.7901185;0.004210139;0.71463687;0.005946049;0.71290726;0.007876797
0.231;0.769;0.98618661;0.001400578;0.78816351;0.004245103;0.71290555;0.005994394;0.71121621;0.007939494
0.232;0.768;0.98618661;0.001400578;0.78620181;0.004280367;0.71116903;0.006043121;0.70952063;0.008002654
0.233;0.767;0.98618661;0.001400578;0.78423342;0.004315935;0.70942731;0.006092236;0.70782055;0.00806628
0.234;0.766;0.98618661;0.001400578;0.78225834;0.004351809;0.7076804;0.006141742;0.70611597;0.008130377
0.235;0.765;0.98618661;0.001400578;0.78027659;0.004387994;0.70592831;0.006191643;0.7044069;0.008194948
0.236;0.764;0.98618661;0.001400578;0.77828818;0.004424491;0.70417106;0.006241943;0.70269335;0.008259999
0.237;0.763;0.98618661;0.001400578;0.77629312;0.004461305;0.70240866;0.006292645;0.70097533;0.008325534
0.238;0.762;0.98618661;0.001400578;0.77429144;0.004498439;0.70064111;0.006343754;0.69925285;0.008391556
0.239;0.761;0.98618661;0.001400578;0.77228313;0.004535896;0.69886843;0.006395273;0.69752592;0.00845807
0.24;0.76;0.98618661;0.001400578;0.77026822;0.00457368;0.69709063;0.006447207;0.69579455;0.008525082
0.241;0.759;0.98618661;0.001400578;0.76824672;0.004611794;0.69530772;0.006499559;0.69405875;0.008592594
0.242;0.758;0.98618661;0.001400578;0.76621865;0.004650241;0.69351972;0.006552334;0.69231855;0.008660613
0.243;0.757;0.98618661;0.001400578;0.76418403;0.004689026;0.69172664;0.006605536;0.69057394;0.008729141
0.244;0.756;0.98618661;0.001400578;0.76214287;0.004728151;0.6899285;0.006659169;0.68882494;0.008798185
0.245;0.755;0.98618661;0.001400578;0.76009519;0.004767621;0.68812531;0.006713237;0.68707157;0.008867748
0.246;0.754;0.98618661;0.001400578;0.75804102;0.004807438;0.68631708;0.006767744;0.68531384;0.008937835
0.247;0.753;0.98618661;0.001400578;0.75598036;0.004847607;0.68450383;0.006822694;0.68355176;0.009008451
0.248;0.752;0.98618661;0.001400578;0.75391325;0.004888132;0.68268559;0.006878093;0.68178535;0.0090796
0.249;0.751;0.98618661;0.001400578;0.7518397;0.004929015;0.68086235;0.006933944;0.68001462;0.009151288
0.25;0.75;0.98618661;0.001400578;0.74975974;0.004970261;0.67903415;0.006990251;0.67823959;0.00922352
0.251;0.749;0.98618661;0.001400578;0.74767338;0.005011874;0.677201;0.00704702;0.67646027;0.009296299
0.252;0.748;0.98618661;0.001400578;0.74558065;0.005053857;0.67536291;0.007104254;0.67467668;0.009369632
0.253;0.747;0.98618661;0.001400578;0.74348158;0.005096214;0.67351991;0.007161958;0.67288883;0.009443523
0.254;0.746;0.98618661;0.001400578;0.74137619;0.00513895;0.67167202;0.007220137;0.67109675;0.009517976
0.255;0.745;0.98618661;0.001400578;0.7392645;0.005182068;0.66981925;0.007278795;0.66930045;0.009592998
0.256;0.744;0.98618661;0.001400578;0.73714653;0.005225573;0.66796163;0.007337937;0.66749994;0.009668593
0.257;0.743;0.98618661;0.001400578;0.73502233;0.005269468;0.66609917;0.007397567;0.66569525;0.009744766
0.258;0.742;0.98618661;0.001400578;0.73289191;0.005313757;0.6642319;0.007457691;0.66388639;0.009821522
0.259;0.741;0.98618661;0.001400578;0.7307553;0.005358445;0.66235983;0.007518312;0.66207338;0.009898867
0.26;0.74;0.98618661;0.001400578;0.72861253;0.005403536;0.660483;0.007579437;0.66025625;0.009976806
0.261;0.739;0.98618661;0.001400578;0.72646363;0.005449034;0.65860142;0.007641069;0.658435;0.010055345
0.262;0.738;0.98618661;0.001400578;0.72430863;0.005494943;0.65671512;0.007703214;0.65660966;0.010134488
0.263;0.737;0.98618661;0.001400578;0.72214756;0.005541268;0.65482411;0.007765876;0.65478026;0.01021424
0.264;0.736;0.98618661;0.001400578;0.71998045;0.005588013;0.65292843;0.007829061;0.6529468;0.010294609
0.265;0.735;0.98618661;0.001400578;0.71780733;0.005635182;0.6510281;0.007892773;0.65110932;0.010375598
0.266;0.734;0.98618661;0.001400578;0.71562823;0.00568278;0.64912314;0.007957018;0.64926783;0.010457213
0.267;0.733;0.98618661;0.001400578;0.7134432;0.005730812;0.64721358;0.008021801;0.64742236;0.010539461
0.268;0.732;0.98618661;0.001400578;0.71125226;0.005779281;0.64529944;0.008087127;0.64557292;0.010622346
0.269;0.731;0.98618661;0.001400578;0.70905544;0.005828193;0.64338075;0.008153002;0.64371954;0.010705874
0.27;0.73;0.98618661;0.001400578;0.70685279;0.005877553;0.64145754;0.00821943;0.64186225;0.010790052
0.271;0.729;0.98618661;0.001400578;0.70464434;0.005927364;0.63952984;0.008286416;0.64000106;0.010874884
0.272;0.728;0.98618661;0.001400578;0.70243012;0.005977632;0.63759767;0.008353967;0.63813601;0.010960377
0.273;0.727;0.98618661;0.001400578;0.70021018;0.006028361;0.63566106;0.008422088;0.6362671;0.011046537
0.274;0.726;0.98618661;0.001400578;0.69798454;0.006079556;0.63372004;0.008490784;0.63439438;0.011133369
0.275;0.725;0.98618661;0.001400578;0.69575326;0.006131223;0.63177464;0.008560061;0.63251786;0.011220879
0.276;0.724;0.98618661;0.001400578;0.69351636;0.006183366;0.62982489;0.008629924;0.63063757;0.011309074
0.277;0.723;0.98618661;0.001400578;0.6912739;0.006235989;0.62787081;0.008700379;0.62875353;0.01139796
0.278;0.722;0.98618661;0.001400578;0.6890259;0.006289099;0.62591245;0.008771432;0.62686578;0.011487542
0.279;0.721;0.98618661;0.001400578;0.68677241;0.0063427;0.62394983;0.008843088;0.62497433;0.011577826
0.28;0.72;0.98618661;0.001400578;0.68451348;0.006396798;0.62198298;0.008915353;0.62307922;0.01166882
0.281;0.719;0.98618661;0.001400578;0.68224914;0.006451397;0.62001194;0.008988234;0.62118047;0.01176053
0.282;0.718;0.98618661;0.001400578;0.67997944;0.006506503;0.61803674;0.009061736;0.6192781;0.011852961
0.283;0.717;0.98618661;0.001400578;0.67770443;0.006562121;0.6160574;0.009135864;0.61737216;0.01194612
0.284;0.716;0.98618661;0.001400578;0.67542414;0.006618257;0.61407397;0.009210626;0.61546266;0.012040013
0.285;0.715;0.98618661;0.001400578;0.67313862;0.006674915;0.61208648;0.009286027;0.61354963;0.012134648
0.286;0.714;0.98618661;0.001400578;0.67084793;0.006732103;0.61009497;0.009362073;0.61163311;0.01223003
0.287;0.713;0.98618661;0.001400578;0.6685521;0.006789824;0.60809946;0.00943877;0.60971312;0.012326167
0.288;0.712;0.98618661;0.001400578;0.66625118;0.006848084;0.6061;0.009516125;0.60778969;0.012423064
0.289;0.711;0.98618661;0.001400578;0.66394523;0.00690689;0.60409661;0.009594145;0.60586286;0.012520729
0.29;0.71;0.98618661;0.001400578;0.66163428;0.006966247;0.60208934;0.009672834;0.60393265;0.012619169
0.291;0.709;0.98618661;0.001400578;0.65931839;0.007026161;0.60007823;0.009752201;0.6019991;0.012718389
0.292;0.708;0.98618661;0.001400578;0.65699762;0.007086637;0.59806331;0.009832251;0.60006223;0.012818398
0.293;0.707;0.98618661;0.001400578;0.654672;0.007147682;0.59604461;0.009912991;0.59812208;0.012919202
0.294;0.706;0.98618661;0.001400578;0.65234159;0.007209301;0.59402218;0.009994427;0.59617868;0.013020809
0.295;0.705;0.98618661;0.001400578;0.65000645;0.007271501;0.59199606;0.010076567;0.59423206;0.013123224
0.296;0.704;0.98618661;0.001400578;0.64766662;0.007334287;0.58996628;0.010159416;0.59228226;0.013226456
0.297;0.703;0.98618661;0.001400578;0.64532216;0.007397666;0.58793289;0.010242983;0.59032931;0.013330512
0.298;0.702;0.98618661;0.001400578;0.64297312;0.007461644;0.58589592;0.010327273;0.58837324;0.013435398
0.299;0.701;0.98618661;0.001400578;0.64061956;0.007526227;0.58385542;0.010412293;0.58641409;0.013541123
0.3;0.7;0.98618661;0.001400578;0.63826153;0.007591422;0.58181142;0.010498051;0.58445189;0.013647693
0.301;0.699;0.98618661;0.001400578;0.63589908;0.007657235;0.57976397;0.010584554;0.58248668;0.013755116
0.302;0.698;0.98618661;0.001400578;0.63353228;0.007723672;0.57771311;0.010671809;0.58051849;0.0138634
0.303;0.697;0.98618661;0.001400578;0.63116118;0.00779074;0.57565889;0.010759823;0.57854735;0.013972551
0.304;0.696;0.98618661;0.001400578;0.62878584;0.007858446;0.57360133;0.010848603;0.57657331;0.014082579
0.305;0.695;0.98618661;0.001400578;0.62640631;0.007926796;0.5715405;0.010938157;0.57459639;0.01419349
0.306;0.694;0.98618661;0.001400578;0.62402266;0.007995797;0.56947643;0.011028492;0.57261665;0.014305293
0.307;0.693;0.98618661;0.001400578;0.62163494;0.008065456;0.56740916;0.011119615;0.5706341;0.014417994
0.308;0.692;0.98618661;0.001400578;0.61924322;0.00813578;0.56533875;0.011211535;0.56864879;0.014531603
0.309;0.691;0.98618661;0.001400578;0.61684755;0.008206775;0.56326523;0.011304258;0.56666077;0.014646126
0.31;0.69;0.98618661;0.001400578;0.61444799;0.00827845;0.56118865;0.011397792;0.56467005;0.014761573
0.311;0.689;0.98618661;0.001400578;0.61204461;0.00835081;0.55910906;0.011492146;0.56267669;0.014877951
0.312;0.688;0.98618661;0.001400578;0.60963747;0.008423863;0.5570265;0.011587327;0.56068072;0.014995268
0.313;0.687;0.98618661;0.001400578;0.60722663;0.008497617;0.55494102;0.011683343;0.55868219;0.015113532
0.314;0.686;0.98618661;0.001400578;0.60481216;0.008572079;0.55285267;0.011780202;0.55668112;0.015232753
0.315;0.685;0.98618661;0.001400578;0.60239411;0.008647256;0.5507615;0.011877911;0.55467757;0.015352938
0.316;0.684;0.98618661;0.001400578;0.59997256;0.008723155;0.54866754;0.01197648;0.55267156;0.015474096
0.317;0.683;0.98618661;0.001400578;0.59754756;0.008799785;0.54657086;0.012075917;0.55066315;0.015596235
0.318;0.682;0.98618661;0.001400578;0.5951192;0.008877152;0.5444715;0.012176229;0.54865237;0.015719364
0.319;0.681;0.98618661;0.001400578;0.59268752;0.008955265;0.54236951;0.012277425;0.54663926;0.015843491
0.32;0.68;0.98618661;0.001400578;0.59025259;0.009034132;0.54026493;0.012379513;0.54462387;0.015968626
0.321;0.679;0.98618661;0.001400578;0.5878145;0.00911376;0.53815783;0.012482502;0.54260623;0.016094777
0.322;0.678;0.96996266;0.00145043;0.58537329;0.009194158;0.53604824;0.012586402;0.54058639;0.016221953
0.323;0.677;0.94117774;0.001545187;0.58443326;0.009225296;0.53393622;0.012691219;0.53856439;0.016350163
0.324;0.676;0.91038905;0.00165648;0.58443326;0.009225296;0.53182182;0.012796964;0.53654027;0.016479417
0.325;0.675;0.87722671;0.001789498;0.58443326;0.009225296;0.5297051;0.012903644;0.53451408;0.016609722
0.326;0.674;0.84119716;0.001951967;0.58443326;0.009225296;0.5275861;0.013011269;0.53248586;0.016741089
0.327;0.673;0.80161788;0.002155981;0.58443326;0.009225296;0.52546488;0.013119849;0.53045566;0.016873527
0.328;0.672;0.7575007;0.002421721;0.58443326;0.009225296;0.52334148;0.013229391;0.5284235;0.017007045
0.329;0.671;0.7073243;0.002785878;0.58443326;0.009225296;0.52121597;0.013339906;0.52638946;0.017141652
0.33;0.67;0.64853403;0.00332385;0.58443326;0.009225296;0.5190884;0.013451402;0.52435355;0.017277358
0.331;0.669;0.57622884;0.004223023;0.58443326;0.009225296;0.51695881;0.013563889;0.52231584;0.017414173
0.332;0.668;0.53422334;0.004920269;0.58443326;0.009225296;0.51482727;0.013677376;0.52027636;0.017552107
0.333;0.667;0.53422334;0.004920269;0.58443326;0.009225296;0.51269382;0.013791873;0.51823517;0.017691169
0.334;0.666;0.53422334;0.004920269;0.58443326;0.009225296;0.51055853;0.01390739;0.5161923;0.017831368
0.335;0.665;0.53422334;0.004920269;0.58443326;0.009225296;0.50842145;0.014023936;0.5141478;0.017972716
0.336;0.664;0.53422334;0.004920269;0.58443326;0.009225296;0.50628263;0.014141521;0.51210173;0.018115221
0.337;0.663;0.53422334;0.004920269;0.58443326;0.009225296;0.50414213;0.014260155;0.51005412;0.018258894
0.338;0.662;0.53422334;0.004920269;0.58443326;0.009225296;0.502;0.014379848;0.50800502;0.018403746
0.339;0.661;0.53422334;0.004920269;0.58443326;0.009225296;0.49985631;0.01450061;0.50595449;0.018549786
0.34;0.66;0.53422334;0.004920269;0.58443326;0.009225296;0.4977111;0.014622451;0.50390256;0.018697025
0.341;0.659;0.53422334;0.004920269;0.58443326;0.009225296;0.49556444;0.014745382;0.50184929;0.018845473
0.342;0.658;0.53422334;0.004920269;0.58443326;0.009225296;0.49341639;0.014869412;0.49979472;0.018995141
0.343;0.657;0.53422334;0.004920269;0.58443326;0.009225296;0.491267;0.014994554;0.4977389;0.019146039
0.344;0.656;0.53422334;0.004920269;0.58443326;0.009225296;0.48911632;0.015120816;0.49568189;0.019298178
0.345;0.655;0.53422334;0.004920269;0.58443326;0.009225296;0.48696443;0.015248209;0.49362372;0.019451569
0.346;0.654;0.53422334;0.004920269;0.58443326;0.009225296;0.48481137;0.015376745;0.49156445;0.019606224
0.347;0.653;0.53422334;0.004920269;0.58443326;0.009225296;0.4826572;0.015506435;0.48950413;0.019762151
0.348;0.652;0.53422334;0.004920269;0.58443326;0.009225296;0.48050199;0.015637288;0.4874428;0.019919364
0.349;0.651;0.53422334;0.004920269;0.58443326;0.009225296;0.4783458;0.015769317;0.48538053;0.020077873
0.35;0.65;0.53422334;0.004920269;0.58443326;0.009225296;0.47618867;0.015902532;0.48331734;0.020237688
0.351;0.649;0.53422334;0.004920269;0.58443326;0.009225296;0.47403069;0.016036946;0.48125331;0.020398823
0.352;0.648;0.53422334;0.004920269;0.58443326;0.009225296;0.47187189;0.016172568;0.47918847;0.020561287
0.353;0.647;0.53422334;0.004920269;0.58443326;0.009225296;0.46971235;0.016309411;0.47712289;0.020725093
0.354;0.646;0.53422334;0.004920269;0.58443326;0.009225296;0.46755213;0.016447486;0.4750566;0.020890253
0.355;0.645;0.53422334;0.004920269;0.58443326;0.009225296;0.46539129;0.016586806;0.47298966;0.021056777
0.356;0.644;0.53422334;0.004920269;0.58443326;0.009225296;0.46322988;0.016727381;0.47092212;0.021224678
0.357;0.643;0.53422334;0.004920269;0.58443326;0.009225296;0.46106797;0.016869223;0.46885404;0.021393967
0.358;0.642;0.53422334;0.004920269;0.58443326;0.009225296;0.45890563;0.017012346;0.46678547;0.021564658
0.359;0.641;0.53422334;0.004920269;0.58443326;0.009225296;0.45674291;0.017156761;0.46471645;0.021736761
0.36;0.64;0.53422334;0.004920269;0.58443326;0.009225296;0.45457987;0.017302479;0.46264704;0.021910289
0.361;0.639;0.53422334;0.004920269;0.58443326;0.009225296;0.45241659;0.017449514;0.46057729;0.022085254
0.362;0.638;0.53422334;0.004920269;0.58443326;0.009225296;0.45025311;0.017597879;0.45850726;0.022261669
0.363;0.637;0.53422334;0.004920269;0.58443326;0.009225296;0.44808951;0.017747584;0.45643699;0.022439547
0.364;0.636;0.53422334;0.004920269;0.58443326;0.009225296;0.44592585;0.017898644;0.45436655;0.022618899
0.365;0.635;0.53422334;0.004920269;0.58443326;0.009225296;0.44376219;0.018051072;0.45229598;0.022799739
0.366;0.634;0.53422334;0.004920269;0.58443326;0.009225296;0.44159859;0.018204879;0.45022533;0.02298208
0.367;0.633;0.53422334;0.004920269;0.58443326;0.009225296;0.43943512;0.01836008;0.44815467;0.023165934
0.368;0.632;0.53422334;0.004920269;0.58443326;0.009225296;0.43727185;0.018516687;0.44608404;0.023351314
0.369;0.631;0.53422334;0.004920269;0.58443326;0.009225296;0.43510883;0.018674714;0.4440135;0.023538234
0.37;0.63;0.53422334;0.004920269;0.58443326;0.009225296;0.43294613;0.018834174;0.44194311;0.023726707
0.371;0.629;0.53422334;0.004920269;0.58443326;0.009225296;0.43078381;0.018995081;0.4398729;0.023916747
0.372;0.628;0.53422334;0.004920269;0.58443326;0.009225296;0.42862195;0.019157448;0.43780296;0.024108366
0.373;0.627;0.53422334;0.004920269;0.58443326;0.009225296;0.4264606;0.019321289;0.43573331;0.024301578
0.374;0.626;0.53422334;0.004920269;0.58443326;0.009225296;0.42429982;0.019486619;0.43366403;0.024496398
0.375;0.625;0.53422334;0.004920269;0.58443326;0.009225296;0.42213969;0.019653451;0.43159516;0.024692838
0.376;0.624;0.53422334;0.004920269;0.58443326;0.009225296;0.41998027;0.019821799;0.42952676;0.024890913
0.377;0.623;0.53422334;0.004920269;0.58443326;0.009225296;0.41782163;0.019991678;0.42745888;0.025090637
0.378;0.622;0.53422334;0.004920269;0.58443326;0.009225296;0.41566382;0.020163102;0.42539159;0.025292024
0.379;0.621;0.53422334;0.004920269;0.58443326;0.009225296;0.41350692;0.020336086;0.42332493;0.025495088
0.38;0.62;0.53422334;0.004920269;0.58443326;0.009225296;0.41135099;0.020510645;0.42125896;0.025699844
0.381;0.619;0.53422334;0.004920269;0.58443326;0.009225296;0.4091961;0.020686792;0.41919374;0.025906306
0.382;0.618;0.53422334;0.004920269;0.58443326;0.009225296;0.4070423;0.020864545;0.41712932;0.026114489
0.383;0.617;0.53422334;0.004920269;0.58443326;0.009225296;0.40488968;0.021043916;0.41506575;0.026324407
0.384;0.616;0.53422334;0.004920269;0.58443326;0.009225296;0.40273829;0.021224923;0.4130031;0.026536075
0.385;0.615;0.53422334;0.004920269;0.58443326;0.009225296;0.4005882;0.021407579;0.41094142;0.026749509
0.386;0.614;0.53422334;0.004920269;0.58443326;0.009225296;0.39843947;0.021591902;0.40888077;0.026964723
0.387;0.613;0.53422334;0.004920269;0.58443326;0.009225296;0.39629218;0.021777905;0.40682119;0.027181733
0.388;0.612;0.53422334;0.004920269;0.58443326;0.009225296;0.39414638;0.021965606;0.40476275;0.027400554
0.389;0.611;0.53422334;0.004920269;0.58443326;0.009225296;0.39200215;0.02215502;0.40270551;0.027621201
0.39;0.61;0.53422334;0.004920269;0.58443326;0.009225296;0.38985955;0.022346163;0.40064952;0.02784369
0.391;0.609;0.53422334;0.004920269;0.58443326;0.009225296;0.38771865;0.022539052;0.39859483;0.028068037
0.392;0.608;0.53422334;0.004920269;0.58443326;0.009225296;0.38557951;0.022733703;0.3965415;0.028294258
0.393;0.607;0.53422334;0.004920269;0.58443326;0.009225296;0.3834422;0.022930132;0.3944896;0.028522368
0.394;0.606;0.53422334;0.004920269;0.58443326;0.009225296;0.38130678;0.023128357;0.39243917;0.028752383
0.395;0.605;0.53422334;0.004920269;0.58443326;0.009225296;0.38014046;0.023237465;0.39039027;0.028984321
0.396;0.604;0.53422334;0.004920269;0.58443326;0.009225296;0.38014046;0.023237465;0.38834296;0.029218196
0.397;0.603;0.53422334;0.004920269;0.58443326;0.009225296;0.38014046;0.023237465;0.38629729;0.029454026
0.398;0.602;0.53422334;0.004920269;0.58443326;0.009225296;0.38014046;0.023237465;0.38425333;0.029691828
0.399;0.601;0.53422334;0.004920269;0.58443326;0.009225296;0.38014046;0.023237465;0.38221113;0.029931617
0.4;0.6;0.53422334;0.004920269;0.58443326;0.009225296;0.38014046;0.023237465;0.38017074;0.030173412
0.401;0.599;0.53422334;0.004920269;0.58443326;0.009225296;0.38014046;0.023237465;0.37813222;0.030417228
0.402;0.598;0.53422334;0.004920269;0.58443326;0.009225296;0.38014046;0.023237465;0.37609563;0.030663083
0.403;0.597;0.53422334;0.004920269;0.58443326;0.009225296;0.38014046;0.023237465;0.37406102;0.030910994
0.404;0.596;0.53422334;0.004920269;0.58443326;0.009225296;0.38014046;0.023237465;0.37202846;0.031160979
0.405;0.595;0.53422334;0.004920269;0.58443326;0.009225296;0.38014046;0.023237465;0.369998;0.031413055
0.406;0.594;0.53422334;0.004920269;0.58443326;0.009225296;0.38014046;0.023237465;0.36796969;0.031667241
0.407;0.593;0.53422334;0.004920269;0.58443326;0.009225296;0.38014046;0.023237465;0.36594359;0.031923552
0.408;0.592;0.53422334;0.004920269;0.58443326;0.009225296;0.38014046;0.023237465;0.36391976;0.032182009
0.409;0.591;0.53422334;0.004920269;0.58443326;0.009225296;0.38014046;0.023237465;0.36189825;0.032442628
0.41;0.59;0.53422334;0.004920269;0.58443326;0.009225296;0.38014046;0.023237465;0.35987913;0.032705429
0.411;0.589;0.53422334;0.004920269;0.58443326;0.009225296;0.38014046;0.023237465;0.35786244;0.032970428
0.412;0.588;0.53422334;0.004920269;0.58443326;0.009225296;0.38014046;0.023237465;0.35584824;0.033237646
0.413;0.587;0.53422334;0.004920269;0.58443326;0.009225296;0.38014046;0.023237465;0.3538366;0.0335071
0.414;0.586;0.53422334;0.004920269;0.58443326;0.009225296;0.38014046;0.023237465;0.35182756;0.03377881
0.415;0.585;0.53422334;0.004920269;0.58443326;0.009225296;0.38014046;0.023237465;0.34982119;0.034052794
0.416;0.584;0.53422334;0.004920269;0.58443326;0.009225296;0.38014046;0.023237465;0.34781753;0.034329072
0.417;0.583;0.53422334;0.004920269;0.58443326;0.009225296;0.38014046;0.023237465;0.34581665;0.034607662
0.418;0.582;0.53422334;0.004920269;0.58443326;0.009225296;0.38014046;0.023237465;0.3438186;0.034888584
0.419;0.581;0.53422334;0.004920269;0.58443326;0.009225296;0.38014046;0.023237465;0.34182344;0.035171858
0.42;0.58;0.53422334;0.004920269;0.58443326;0.009225296;0.38014046;0.023237465;0.33983122;0.035457504
0.421;0.579;0.53422334;0.004920269;0.58443326;0.009225296;0.38014046;0.023237465;0.33784199;0.035745541
0.422;0.578;0.53422334;0.004920269;0.58443326;0.009225296;0.38014046;0.023237465;0.33585582;0.036035988
0.423;0.577;0.53422334;0.004920269;0.58443326;0.009225296;0.38014046;0.023237465;0.33387276;0.036328868
0.424;0.576;0.53422334;0.004920269;0.58443326;0.009225296;0.38014046;0.023237465;0.33189286;0.036624199
0.425;0.575;0.53422334;0.004920269;0.58443326;0.009225296;0.38014046;0.023237465;0.32991619;0.036922002
0.426;0.574;0.53422334;0.004920269;0.58443326;0.009225296;0.38014046;0.023237465;0.32794278;0.037222298
0.427;0.573;0.53422334;0.004920269;0.58443326;0.009225296;0.38014046;0.023237465;0.32597271;0.037525108
0.428;0.572;0.53422334;0.004920269;0.58443326;0.009225296;0.38014046;0.023237465;0.32400602;0.037830452
0.429;0.571;0.53422334;0.004920269;0.58443326;0.009225296;0.38014046;0.023237465;0.32204278;0.038138352
0.43;0.57;0.53422334;0.004920269;0.58443326;0.009225296;0.38014046;0.023237465;0.32008302;0.038448829
0.431;0.569;0.53422334;0.004920269;0.58443326;0.009225296;0.38014046;0.023237465;0.31812681;0.038761904
0.432;0.568;0.53422334;0.004920269;0.58443326;0.009225296;0.38014046;0.023237465;0.31617421;0.039077599
0.433;0.567;0.53422334;0.004920269;0.58443326;0.009225296;0.38014046;0.023237465;0.31422526;0.039395935
0.434;0.566;0.53422334;0.004920269;0.58443326;0.009225296;0.38014046;0.023237465;0.31228002;0.039716935
0.435;0.565;0.53422334;0.004920269;0.58443326;0.009225296;0.38014046;0.023237465;0.31033854;0.04004062
0.436;0.564;0.53422334;0.004920269;0.58443326;0.009225296;0.38014046;0.023237465;0.30840089;0.040367013
0.437;0.563;0.53422334;0.004920269;0.58443326;0.009225296;0.38014046;0.023237465;0.3064671;0.040696137
0.438;0.562;0.53422334;0.004920269;0.58443326;0.009225296;0.38014046;0.023237465;0.30453724;0.041028013
0.439;0.561;0.53422334;0.004920269;0.58443326;0.009225296;0.38014046;0.023237465;0.30261135;0.041362664
0.44;0.56;0.53422334;0.004920269;0.58443326;0.009225296;0.38014046;0.023237465;0.30068949;0.041700114
0.441;0.559;0.53422334;0.004920269;0.58443326;0.009225296;0.38014046;0.023237465;0.29877172;0.042040386
0.442;0.558;0.53422334;0.004920269;0.58443326;0.009225296;0.38014046;0.023237465;0.29685807;0.042383501
0.443;0.557;0.53422334;0.004920269;0.58443326;0.009225296;0.38014046;0.023237465;0.29494862;0.042729485
0.444;0.556;0.53422334;0.004920269;0.58443326;0.009225296;0.38014046;0.023237465;0.2930434;0.043078361
0.445;0.555;0.53422334;0.004920269;0.58443326;0.009225296;0.38014046;0.023237465;0.29114247;0.043430152
0.446;0.554;0.53422334;0.004920269;0.58443326;0.009225296;0.38014046;0.023237465;0.28924589;0.043784882
0.447;0.553;0.53422334;0.004920269;0.58443326;0.009225296;0.38014046;0.023237465;0.28735369;0.044142575
0.448;0.552;0.53422334;0.004920269;0.58443326;0.009225296;0.38014046;0.023237465;0.28546594;0.044503256
0.449;0.551;0.53422334;0.004920269;0.58443326;0.009225296;0.38014046;0.023237465;0.28358268;0.04486695
0.45;0.55;0.53422334;0.004920269;0.58443326;0.009225296;0.38014046;0.023237465;0.28170397;0.045233679
0.451;0.549;0.53422334;0.004920269;0.58443326;0.009225296;0.38014046;0.023237465;0.27982985;0.045603471
0.452;0.548;0.53422334;0.004920269;0.58443326;0.009225296;0.38014046;0.023237465;0.27796037;0.045976349
0.453;0.547;0.53422334;0.004920269;0.58443326;0.009225296;0.38014046;0.023237465;0.27609559;0.046352338
0.454;0.546;0.53422334;0.004920269;0.58443326;0.009225296;0.38014046;0.023237465;0.27423555;0.046731465
0.455;0.545;0.53422334;0.004920269;0.58443326;0.009225296;0.38014046;0.023237465;0.2723803;0.047113754
0.456;0.544;0.53422334;0.004920269;0.58443326;0.009225296;0.38014046;0.023237465;0.27052989;0.047499231
0.457;0.543;0.53422334;0.004920269;0.58443326;0.009225296;0.38014046;0.023237465;0.26868437;0.047887922
0.458;0.542;0.53422334;0.004920269;0.58443326;0.009225296;0.38014046;0.023237465;0.26684379;0.048279854
0.459;0.541;0.53422334;0.004920269;0.58443326;0.009225296;0.38014046;0.023237465;0.2650082;0.048675052
0.46;0.54;0.53422334;0.004920269;0.58443326;0.009225296;0.38014046;0.023237465;0.26317763;0.049073542
0.461;0.539;0.53422334;0.004920269;0.58443326;0.009225296;0.38014046;0.023237465;0.26135214;0.049475352
0.462;0.538;0.53422334;0.004920269;0.58443326;0.009225296;0.38014046;0.023237465;0.25953178;0.049880509
0.463;0.537;0.53422334;0.004920269;0.58443326;0.009225296;0.38014046;0.023237465;0.2577166;0.050289039
0.464;0.536;0.53422334;0.004920269;0.58443326;0.009225296;0.38014046;0.023237465;0.25590663;0.050700969
0.465;0.535;0.53422334;0.004920269;0.58443326;0.009225296;0.38014046;0.023237465;0.25410193;0.051116327
0.466;0.534;0.53422334;0.004920269;0.58443326;0.009225296;0.38014046;0.023237465;0.25230253;0.051535141
0.467;0.533;0.53422334;0.004920269;0.58443326;0.009225296;0.38014046;0.023237465;0.2505085;0.051957437
0.468;0.532;0.53422334;0.004920269;0.58443326;0.009225296;0.38014046;0.023237465;0.24873365;0.052379944
0.469;0.531;0.53422334;0.004920269;0.58443326;0.009225296;0.38014046;0.023237465;0.24873365;0.052379944
0.47;0.53;0.53422334;0.004920269;0.58443326;0.009225296;0.38014046;0.023237465;0.24873365;0.052379944
0.471;0.529;0.53422334;0.004920269;0.58443326;0.009225296;0.38014046;0.023237465;0.24873365;0.052379944
0.472;0.528;0.53422334;0.004920269;0.58443326;0.009225296;0.38014046;0.023237465;0.24873365;0.052379944
0.473;0.527;0.53422334;0.004920269;0.58443326;0.009225296;0.38014046;0.023237465;0.24873365;0.052379944
0.474;0.526;0.53422334;0.004920269;0.58443326;0.009225296;0.38014046;0.023237465;0.24873365;0.052379944
0.475;0.525;0.53422334;0.004920269;0.58443326;0.009225296;0.38014046;0.023237465;0.24873365;0.052379944
0.476;0.524;0.53422334;0.004920269;0.58443326;0.009225296;0.38014046;0.023237465;0.24873365;0.052379944
0.477;0.523;0.53422334;0.004920269;0.58443326;0.009225296;0.38014046;0.023237465;0.24873365;0.052379944
0.478;0.522;0.53422334;0.004920269;0.58443326;0.009225296;0.38014046;0.023237465;0.24873365;0.052379944
0.479;0.521;0.53422334;0.004920269;0.58443326;0.009225296;0.38014046;0.023237465;0.24873365;0.052379944
0.48;0.52;0.53422334;0.004920269;0.58443326;0.009225296;0.38014046;0.023237465;0.24873365;0.052379944
0.481;0.519;0.53422334;0.004920269;0.58443326;0.009225296;0.38014046;0.023237465;0.24873365;0.052379944
0.482;0.518;0.53422334;0.004920269;0.58443326;0.009225296;0.38014046;0.023237465;0.24873365;0.052379944
0.483;0.517;0.53422334;0.004920269;0.58443326;0.009225296;0.38014046;0.023237465;0.24873365;0.052379944
0.484;0.516;0.53422334;0.004920269;0.58443326;0.009225296;0.38014046;0.023237465;0.24873365;0.052379944
0.485;0.515;0.53422334;0.004920269;0.58443326;0.009225296;0.38014046;0.023237465;0.24873365;0.052379944
0.486;0.514;0.53422334;0.004920269;0.58443326;0.009225296;0.38014046;0.023237465;0.24873365;0.052379944
0.487;0.513;0.53422334;0.004920269;0.58443326;0.009225296;0.38014046;0.023237465;0.24873365;0.052379944
0.488;0.512;0.53422334;0.004920269;0.58443326;0.009225296;0.38014046;0.023237465;0.24873365;0.052379944
0.489;0.511;0.53422334;0.004920269;0.58443326;0.009225296;0.38014046;0.023237465;0.24873365;0.052379944
0.49;0.51;0.53422334;0.004920269;0.58443326;0.009225296;0.38014046;0.023237465;0.24873365;0.052379944
0.491;0.509;0.53422334;0.004920269;0.58443326;0.009225296;0.38014046;0.023237465;0.24873365;0.052379944
0.492;0.508;0.53422334;0.004920269;0.58443326;0.009225296;0.38014046;0.023237465;0.24873365;0.052379944
0.493;0.507;0.53422334;0.004920269;0.58443326;0.009225296;0.38014046;0.023237465;0.24873365;0.052379944
0.494;0.506;0.53422334;0.004920269;0.58443326;0.009225296;0.38014046;0.023237465;0.24873365;0.052379944
0.495;0.505;0.53422334;0.004920269;0.58443326;0.009225296;0.38014046;0.023237465;0.24873365;0.052379944
0.496;0.504;0.53422334;0.004920269;0.58443326;0.009225296;0.38014046;0.023237465;0.24873365;0.052379944
0.497;0.503;0.53422334;0.004920269;0.58443326;0.009225296;0.38014046;0.023237465;0.24873365;0.052379944
0.498;0.502;0.53422334;0.004920269;0.58443326;0.009225296;0.38014046;0.023237465;0.24873365;0.052379944
0.499;0.501;0.53422334;0.004920269;0.58443326;0.009225296;0.38014046;0.023237465;0.24873365;0.052379944
0.5;0.5;0.53422334;0.004920269;0.58443326;0.009225296;0.38014046;0.023237465;0.24873365;0.052379944
0.501;0.499;0.53422334;0.004920269;0.58443326;0.009225296;0.38014046;0.023237465;0.24873365;0.052379944
0.502;0.498;0.53422334;0.004920269;0.58443326;0.009225296;0.38014046;0.023237465;0.24873365;0.052379944
0.503;0.497;0.50079241;0.005244913;0.58443326;0.009225296;0.38014046;0.023237465;0.24873365;0.052379944
0.504;0.496;0.42727493;0.006133889;0.58443326;0.009225296;0.38014046;0.023237465;0.24873365;0.052379944
0.505;0.495;0.37649442;0.006945573;0.58443326;0.009225296;0.38014046;0.023237465;0.24873365;0.052379944
0.506;0.494;0.33857989;0.00770557;0.58443326;0.009225296;0.38014046;0.023237465;0.24873365;0.052379944
0.507;0.493;0.31946186;0.008154895;0.54890523;0.009806263;0.38014046;0.023237465;0.24873365;0.052379944
0.508;0.492;0.31946186;0.008154895;0.50625939;0.010606959;0.38014046;0.023237465;0.24873365;0.052379944
0.509;0.491;0.31946186;0.008154895;0.47060484;0.011382778;0.38014046;0.023237465;0.24873365;0.052379944
0.51;0.49;0.31946186;0.008154895;0.44017469;0.012139415;0.38014046;0.023237465;0.24873365;0.052379944
0.511;0.489;0.31946186;0.008154895;0.42287457;0.012615577;0.38014046;0.023237465;0.24873365;0.052379944
0.512;0.488;0.31946186;0.008154895;0.42287457;0.012615577;0.38014046;0.023237465;0.24873365;0.052379944
0.513;0.487;0.31946186;0.008154895;0.42287457;0.012615577;0.38014046;0.023237465;0.24873365;0.052379944
0.514;0.486;0.31946186;0.008154895;0.42287457;0.012615577;0.38014046;0.023237465;0.24873365;0.052379944
0.515;0.485;0.31946186;0.008154895;0.42287457;0.012615577;0.38014046;0.023237465;0.24873365;0.052379944
0.516;0.484;0.31946186;0.008154895;0.42287457;0.012615577;0.38014046;0.023237465;0.24873365;0.052379944
0.517;0.483;0.31946186;0.008154895;0.42287457;0.012615577;0.38014046;0.023237465;0.24873365;0.052379944
0.518;0.482;0.31946186;0.008154895;0.42287457;0.012615577;0.38014046;0.023237465;0.24873365;0.052379944
0.519;0.481;0.31946186;0.008154895;0.42287457;0.012615577;0.38014046;0.023237465;0.24873365;0.052379944
0.52;0.48;0.31946186;0.008154895;0.42287457;0.012615577;0.38014046;0.023237465;0.24873365;0.052379944
0.521;0.479;0.31946186;0.008154895;0.42287457;0.012615577;0.38014046;0.023237465;0.24873365;0.052379944
0.522;0.478;0.31946186;0.008154895;0.42287457;0.012615577;0.38014046;0.023237465;0.24873365;0.052379944
0.523;0.477;0.31946186;0.008154895;0.42287457;0.012615577;0.38014046;0.023237465;0.24873365;0.052379944
0.524;0.476;0.31946186;0.008154895;0.42287457;0.012615577;0.38014046;0.023237465;0.24873365;0.052379944
0.525;0.475;0.31946186;0.008154895;0.42287457;0.012615577;0.38014046;0.023237465;0.24873365;0.052379944
0.526;0.474;0.31946186;0.008154895;0.42287457;0.012615577;0.38014046;0.023237465;0.24873365;0.052379944
0.527;0.473;0.31946186;0.008154895;0.42287457;0.012615577;0.38014046;0.023237465;0.24873365;0.052379944
0.528;0.472;0.31946186;0.008154895;0.42287457;0.012615577;0.38014046;0.023237465;0.24873365;0.052379944
0.529;0.471;0.31946186;0.008154895;0.42287457;0.012615577;0.38014046;0.023237465;0.24873365;0.052379944
0.53;0.47;0.31946186;0.008154895;0.42287457;0.012615577;0.38014046;0.023237465;0.24873365;0.052379944
0.531;0.469;0.31946186;0.008154895;0.42287457;0.012615577;0.38014046;0.023237465;0.24873365;0.052379944
0.532;0.468;0.31946186;0.008154895;0.42287457;0.012615577;0.38014046;0.023237465;0.24873365;0.052379944
0.533;0.467;0.31946186;0.008154895;0.42287457;0.012615577;0.38014046;0.023237465;0.24873365;0.052379944
0.534;0.466;0.31946186;0.008154895;0.42287457;0.012615577;0.38014046;0.023237465;0.24873365;0.052379944
0.535;0.465;0.31946186;0.008154895;0.42287457;0.012615577;0.38014046;0.023237465;0.24873365;0.052379944
0.536;0.464;0.31946186;0.008154895;0.42287457;0.012615577;0.38014046;0.023237465;0.24873365;0.052379944
0.537;0.463;0.31946186;0.008154895;0.42287457;0.012615577;0.38014046;0.023237465;0.24873365;0.052379944
0.538;0.462;0.31946186;0.008154895;0.42287457;0.012615577;0.38014046;0.023237465;0.24873365;0.052379944
0.539;0.461;0.31946186;0.008154895;0.42287457;0.012615577;0.38014046;0.023237465;0.24873365;0.052379944
0.54;0.46;0.31946186;0.008154895;0.42287457;0.012615577;0.38014046;0.023237465;0.24873365;0.052379944
0.541;0.459;0.31946186;0.008154895;0.42287457;0.012615577;0.38014046;0.023237465;0.24873365;0.052379944
0.542;0.458;0.31946186;0.008154895;0.42287457;0.012615577;0.38014046;0.023237465;0.24873365;0.052379944
0.543;0.457;0.31946186;0.008154895;0.42287457;0.012615577;0.38014046;0.023237465;0.24873365;0.052379944
0.544;0.456;0.31946186;0.008154895;0.42272277;0.012619374;0.38014046;0.023237465;0.24873365;0.052379944
0.545;0.455;0.31946186;0.008154895;0.39893992;0.013245717;0.38014046;0.023237465;0.24873365;0.052379944
0.546;0.454;0.31946186;0.008154895;0.3765384;0.013899106;0.38014046;0.023237465;0.24873365;0.052379944
0.547;0.453;0.31946186;0.008154895;0.35543086;0.014580669;0.38014046;0.023237465;0.24873365;0.052379944
0.548;0.452;0.31946186;0.008154895;0.33553583;0.015291602;0.38014046;0.023237465;0.24873365;0.052379944
0.549;0.451;0.31946186;0.008154895;0.31677734;0.016033168;0.38014046;0.023237465;0.24873365;0.052379944
0.55;0.45;0.11794922;0.018427448;0.29908466;0.0168067;0.38014046;0.023237465;0.24873365;0.052379944
0.551;0.449;0.11794922;0.018427448;0.28239191;0.017613606;0.38014046;0.023237465;0.24873365;0.052379944
0.552;0.448;0.11794922;0.018427448;0.26663779;0.018455369;0.36855432;0.023829263;0.24873365;0.052379944
0.553;0.447;0.11794922;0.018427448;0.2517652;0.019333553;0.34805125;0.024960008;0.24873365;0.052379944
0.554;0.446;0.11794922;0.018427448;0.237721;0.020249805;0.3286788;0.026140158;0.24873365;0.052379944
0.555;0.445;0.11794922;0.018427448;0.22445565;0.021205861;0.31037167;0.027371915;0.24873365;0.052379944
0.556;0.444;0.11794922;0.018427448;0.21192301;0.022203547;0.29306858;0.028657607;0.24873365;0.052379944
0.557;0.443;0.11794922;0.018427448;0.20008002;0.023244787;0.276712;0.029999689;0.24873365;0.052379944
0.558;0.442;0.11794922;0.018427448;0.18888653;0.024331607;0.26124796;0.031400751;0.24873365;0.052379944
0.559;0.441;0.11794922;0.018427448;0.17830502;0.025466141;0.24662584;0.032863523;0.24873365;0.052379944
0.56;0.44;0.11794922;0.018427448;0.16830043;0.026650635;0.23279815;0.034390886;0.24873365;0.052379944
0.561;0.439;0.11794922;0.018427448;0.15883999;0.027887457;0.21972032;0.035985877;0.24873365;0.052379944
0.562;0.438;0.11794922;0.018427448;0.14989302;0.029179098;0.20735054;0.037651699;0.24873365;0.052379944
0.563;0.437;0.11794922;0.018427448;0.14143077;0.030528187;0.19564956;0.039391728;0.24873365;0.052379944
0.564;0.436;0.11794922;0.018427448;0.13342633;0.031937492;0.1845805;0.041209525;0.24873365;0.052379944
0.565;0.435;0.11794922;0.018427448;0.13152619;0.032293414;0.17410872;0.043108847;0.24466216;0.053050164
0.566;0.434;0.11794922;0.018427448;0.13152619;0.032293414;0.16420165;0.045093655;0.23074963;0.055490998
0.567;0.433;0.11794922;0.018427448;0.13152619;0.032293414;0.15482867;0.047168131;0.21758523;0.058042304
0.568;0.432;0.11794922;0.018427448;0.13152619;0.032293414;0.14596095;0.049336687;0.20512896;0.060709494
0.569;0.431;0.11794922;0.018427448;0.13152619;0.032293414;0.13757137;0.051603981;0.1933431;0.063498285
0.57;0.43;0.11794922;0.018427448;0.13152619;0.032293414;0.12963435;0.053974933;0.18219205;0.066414714
0.571;0.429;0.11794922;0.018427448;0.13152619;0.032293414;0.1221258;0.056454737;0.17164222;0.069465163
0.572;0.428;0.11794922;0.018427448;0.13152619;0.032293414;0.11502302;0.059048884;0.16166188;0.072656376
0.573;0.427;0.11794922;0.018427448;0.13152619;0.032293414;0.10830455;0.061763177;0.15222106;0.075995482
0.574;0.426;0.11794922;0.018427448;0.13152619;0.032293414;0.10195015;0.064603749;0.14329147;0.079490022
0.575;0.425;0.11794922;0.018427448;0.13152619;0.032293414;0.095940732;0.067577091;0.13484634;0.083147973
0.576;0.424;0.11794922;0.018427448;0.13152619;0.032293414;0.090508317;0.070546211;0.12686036;0.086977775
0.577;0.423;0.11794922;0.018427448;0.13152619;0.032293414;0.090508317;0.070546211;0.12200372;0.089509934
0.578;0.422;0.11794922;0.018427448;0.13152619;0.032293414;0.090508317;0.070546211;0.12200372;0.089509934
0.579;0.421;0.11794922;0.018427448;0.13152619;0.032293414;0.090508317;0.070546211;0.12200372;0.089509934
0.58;0.42;0.11794922;0.018427448;0.13152619;0.032293414;0.090508317;0.070546211;0.12200372;0.089509934
0.581;0.419;0.11794922;0.018427448;0.13152619;0.032293414;0.090508317;0.070546211;0.12200372;0.089509934
0.582;0.418;0.11794922;0.018427448;0.13152619;0.032293414;0.090508317;0.070546211;0.12200372;0.089509934
0.583;0.417;0.11794922;0.018427448;0.13152619;0.032293414;0.090508317;0.070546211;0.12200372;0.089509934
0.584;0.416;0.11794922;0.018427448;0.13152619;0.032293414;0.090508317;0.070546211;0.12200372;0.089509934
0.585;0.415;0.11794922;0.018427448;0.13152619;0.032293414;0.090508317;0.070546211;0.12200372;0.089509934
0.586;0.414;0.11794922;0.018427448;0.13152619;0.032293414;0.090508317;0.070546211;0.12200372;0.089509934
0.587;0.413;0.11794922;0.018427448;0.13152619;0.032293414;0.090508317;0.070546211;0.12200372;0.089509934
0.588;0.412;0.11794922;0.018427448;0.13152619;0.032293414;0.090508317;0.070546211;0.12200372;0.089509934
0.589;0.411;0.11794922;0.018427448;0.13152619;0.032293414;0.090508317;0.070546211;0.12200372;0.089509934
0.59;0.41;0.11794922;0.018427448;0.13152619;0.032293414;0.090508317;0.070546211;0.12200372;0.089509934
0.591;0.409;0.11794922;0.018427448;0.13152619;0.032293414;0.090508317;0.070546211;0.12200372;0.089509934
0.592;0.408;0.11794922;0.018427448;0.13152619;0.032293414;0.090508317;0.070546211;0.12200372;0.089509934
0.593;0.407;0.11794922;0.018427448;0.13152619;0.032293414;0.090508317;0.070546211;0.12200372;0.089509934
0.594;0.406;0.11794922;0.018427448;0.13152619;0.032293414;0.090508317;0.070546211;0.12200372;0.089509934
0.595;0.405;0.11794922;0.018427448;0.13152619;0.032293414;0.090508317;0.070546211;0.12200372;0.089509934
0.596;0.404;0.11794922;0.018427448;0.13152619;0.032293414;0.090508317;0.070546211;0.12200372;0.089509934
0.597;0.403;0.11794922;0.018427448;0.13152619;0.032293414;0.090508317;0.070546211;0.12200372;0.089509934
0.598;0.402;0.11794922;0.018427448;0.13152619;0.032293414;0.090508317;0.070546211;0.12200372;0.089509934
0.599;0.401;0.11794922;0.018427448;0.13152619;0.032293414;0.090508317;0.070546211;0.12200372;0.089509934
0.6;0.4;0.11794922;0.018427448;0.039325462;0.072222563;0.090508317;0.070546211;0.12200372;0.089509934
0.601;0.399;0.015972844;0.069877994;0.039325462;0.072222563;0.090508317;0.070546211;0.12200372;0.089509934
0.602;0.398;0.015972844;0.069877994;0.039325462;0.072222563;0.090508317;0.070546211;0.12200372;0.089509934
0.603;0.397;0.015972844;0.069877994;0.039325462;0.072222563;0.090508317;0.070546211;0.12200372;0.089509934
0.604;0.396;0.015972844;0.069877994;0.039325462;0.072222563;0.090508317;0.070546211;0.12200372;0.089509934
0.605;0.395;0.015972844;0.069877994;0.039325462;0.072222563;0.090508317;0.070546211;0.12200372;0.089509934
0.606;0.394;0.015972844;0.069877994;0.039325462;0.072222563;0.090508317;0.070546211;0.12200372;0.089509934
0.607;0.393;0.015972844;0.069877994;0.039325462;0.072222563;0.090508317;0.070546211;0.12200372;0.089509934
0.608;0.392;0.015972844;0.069877994;0.039325462;0.072222563;0.090508317;0.070546211;0.12200372;0.089509934
0.609;0.391;0.015972844;0.069877994;0.039325462;0.072222563;0.090508317;0.070546211;0.12200372;0.089509934
0.61;0.39;0.015972844;0.069877994;0.039325462;0.072222563;0.090508317;0.070546211;0.12200372;0.089509934
0.611;0.389;0.015972844;0.069877994;0.039325462;0.072222563;0.090508317;0.070546211;0.12200372;0.089509934
0.612;0.388;0.015972844;0.069877994;0.039325462;0.072222563;0.090508317;0.070546211;0.12200372;0.089509934
0.613;0.387;0.015972844;0.069877994;0.039325462;0.072222563;0.090508317;0.070546211;0.12200372;0.089509934
0.614;0.386;0.015972844;0.069877994;0.039325462;0.072222563;0.090508317;0.070546211;0.12200372;0.089509934
0.615;0.385;0.015972844;0.069877994;0.039325462;0.072222563;0.090508317;0.070546211;0.12200372;0.089509934
0.616;0.384;0.015972844;0.069877994;0.039325462;0.072222563;0.090508317;0.070546211;0.12200372;0.089509934
0.617;0.383;0.015972844;0.069877994;0.039325462;0.072222563;0.090508317;0.070546211;0.12200372;0.089509934
0.618;0.382;0.015972844;0.069877994;0.039325462;0.072222563;0.090508317;0.070546211;0.12200372;0.089509934
0.619;0.381;0.015972844;0.069877994;0.039325462;0.072222563;0.090508317;0.070546211;0.12200372;0.089509934
0.62;0.38;0.015972844;0.069877994;0.039325462;0.072222563;0.090508317;0.070546211;0.12200372;0.089509934
0.621;0.379;0.015972844;0.069877994;0.039325462;0.072222563;0.090508317;0.070546211;0.12200372;0.089509934
0.622;0.378;0.015972844;0.069877994;0.039325462;0.072222563;0.090508317;0.070546211;0.12200372;0.089509934
0.623;0.377;0.015972844;0.069877994;0.039325462;0.072222563;0.090508317;0.070546211;0.12200372;0.089509934
0.624;0.376;0.015972844;0.069877994;0.039325462;0.072222563;0.090508317;0.070546211;0.12200372;0.089509934
0.625;0.375;0.015972844;0.069877994;0.039325462;0.072222563;0.090508317;0.070546211;0.12200372;0.089509934
0.626;0.374;0.015972844;0.069877994;0.039325462;0.072222563;0.090508317;0.070546211;0.12200372;0.089509934
0.627;0.373;0.015972844;0.069877994;0.039325462;0.072222563;0.090508317;0.070546211;0.12200372;0.089509934
0.628;0.372;0.015972844;0.069877994;0.039325462;0.072222563;0.090508317;0.070546211;0.12200372;0.089509934
0.629;0.371;0.015972844;0.069877994;0.039325462;0.072222563;0.090508317;0.070546211;0.12200372;0.089509934
0.63;0.37;0.015972844;0.069877994;0.039325462;0.072222563;0.090508317;0.070546211;0.12200372;0.089509934
0.631;0.369;0.015972844;0.069877994;0.039325462;0.072222563;0.086436935;0.072474554;0.12200372;0.089509934
0.632;0.368;0.015972844;0.069877994;0.039325462;0.072222563;0.082255578;0.07460218;0.12200372;0.089509934
0.633;0.367;0.015972844;0.069877994;0.039325462;0.072222563;0.078436555;0.076691651;0.12200372;0.089509934
0.634;0.366;0.015972844;0.069877994;0.039325462;0.072222563;0.074928812;0.078748716;0.12164193;0.089663546
0.635;0.365;0.015972844;0.069877994;0.039325462;0.072222563;0.071690743;0.080778441;0.11638514;0.091974598
0.636;0.364;0.015972844;0.069877994;0.039325462;0.072222563;0.068688062;0.082785343;0.11151049;0.094259663
0.637;0.363;0.015972844;0.069877994;0.038097353;0.073536754;0.065892228;0.084773497;0.10697164;0.096523382
0.638;0.362;0.015972844;0.069877994;0.036622092;0.075199561;0.063279267;0.086746617;0.10272967;0.098769982
0.639;0.361;0.015972844;0.069877994;0.035234274;0.076855227;0.060828875;0.088708125;0.098751621;0.10100336
0.64;0.36;0.015972844;0.069877994;0.033924936;0.07850629;0.058523725;0.090661208;0.095009363;0.10322715
0.641;0.359;0.015972844;0.069877994;0.032686328;0.080155164;0.05634893;0.092608862;0.091478728;0.10544475
0.642;0.358;0.015972844;0.069877994;0.031511709;0.081804162;0.054291616;0.094553933;0.088138818;0.10765942
0.643;0.357;0.015972844;0.069877994;0.030395184;0.083455525;0.052340588;0.096499151;0.084971453;0.10987425
0.644;0.356;0.015972844;0.069877994;0.02933157;0.085111441;0.050486052;0.098447158;0.081960738;0.11209226
0.645;0.355;0.015972844;0.069877994;0.028316291;0.086774068;0.048719402;0.10040054;0.079092699;0.11431638
0.646;0.354;0.015929972;0.069981003;0.027345285;0.088445553;0.047033034;0.10236183;0.076354993;0.11654952
0.647;0.353;0.015383711;0.071329011;0.026414936;0.090128046;0.045420205;0.10433358;0.073736673;0.11879455
0.648;0.352;0.014860322;0.072685898;0.025522008;0.091823723;0.043874906;0.10631831;0.071227983;0.12105437
0.649;0.351;0.014357985;0.074053417;0.024663595;0.0935348;0.042391762;0.10831859;0.068820198;0.1233319
0.65;0.35;0.013875065;0.075433355;0.023837079;0.09526355;0.040965948;0.11033704;0.066505485;0.12563011
0.651;0.349;0.01341009;0.076827547;0.023040092;0.097012322;0.039593115;0.11237633;0.064276781;0.12795206
0.652;0.348;0.012961727;0.078237885;0.022270486;0.09878356;0.038269329;0.11443925;0.062127703;0.1303009
0.653;0.347;0.012528768;0.079666342;0.021526304;0.10057982;0.036991022;0.11652866;0.060052457;0.13267992
0.654;0.346;0.012110111;0.081114981;0.02080576;0.10240381;0.035754945;0.1186476;0.058045768;0.13509255
0.655;0.345;0.011704753;0.082585975;0.020107217;0.10425836;0.034558129;0.12079924;0.056102817;0.13754241
0.656;0.344;0.011311771;0.084081626;0.019429169;0.10614653;0.033397856;0.12298694;0.054219192;0.14003333
0.657;0.343;0.01093032;0.085604387;0.018770229;0.10807158;0.032271627;0.12521429;0.052390833;0.14256941
0.658;0.342;0.010559618;0.087156885;0.018129114;0.110037;0.031177135;0.12748515;0.050613999;0.14515501
0.659;0.341;0.010198944;0.088741948;0.017504631;0.1120466;0.03011225;0.12980363;0.048885229;0.14779484
0.66;0.34;0.009847628;0.090362635;0.016895672;0.1141045;0.029074991;0.13217423;0.047201309;0.15049401
0.661;0.339;0.009505044;0.092022275;0.016301198;0.1162152;0.028063517;0.1346018;0.045559247;0.15325805
0.662;0.338;0.009170609;0.093724504;0.015720238;0.11838367;0.027076103;0.13709166;0.043956247;0.15609301
0.663;0.337;0.008843777;0.095473316;0.015151874;0.12061536;0.026111135;0.13964966;0.042389685;0.15900556
0.664;0.336;0.008524031;0.097273117;0.01459524;0.12291634;0.025167089;0.14228225;0.04085709;0.16200303
0.665;0.335;0.008210884;0.099128797;0.014049513;0.12529337;0.024242527;0.14499657;0.039356125;0.16509357
0.666;0.334;0.007903873;0.10104581;0.013513906;0.12775401;0.02333608;0.14780059;0.03788457;0.16828624
0.667;0.333;0.007602555;0.10303025;0.012987664;0.1303068;0.022446443;0.15070326;0.036440304;0.17159122
0.668;0.332;0.007306506;0.10508901;0.012470058;0.13296142;0.021572362;0.15371462;0.03502129;0.17501997
0.669;0.331;0.007015314;0.10722989;0.011960379;0.13572889;0.020712624;0.15684611;0.033625563;0.17858549
0.67;0.33;0.006728583;0.10946178;0.01145793;0.13862186;0.019866052;0.16011071;0.03225121;0.18230258
0.671;0.329;0.006445919;0.11179489;0.010962028;0.14165497;0.019031491;0.16352337;0.030896356;0.18618824
0.672;0.328;0.006166938;0.114241;0.010471986;0.14484522;0.018207802;0.16710133;0.029559153;0.19026212
0.673;0.327;0.005891254;0.11681386;0.009987117;0.14821261;0.017393849;0.17086467;0.028237754;0.19454707
0.674;0.326;0.005618479;0.11952957;0.009506718;0.15178079;0.016588486;0.17483696;0.026930301;0.19906994
0.675;0.325;0.00534822;0.12240721;0.009030066;0.15557804;0.015790549;0.17904611;0.025634904;0.20386249
0.676;0.324;0.005080069;0.12546959;0.008556404;0.15963853;0.014998836;0.18352548;0.024349609;0.20896272
0.677;0.323;0.004813599;0.12874427;0.008084928;0.16400408;0.014212088;0.18831539;0.023072377;0.21441652
0.678;0.322;0.00454836;0.13226497;0.007614772;0.16872651;0.013428973;0.19346514;0.022905806;0.21515881
0.679;0.321;0.004283863;0.13607349;0.007144982;0.17387111;0.012648049;0.1990359;0.022905806;0.21515881
0.68;0.32;0.004019572;0.14022248;0.006674487;0.17952156;0.011867732;0.20510466;0.022905806;0.21515881
0.681;0.319;0.003754884;0.14477941;0.006202062;0.18578737;0.011086246;0.21177013;0.022905806;0.21515881
0.682;0.318;0.003489111;0.14983262;0.005726262;0.19281542;0.010301553;0.2191615;0.022905806;0.21515881
0.683;0.317;0.003221439;0.15550056;0.005245346;0.20080858;0.009511256;0.22745205;0.021274743;0.22267952
0.684;0.316;0.002950889;0.16194683;0.004757136;0.2100572;0.00871246;0.23688106;0.019487998;0.23191069
0.685;0.315;0.002676235;0.16940561;0.004258814;0.22099603;0.007901549;0.24779108;0.017674156;0.24259178
0.686;0.314;0.002395892;0.17822748;0.003746552;0.23431462;0.00707384;0.26069491;0.015822741;0.25522486
0.687;0.313;0.002107708;0.18896858;0.003214848;0.25119522;0.00622298;0.27640601;0.01391954;0.2706063
0.688;0.312;0.001808586;0.20258234;0.002655118;0.27390143;0.005339825;0.29631898;0.011944101;0.29010144
0.689;0.311;0.001493697;0.2208943;0.002052284;0.30757774;0.00441012;0.32310404;0.010685776;0.30510045
0.69;0.31;0.001154559;0.24805336;0.001496757;0.3543367;0.004242674;0.32879662;0.010685776;0.30510045
0.691;0.309;0.000772832;0.29693955;0.001496757;0.3543367;0.004242674;0.32879662;0.010685776;0.30510045
0.692;0.308;0.000502475;0.35987163;0.001496757;0.3543367;0.004242674;0.32879662;0.010685776;0.30510045
0.693;0.307;0.000502475;0.35987163;0.001496757;0.3543367;0.004242674;0.32879662;0.010685776;0.30510045
0.694;0.306;0.000502475;0.35987163;0.001496757;0.3543367;0.004242674;0.32879662;0.010685776;0.30510045
0.695;0.305;0.000502475;0.35987163;0.001496757;0.3543367;0.004242674;0.32879662;0.010685776;0.30510045
0.696;0.304;0.000502475;0.35987163;0.001496757;0.3543367;0.004242674;0.32879662;0.010685776;0.30510045
0.697;0.303;0.000502475;0.35987163;0.001496757;0.3543367;0.004242674;0.32879662;0.010685776;0.30510045
0.698;0.302;0.000502475;0.35987163;0.001496757;0.3543367;0.004242674;0.32879662;0.010685776;0.30510045
0.699;0.301;0.000502475;0.35987163;0.001496757;0.3543367;0.004242674;0.32879662;0.010685776;0.30510045
0.7;0.3;0.000502475;0.35987163;0.001496757;0.3543367;0.004242674;0.32879662;0.010685776;0.30510045
0.701;0.299;0.000502475;0.35987163;0.001496757;0.3543367;0.004242674;0.32879662;0.010685776;0.30510045
0.702;0.298;0.000502475;0.35987163;0.001496757;0.3543367;0.004242674;0.32879662;0.010685776;0.30510045
0.703;0.297;0.000502475;0.35987163;0.001496757;0.3543367;0.004242674;0.32879662;0.010685776;0.30510045
0.704;0.296;0.000502475;0.35987163;0.001496757;0.3543367;0.004242674;0.32879662;0.010685776;0.30510045
0.705;0.295;0.000502475;0.35987163;0.001496757;0.3543367;0.004242674;0.32879662;0.010685776;0.30510045
0.706;0.294;0.000502475;0.35987163;0.001496757;0.3543367;0.004242674;0.32879662;0.010685776;0.30510045
0.707;0.293;0.000502475;0.35987163;0.001496757;0.3543367;0.004242674;0.32879662;0.010685776;0.30510045
0.708;0.292;0.000502475;0.35987163;0.001496757;0.3543367;0.004242674;0.32879662;0.010685776;0.30510045
0.709;0.291;0.000502475;0.35987163;0.001496757;0.3543367;0.004242674;0.32879662;0.010685776;0.30510045
0.71;0.29;0.000502475;0.35987163;0.001496757;0.3543367;0.004242674;0.32879662;0.010685776;0.30510045
0.711;0.289;0.000502475;0.35987163;0.001496757;0.3543367;0.004242674;0.32879662;0.010685776;0.30510045
0.712;0.288;0.000502475;0.35987163;0.001496757;0.3543367;0.004242674;0.32879662;0.010685776;0.30510045
0.713;0.287;0.000502475;0.35987163;0.001496757;0.3543367;0.004242674;0.32879662;0.010685776;0.30510045
0.714;0.286;0.000502475;0.35987163;0.001496757;0.3543367;0.004242674;0.32879662;0.010685776;0.30510045
0.715;0.285;0.000502475;0.35987163;0.001496757;0.3543367;0.004242674;0.32879662;0.010685776;0.30510045
0.716;0.284;0.000502475;0.35987163;0.001496757;0.3543367;0.004242674;0.32879662;0.010685776;0.30510045
0.717;0.283;0.000502475;0.35987163;0.001496757;0.3543367;0.004242674;0.32879662;0.010685776;0.30510045
0.718;0.282;0.000502475;0.35987163;0.001496757;0.3543367;0.004242674;0.32879662;0.010685776;0.30510045
0.719;0.281;0.000502475;0.35987163;0.001496757;0.3543367;0.004242674;0.32879662;0.010685776;0.30510045
0.72;0.28;0.000502475;0.35987163;0.001496757;0.3543367;0.004242674;0.32879662;0.010685776;0.30510045
0.721;0.279;0.000502475;0.35987163;0.001496757;0.3543367;0.004242674;0.32879662;0.010685776;0.30510045
0.722;0.278;0.000502475;0.35987163;0.001496757;0.3543367;0.004242674;0.32879662;0.010685776;0.30510045
0.723;0.277;0.000502475;0.35987163;0.001496757;0.3543367;0.004242674;0.32879662;0.010685776;0.30510045
0.724;0.276;0.000502475;0.35987163;0.001496757;0.3543367;0.004242674;0.32879662;0.010685776;0.30510045
0.725;0.275;0.000502475;0.35987163;0.001496757;0.3543367;0.004242674;0.32879662;0.010685776;0.30510045
0.726;0.274;0.000502475;0.35987163;0.001496757;0.3543367;0.004242674;0.32879662;0.010685776;0.30510045
0.727;0.273;0.000502475;0.35987163;0.001496757;0.3543367;0.004242674;0.32879662;0.010685776;0.30510045
0.728;0.272;0.000502475;0.35987163;0.001496757;0.3543367;0.004242674;0.32879662;0.010685776;0.30510045
0.729;0.271;0.000502475;0.35987163;0.001496757;0.3543367;0.004242674;0.32879662;0.010685776;0.30510045
0.73;0.27;0.000502475;0.35987163;0.001496757;0.3543367;0.004242674;0.32879662;0.010685776;0.30510045
0.731;0.269;0.000502475;0.35987163;0.001496757;0.3543367;0.004242674;0.32879662;0.010512347;0.30694636
0.732;0.268;0.000502475;0.35987163;0.001496757;0.3543367;0.004242674;0.32879662;0.010263917;0.30965273
0.733;0.267;0.000502475;0.35987163;0.001496757;0.3543367;0.004242674;0.32879662;0.01002056;0.31237811
0.734;0.266;0.000502475;0.35987163;0.001496757;0.3543367;0.004242674;0.32879662;0.00978219;0.31512255
0.735;0.265;0.000502475;0.35987163;0.001496757;0.3543367;0.004242674;0.32879662;0.009548725;0.31788612
0.736;0.264;0.000502475;0.35987163;0.001496757;0.3543367;0.004242674;0.32879662;0.009320083;0.32066884
0.737;0.263;0.000502475;0.35987163;0.001496757;0.3543367;0.004242674;0.32879662;0.009096183;0.32347079
0.738;0.262;0.000502475;0.35987163;0.001496757;0.3543367;0.004242674;0.32879662;0.008876944;0.32629199
0.739;0.261;0.000502475;0.35987163;0.001496757;0.3543367;0.004242674;0.32879662;0.008662288;0.3291325
0.74;0.26;0.000502475;0.35987163;0.001496757;0.3543367;0.004242674;0.32879662;0.008452136;0.33199235
0.741;0.259;0.000502475;0.35987163;0.001496757;0.3543367;0.004242674;0.32879662;0.00824641;0.33487159
0.742;0.258;0.000502475;0.35987163;0.001496757;0.3543367;0.004242674;0.32879662;0.008045035;0.33777026
0.743;0.257;0.000502475;0.35987163;0.001496757;0.3543367;0.004242674;0.32879662;0.007847935;0.34068839
0.744;0.256;0.000502475;0.35987163;0.001496757;0.3543367;0.004242674;0.32879662;0.007655035;0.34362604
0.745;0.255;0.000502475;0.35987163;0.001496757;0.3543367;0.004242674;0.32879662;0.007466261;0.34658322
0.746;0.254;0.000502475;0.35987163;0.001496757;0.3543367;0.004242674;0.32879662;0.007281542;0.34955998
0.747;0.253;0.000502475;0.35987163;0.001496757;0.3543367;0.004242674;0.32879662;0.007100805;0.35255634
0.748;0.252;0.000502475;0.35987163;0.001496757;0.3543367;0.004242674;0.32879662;0.006923979;0.35557234
0.749;0.251;0.000502475;0.35987163;0.001496757;0.3543367;0.00417866;0.33047846;0.006750995;0.35860801
0.75;0.25;0.000502475;0.35987163;0.001496757;0.3543367;0.004063342;0.33358399;0.006581783;0.36166338
0.751;0.249;0.000502475;0.35987163;0.001496757;0.3543367;0.00395084;0.3367123;0.006416275;0.36473846
0.752;0.248;0.000502475;0.35987163;0.001496757;0.3543367;0.003841098;0.33986346;0.006254404;0.36783329
0.753;0.247;0.000502475;0.35987163;0.001496757;0.3543367;0.003734056;0.34303752;0.006096104;0.37094789
0.754;0.246;0.000502475;0.35987163;0.001496757;0.3543367;0.003629658;0.34623452;0.005941309;0.37408228
0.755;0.245;0.000502475;0.35987163;0.001496757;0.3543367;0.00352785;0.34945452;0.005789954;0.37723647
0.756;0.244;0.000502475;0.35987163;0.001496757;0.3543367;0.003428575;0.35269756;0.005641977;0.38041049
0.757;0.243;0.000502475;0.35987163;0.001496757;0.3543367;0.003331781;0.3559637;0.005497313;0.38360435
0.758;0.242;0.000502475;0.35987163;0.001496757;0.3543367;0.003237414;0.35925297;0.005355901;0.38681806
0.759;0.241;0.000502475;0.35987163;0.001496757;0.3543367;0.003145423;0.36256541;0.005217681;0.39005163
0.76;0.24;0.000502475;0.35987163;0.001496757;0.3543367;0.003055756;0.36590108;0.005082591;0.39330507
0.761;0.239;0.000502475;0.35987163;0.001496757;0.3543367;0.002968363;0.36925999;0.004950572;0.3965784
0.762;0.238;0.000502475;0.35987163;0.001496757;0.3543367;0.002883195;0.37264219;0.004821566;0.39987161
0.763;0.237;0.000502475;0.35987163;0.001496757;0.3543367;0.002800202;0.37604772;0.004695515;0.40318471
0.764;0.236;0.000502475;0.35987163;0.001496757;0.3543367;0.002719338;0.37947659;0.004572362;0.40651769
0.765;0.235;0.000502475;0.35987163;0.001476807;0.35579386;0.002640555;0.38292885;0.004452052;0.40987057
0.766;0.234;0.000502475;0.35987163;0.001428903;0.35938593;0.002563808;0.38640451;0.004334528;0.41324333
0.767;0.233;0.000502475;0.35987163;0.001382403;0.36300579;0.00248905;0.3899036;0.004219737;0.41663597
0.768;0.232;0.000502475;0.35987163;0.001337272;0.36665353;0.002416238;0.39342614;0.004107625;0.42004849
0.769;0.231;0.000502475;0.35987163;0.001293474;0.37032918;0.002345328;0.39697215;0.00399814;0.42348086
0.77;0.23;0.000502475;0.35987163;0.001250974;0.37403281;0.002276277;0.40054164;0.003891228;0.42693309
0.771;0.229;0.000502475;0.35987163;0.001209738;0.37776448;0.002209043;0.40413463;0.003786839;0.43040516
0.772;0.228;0.000502475;0.35987163;0.001169733;0.38152423;0.002143585;0.40775113;0.003684923;0.43389704
0.773;0.227;0.000502475;0.35987163;0.001130927;0.38531212;0.002079862;0.41139114;0.00358543;0.43740873
0.774;0.226;0.000502475;0.35987163;0.001113728;0.3870378;0.002017834;0.41505467;0.003488311;0.44094019
0.775;0.225;0.000502475;0.35987163;0.001113728;0.3870378;0.001957462;0.41874173;0.003393518;0.44449141
0.776;0.224;0.000502475;0.35987163;0.001113728;0.3870378;0.001898708;0.42245231;0.003301003;0.44806236
0.777;0.223;0.000502475;0.35987163;0.001113728;0.3870378;0.001841534;0.42618641;0.003210721;0.45165301
0.778;0.222;0.000502475;0.35987163;0.001113728;0.3870378;0.001785904;0.42994402;0.003122625;0.45526333
0.779;0.221;0.000502475;0.35987163;0.001113728;0.3870378;0.001731781;0.43372514;0.00303667;0.45889329
0.78;0.22;0.000502475;0.35987163;0.001113728;0.3870378;0.001679129;0.43752976;0.002952812;0.46254285
0.781;0.219;0.000502475;0.35987163;0.001113728;0.3870378;0.001627914;0.44135785;0.002871006;0.46621197
0.782;0.218;0.000502475;0.35987163;0.001113728;0.3870378;0.001578102;0.4452094;0.002791211;0.4699006
0.783;0.217;0.000502475;0.35987163;0.001113728;0.3870378;0.001529659;0.44908439;0.002713384;0.47360872
0.784;0.216;0.000502475;0.35987163;0.001113728;0.3870378;0.001527796;0.44923603;0.002637483;0.47733626
0.785;0.215;0.000502475;0.35987163;0.001113728;0.3870378;0.001527796;0.44923603;0.002563468;0.48108318
0.786;0.214;0.000502475;0.35987163;0.001113728;0.3870378;0.001527796;0.44923603;0.002491298;0.48484943
0.787;0.213;0.000502475;0.35987163;0.001113728;0.3870378;0.001527796;0.44923603;0.002420935;0.48863495
0.788;0.212;0.000502475;0.35987163;0.001113728;0.3870378;0.001527796;0.44923603;0.002352338;0.49243969
0.789;0.211;0.000502475;0.35987163;0.001113728;0.3870378;0.001527796;0.44923603;0.00228547;0.49626358
0.79;0.21;0.000502475;0.35987163;0.001113728;0.3870378;0.001527796;0.44923603;0.002220294;0.50010656
0.791;0.209;0.000502475;0.35987163;0.001113728;0.3870378;0.001527796;0.44923603;0.002167595;0.50330218
0.792;0.208;0.000502475;0.35987163;0.001113728;0.3870378;0.001527796;0.44923603;0.002167595;0.50330218
0.793;0.207;0.000502475;0.35987163;0.001113728;0.3870378;0.001527796;0.44923603;0.002167595;0.50330218
0.794;0.206;0.000502475;0.35987163;0.001113728;0.3870378;0.001527796;0.44923603;0.002167595;0.50330218
0.795;0.205;0.000502475;0.35987163;0.001113728;0.3870378;0.001527796;0.44923603;0.002167595;0.50330218
0.796;0.204;0.000502475;0.35987163;0.001113728;0.3870378;0.001527796;0.44923603;0.002167595;0.50330218
0.797;0.203;0.000502475;0.35987163;0.001113728;0.3870378;0.001527796;0.44923603;0.002167595;0.50330218
0.798;0.202;0.000502475;0.35987163;0.001108297;0.38751432;0.001527796;0.44923603;0.002167595;0.50330218
0.799;0.201;0.000502475;0.35987163;0.001074815;0.39050699;0.001527796;0.44923603;0.002167595;0.50330218
0.8;0.2;0.000502475;0.35987163;0.001042237;0.39351393;0.001527796;0.44923603;0.002167595;0.50330218
0.801;0.199;0.000502475;0.35987163;0.001010544;0.39653507;0.001527796;0.44923603;0.002167595;0.50330218
0.802;0.198;0.000498417;0.36059342;0.000979713;0.39957034;0.001527796;0.44923603;0.002167595;0.50330218
0.803;0.197;0.000481526;0.36366608;0.000949725;0.40261965;0.001527796;0.44923603;0.002167595;0.50330218
0.804;0.196;0.000465154;0.36675551;0.00092056;0.40568295;0.001527796;0.44923603;0.002167595;0.50330218
0.805;0.195;0.000449288;0.36986165;0.000892197;0.40876013;0.001527796;0.44923603;0.002167595;0.50330218
0.806;0.194;0.000433913;0.37298443;0.000864618;0.41185113;0.001527796;0.44923603;0.002167595;0.50330218
0.807;0.193;0.000419016;0.37612379;0.000837804;0.41495585;0.001527796;0.44923603;0.002167595;0.50330218
0.808;0.192;0.000404584;0.37927964;0.000811736;0.41807421;0.001527796;0.44923603;0.002167595;0.50330218
0.809;0.191;0.000390604;0.38245192;0.000786396;0.42120612;0.001527796;0.44923603;0.002167595;0.50330218
0.81;0.19;0.000377064;0.38564054;0.000761767;0.42435147;0.001491468;0.45178608;0.002167595;0.50330218
0.811;0.189;0.00036395;0.38884543;0.000737831;0.42751019;0.001448868;0.45485742;0.002167595;0.50330218
0.812;0.188;0.000351251;0.39206649;0.00071457;0.43068217;0.001407348;0.45793988;0.002167595;0.50330218
0.813;0.187;0.000338956;0.39530364;0.000691969;0.4338673;0.001366883;0.46103334;0.002167595;0.50330218
0.814;0.186;0.000327052;0.39855678;0.00067001;0.43706548;0.001327451;0.46413771;0.002167595;0.50330218
0.815;0.185;0.00031553;0.40182583;0.000648679;0.44027661;0.001289028;0.46725287;0.002167595;0.50330218
0.816;0.184;0.000304377;0.40511067;0.000627958;0.44350058;0.001251593;0.47037872;0.002167595;0.50330218
0.817;0.183;0.000293583;0.40841122;0.000607834;0.44673727;0.001215125;0.47351515;0.002167595;0.50330218
0.818;0.182;0.000283139;0.41172736;0.00058829;0.44998656;0.0011796;0.47666204;0.002167595;0.50330218
0.819;0.181;0.000273033;0.41505899;0.000569312;0.45324835;0.001144999;0.47981928;0.002124516;0.50554552
0.82;0.18;0.000263256;0.418406;0.000550885;0.45652251;0.0011113;0.48298674;0.002066892;0.50861672
0.821;0.179;0.000253799;0.42176826;0.000532997;0.4598089;0.001078484;0.48616431;0.00201064;0.51169625
0.822;0.178;0.000244652;0.42514566;0.000515631;0.46310742;0.00104653;0.48935186;0.001955733;0.51478397
0.823;0.177;0.000235805;0.42853808;0.000498777;0.46641792;0.001015419;0.49254927;0.001902145;0.51787977
0.824;0.176;0.000227251;0.43194539;0.000482419;0.46974028;0.000985132;0.4957564;0.001849847;0.52098352
0.825;0.175;0.000218981;0.43536746;0.000466545;0.47307436;0.000955649;0.49897314;0.001798814;0.5240951
0.826;0.174;0.000210985;0.43880416;0.000451142;0.47642002;0.000926952;0.50219934;0.001749019;0.52721437
0.827;0.173;0.000203256;0.44225535;0.000436199;0.47977712;0.000899024;0.50543487;0.001700438;0.53034121
0.828;0.172;0.000195786;0.44572089;0.000421703;0.48314551;0.000871845;0.50867958;0.001653045;0.53347549
0.829;0.171;0.000188567;0.44920064;0.000407642;0.48652505;0.0008454;0.51193335;0.001606814;0.53661706
0.83;0.17;0.000181592;0.45269445;0.000394004;0.48991558;0.00081967;0.51519603;0.001561723;0.5397658
0.831;0.169;0.000174852;0.45620217;0.000380779;0.49331696;0.000794638;0.51846747;0.001517747;0.54292156
0.832;0.168;0.000168342;0.45972364;0.000367955;0.49672902;0.000770289;0.52174752;0.001474862;0.5460842
0.833;0.167;0.000162053;0.46325871;0.000355522;0.50015161;0.000746607;0.52503603;0.001433045;0.54925359
0.834;0.166;0.00015598;0.46680721;0.000343468;0.50358457;0.000723574;0.52833286;0.001392274;0.55242957
0.835;0.165;0.000150114;0.47036897;0.000331785;0.50702772;0.000701176;0.53163784;0.001352526;0.55561201
0.836;0.164;0.000144451;0.47394383;0.000320461;0.5104809;0.000679397;0.53495081;0.00131378;0.55880074
0.837;0.163;0.000138984;0.47753161;0.000309487;0.51394393;0.000658224;0.53827162;0.001276013;0.56199562
0.838;0.162;0.000133706;0.48113214;0.000298853;0.51741665;0.00063764;0.54160011;0.001239204;0.5651965
0.839;0.161;0.000128612;0.48474523;0.00028855;0.52089888;0.000617631;0.5449361;0.001203333;0.56840322
0.84;0.16;0.000123696;0.48837069;0.000278568;0.52439042;0.000598184;0.54827943;0.001168379;0.57161562
0.841;0.159;0.000118952;0.49200835;0.0002689;0.52789111;0.000579285;0.55162993;0.001134322;0.57483354
0.842;0.158;0.000114375;0.495658;0.000259535;0.53140074;0.00056092;0.55498742;0.001101142;0.57805683
0.843;0.157;0.00010996;0.49931944;0.000250466;0.53491914;0.000543076;0.55835174;0.00106882;0.58128532
0.844;0.156;0.000105701;0.50299248;0.000241685;0.5384461;0.00052574;0.56172269;0.001037337;0.58451883
0.845;0.155;0.000101593;0.50667692;0.000233182;0.54198144;0.0005089;0.56510011;0.001006674;0.58775722
0.846;0.154;9.7632E-05;0.51037254;0.000224951;0.54552494;0.000492543;0.5684838;0.000976812;0.59100029
0.847;0.153;9.38126E-05;0.51407913;0.000216983;0.54907641;0.000476656;0.57187358;0.000947734;0.59424789
0.848;0.152;9.01304E-05;0.51779647;0.000209271;0.55263564;0.000461229;0.57526927;0.000919421;0.59749984
0.849;0.151;8.6581E-05;0.52152435;0.000201808;0.55620242;0.000446249;0.57867067;0.000891857;0.60075596
0.85;0.15;8.316E-05;0.52526253;0.000194587;0.55977654;0.000431705;0.58207758;0.000865024;0.60401607
0.851;0.149;7.98631E-05;0.52901079;0.0001876;0.56335778;0.000417586;0.58548982;0.000838906;0.60728
0.852;0.148;7.66863E-05;0.53276891;0.000180841;0.56694593;0.00040388;0.58890718;0.000813486;0.61054755
0.853;0.147;7.36256E-05;0.53653663;0.000174302;0.57054076;0.000390579;0.59232946;0.000788748;0.61381855
0.854;0.146;7.06772E-05;0.54031372;0.000167979;0.57414204;0.000377669;0.59575646;0.000764676;0.61709281
0.855;0.145;6.78374E-05;0.54409994;0.000161864;0.57774956;0.000365143;0.59918798;0.000741255;0.62037014
0.856;0.144;6.51024E-05;0.54789504;0.000155951;0.58136307;0.000352989;0.60262379;0.000718469;0.62365035
0.857;0.143;6.24689E-05;0.55169876;0.000150234;0.58498234;0.000341198;0.6060637;0.000696304;0.62693324
0.858;0.142;5.99332E-05;0.55551085;0.000144708;0.58860714;0.000329761;0.60950749;0.000674745;0.63021862
0.859;0.141;5.74923E-05;0.55933104;0.000139366;0.59223722;0.000318667;0.61295494;0.000653777;0.6335063
0.86;0.14;5.51428E-05;0.56315908;0.000134204;0.59587234;0.000307909;0.61640583;0.000633386;0.63679607
0.861;0.139;5.28816E-05;0.56699469;0.000129215;0.59951226;0.000297476;0.61985994;0.000613559;0.64008774
0.862;0.138;5.07057E-05;0.57083761;0.000124395;0.60315672;0.000287361;0.62331705;0.000594283;0.6433811
0.863;0.137;4.86123E-05;0.57468755;0.000119738;0.60680546;0.000277554;0.62677693;0.000575543;0.64667594
0.864;0.136;4.65983E-05;0.57854423;0.00011524;0.61045824;0.000268048;0.63023935;0.000557327;0.64997206
0.865;0.135;4.46611E-05;0.58240737;0.000110895;0.61411479;0.000258834;0.63370409;0.000539622;0.65326925
0.866;0.134;4.27981E-05;0.58627669;0.0001067;0.61777486;0.000249905;0.6371709;0.000522415;0.65656729
0.867;0.133;4.10066E-05;0.59015188;0.000102648;0.62143817;0.000241252;0.64063956;0.000505696;0.65986598
0.868;0.132;3.92841E-05;0.59403266;9.87369E-05;0.62510445;0.000232868;0.64410981;0.00048945;0.6631651
0.869;0.131;3.76282E-05;0.59791871;9.49609E-05;0.62877344;0.000224746;0.64758143;0.000473667;0.66646443
0.87;0.13;3.60366E-05;0.60180975;9.13164E-05;0.63244486;0.000216878;0.65105417;0.000458336;0.66976376
0.871;0.129;3.4507E-05;0.60570545;8.7799E-05;0.63611843;0.000209258;0.65452778;0.000443445;0.67306285
0.872;0.128;3.30372E-05;0.60960551;8.44048E-05;0.63979387;0.000201878;0.65800202;0.000428982;0.6763615
0.873;0.127;3.1625E-05;0.61350961;8.113E-05;0.6434709;0.000194732;0.66147663;0.000414938;0.67965947
0.874;0.126;3.02684E-05;0.61741743;7.79707E-05;0.64714923;0.000187813;0.66495136;0.000401301;0.68295654
0.875;0.125;2.89654E-05;0.62132865;7.49234E-05;0.65082857;0.000181114;0.66842595;0.000388062;0.68625247
0.876;0.124;2.7714E-05;0.62524294;7.19843E-05;0.65450863;0.000174631;0.67190016;0.00037521;0.68954705
0.877;0.123;2.65125E-05;0.62915996;6.91501E-05;0.65818911;0.000168355;0.67537371;0.000362735;0.69284003
0.878;0.122;2.53589E-05;0.63307939;6.64175E-05;0.66186971;0.000162283;0.67884635;0.000350628;0.69613118
0.879;0.121;2.42515E-05;0.63700088;6.3783E-05;0.66555014;0.000156407;0.68231781;0.000338879;0.69942027
0.88;0.12;2.31887E-05;0.64092409;6.12435E-05;0.66923009;0.000150722;0.68578783;0.00032748;0.70270706
0.881;0.119;2.21688E-05;0.64484867;5.8796E-05;0.67290925;0.000145222;0.68925613;0.00031642;0.7059913
0.882;0.118;2.11901E-05;0.64877428;5.64375E-05;0.67658731;0.000139903;0.69272245;0.000305691;0.70927277
0.883;0.117;2.02513E-05;0.65270055;5.4165E-05;0.68026396;0.000134758;0.69618651;0.000295284;0.7125512
0.884;0.116;1.93508E-05;0.65662714;5.19757E-05;0.68393889;0.000129784;0.69964804;0.000285191;0.71582637
0.885;0.115;1.84872E-05;0.66055367;4.98668E-05;0.68761177;0.000124974;0.70310675;0.000275404;0.71909802
0.886;0.114;1.7659E-05;0.66447979;4.78357E-05;0.69128228;0.000120324;0.70656238;0.000265914;0.7223659
0.887;0.113;1.6865E-05;0.66840513;4.58799E-05;0.69495011;0.000115829;0.71001463;0.000256714;0.72562977
0.888;0.112;1.61039E-05;0.67232931;4.39967E-05;0.69861493;0.000111486;0.71346322;0.000247795;0.72888938
0.889;0.111;1.53744E-05;0.67625196;4.21838E-05;0.7022764;0.000107288;0.71690788;0.000239151;0.73214446
0.89;0.11;1.46753E-05;0.6801727;4.04387E-05;0.7059342;0.000103232;0.7203483;0.000230774;0.73539477
0.891;0.109;1.40055E-05;0.68409115;3.87593E-05;0.70958799;9.93132E-05;0.7237842;0.000222656;0.73864004
0.892;0.108;1.33639E-05;0.68800692;3.71432E-05;0.71323744;9.5528E-05;0.72721529;0.000214791;0.74188003
0.893;0.107;1.27493E-05;0.69191962;3.55883E-05;0.71688221;9.18722E-05;0.73064128;0.000207172;0.74511447
0.894;0.106;1.21607E-05;0.69582886;3.40925E-05;0.72052195;8.83417E-05;0.73406186;0.000199792;0.7483431
0.895;0.105;1.15971E-05;0.69973425;3.26538E-05;0.72415633;8.49328E-05;0.73747675;0.000192644;0.75156566
0.896;0.104;1.10575E-05;0.70363538;3.12702E-05;0.72778499;8.16418E-05;0.74088563;0.000185721;0.75478188
0.897;0.103;1.0541E-05;0.70753185;2.99398E-05;0.7314076;7.84649E-05;0.74428822;0.000179019;0.7579915
0.898;0.102;1.00467E-05;0.71142326;2.86608E-05;0.73502379;7.53988E-05;0.7476842;0.00017253;0.76119425
0.899;0.101;9.57377E-06;0.7153092;2.74314E-05;0.73863321;7.24398E-05;0.75107327;0.000166249;0.76438987
0.9;0.1;9.12127E-06;0.71918926;2.62497E-05;0.74223552;6.95848E-05;0.75445513;0.00016017;0.76757808
0.901;0.099;8.68843E-06;0.72306302;2.51143E-05;0.74583035;6.68304E-05;0.75782946;0.000154287;0.77075862
0.902;0.098;8.27447E-06;0.72693006;2.40233E-05;0.74941735;6.41736E-05;0.76119597;0.000148594;0.7739312
0.903;0.097;7.87863E-06;0.73078998;2.29753E-05;0.75299614;6.16111E-05;0.76455432;0.000143086;0.77709556
0.904;0.096;7.50019E-06;0.73464233;2.19687E-05;0.75656638;5.91401E-05;0.76790422;0.000137758;0.78025143
0.905;0.095;7.13844E-06;0.73848671;2.10021E-05;0.76012769;5.67576E-05;0.77124535;0.000132605;0.78339852
0.906;0.094;6.79272E-06;0.74232267;2.00739E-05;0.76367971;5.44608E-05;0.77457739;0.000127622;0.78653657
0.907;0.093;6.46236E-06;0.74614979;1.91829E-05;0.76722207;5.22469E-05;0.77790002;0.000122803;0.78966528
0.908;0.092;6.14675E-06;0.74996763;1.83276E-05;0.77075439;5.01134E-05;0.78121293;0.000118144;0.79278439
0.909;0.091;5.84528E-06;0.75377577;1.75069E-05;0.7742763;4.80575E-05;0.78451579;0.000113641;0.79589361
0.91;0.09;5.55737E-06;0.75757375;1.67193E-05;0.77778744;4.60768E-05;0.78780829;0.000109288;0.79899266
0.911;0.089;5.28246E-06;0.76136113;1.59638E-05;0.78128741;4.41688E-05;0.79109009;0.000105081;0.80208126
0.912;0.088;5.02001E-06;0.76513749;1.52391E-05;0.78477585;4.23311E-05;0.79436088;0.000101017;0.80515912
0.913;0.087;4.76951E-06;0.76890236;1.4544E-05;0.78825238;4.05615E-05;0.79762033;9.70902E-05;0.80822596
0.914;0.086;4.53046E-06;0.7726553;1.38776E-05;0.79171661;3.88576E-05;0.80086811;9.32972E-05;0.8112815
0.915;0.085;4.30238E-06;0.77639586;1.32387E-05;0.79516816;3.72174E-05;0.80410389;8.96339E-05;0.81432544
0.916;0.084;4.0848E-06;0.7801236;1.26263E-05;0.79860665;3.56386E-05;0.80732735;8.60965E-05;0.81735751
0.917;0.083;3.87729E-06;0.78383804;1.20395E-05;0.80203169;3.41193E-05;0.81053815;8.2681E-05;0.82037741
0.918;0.082;3.67941E-06;0.78753874;1.14772E-05;0.8054429;3.26575E-05;0.81373596;7.93838E-05;0.82338485
0.919;0.081;3.49076E-06;0.79122525;1.09385E-05;0.80883989;3.12511E-05;0.81692046;7.62013E-05;0.82637955
0.92;0.08;3.31095E-06;0.79489709;1.04225E-05;0.81222226;2.98984E-05;0.82009131;7.31301E-05;0.82936121
0.921;0.079;3.13959E-06;0.79855382;9.92841E-06;0.81558963;2.85975E-05;0.82324817;7.01667E-05;0.83232955
0.922;0.078;2.97632E-06;0.80219496;9.45534E-06;0.81894161;2.73467E-05;0.8263907;6.73077E-05;0.83528426
0.923;0.077;2.8208E-06;0.80582005;9.00249E-06;0.8222778;2.61442E-05;0.82951858;6.455E-05;0.83822507
0.924;0.076;2.67268E-06;0.80942863;8.56908E-06;0.82559781;2.49884E-05;0.83263147;6.18904E-05;0.84115167
0.925;0.075;2.53164E-06;0.81302023;8.15435E-06;0.82890125;2.38776E-05;0.83572903;5.93258E-05;0.84406378
0.926;0.074;2.39737E-06;0.81659437;7.75759E-06;0.83218772;2.28103E-05;0.83881092;5.68534E-05;0.8469611
0.927;0.073;2.26958E-06;0.8201506;7.37809E-06;0.83545683;2.1785E-05;0.84187681;5.44701E-05;0.84984334
0.928;0.072;2.14798E-06;0.82368844;7.01517E-06;0.83870818;2.08003E-05;0.84492635;5.21731E-05;0.8527102
0.929;0.071;2.0323E-06;0.82720741;6.66818E-06;0.84194137;1.98546E-05;0.84795921;4.99598E-05;0.85556138
0.93;0.07;1.92227E-06;0.83070705;6.33649E-06;0.84515601;1.89467E-05;0.85097504;4.78274E-05;0.8583966
0.931;0.069;1.81764E-06;0.83418687;6.01949E-06;0.84835169;1.80751E-05;0.85397351;4.57734E-05;0.86121555
0.932;0.068;1.71817E-06;0.83764642;5.7166E-06;0.85152802;1.72386E-05;0.85695428;4.37952E-05;0.86401795
0.933;0.067;1.62363E-06;0.8410852;5.42726E-06;0.8546846;1.6436E-05;0.859917;4.18905E-05;0.86680349
0.934;0.066;1.53379E-06;0.84450275;5.15091E-06;0.85782104;1.5666E-05;0.86286134;4.00567E-05;0.86957188
0.935;0.065;1.44843E-06;0.84789859;4.88703E-06;0.86093692;1.49274E-05;0.86578695;3.82917E-05;0.87232282
0.936;0.064;1.36737E-06;0.85127224;4.63512E-06;0.86403185;1.42191E-05;0.86869349;3.65931E-05;0.87505602
0.937;0.063;1.29039E-06;0.85462322;4.3947E-06;0.86710544;1.35401E-05;0.87158062;3.49587E-05;0.87777118
0.938;0.062;1.21732E-06;0.85795107;4.16528E-06;0.87015728;1.28891E-05;0.87444801;3.33866E-05;0.88046801
0.939;0.061;1.14797E-06;0.86125529;3.94642E-06;0.87318698;1.22653E-05;0.8772953;3.18745E-05;0.8831462
0.94;0.06;1.08216E-06;0.86453541;3.73768E-06;0.87619412;1.16676E-05;0.88012216;3.04205E-05;0.88580547
0.941;0.059;1.01974E-06;0.86779096;3.53864E-06;0.87917833;1.10951E-05;0.88292825;2.90226E-05;0.88844552
0.942;0.058;9.60548E-07;0.87102146;3.34891E-06;0.88213919;1.05467E-05;0.88571322;2.7679E-05;0.89106605
0.943;0.057;9.04427E-07;0.87422643;3.16808E-06;0.88507631;1.00217E-05;0.88847675;2.63878E-05;0.89366677
0.944;0.056;8.51235E-07;0.8774054;2.99579E-06;0.88798928;9.5191E-06;0.89121848;2.51473E-05;0.89624738
0.945;0.055;8.00832E-07;0.88055789;2.83167E-06;0.89087773;9.03809E-06;0.89393807;2.39557E-05;0.89880759
0.946;0.054;7.53087E-07;0.88368342;2.67538E-06;0.89374123;8.57785E-06;0.8966352;2.28113E-05;0.90134711
0.947;0.053;7.07873E-07;0.88678152;2.52659E-06;0.89657941;8.13759E-06;0.89930951;2.17126E-05;0.90386563
0.948;0.052;6.65067E-07;0.88985172;2.38497E-06;0.89939187;7.71655E-06;0.90196068;2.06579E-05;0.90636288
0.949;0.051;6.24553E-07;0.89289354;2.25022E-06;0.9021782;7.31399E-06;0.90458836;1.96457E-05;0.90883855
0.95;0.05;5.86221E-07;0.89590652;2.12203E-06;0.90493803;6.9292E-06;0.90719223;1.86746E-05;0.91129235
0.951;0.049;5.49965E-07;0.89889017;2.00014E-06;0.90767095;6.56149E-06;0.90977193;1.7743E-05;0.913724
0.952;0.048;5.15682E-07;0.90184404;1.88425E-06;0.91037657;6.2102E-06;0.91232715;1.68497E-05;0.9161332
0.953;0.047;4.83276E-07;0.90476765;1.77411E-06;0.91305451;5.87468E-06;0.91485754;1.59932E-05;0.91851966
0.954;0.046;4.52654E-07;0.90766053;1.66947E-06;0.91570437;5.55432E-06;0.91736277;1.51722E-05;0.9208831
0.955;0.045;4.23727E-07;0.91052223;1.57007E-06;0.91832578;5.24852E-06;0.91984251;1.43856E-05;0.92322323
0.956;0.044;3.96412E-07;0.91335228;1.4757E-06;0.92091833;4.95669E-06;0.92229643;1.36319E-05;0.92553975
0.957;0.043;3.70628E-07;0.91615021;1.38612E-06;0.92348166;4.67829E-06;0.9247242;1.29101E-05;0.92783239
0.958;0.042;3.46296E-07;0.91891557;1.30112E-06;0.92601537;4.41278E-06;0.9271255;1.22191E-05;0.93010085
0.959;0.041;3.23345E-07;0.92164791;1.22049E-06;0.92851909;4.15963E-06;0.92949999;1.15576E-05;0.93234486
0.96;0.04;3.01704E-07;0.92434675;1.14404E-06;0.93099243;3.91835E-06;0.93184735;1.09245E-05;0.93456413
0.961;0.039;2.81305E-07;0.92701166;1.07157E-06;0.93343502;3.68845E-06;0.93416725;1.0319E-05;0.93675839
0.962;0.038;2.62086E-07;0.92964218;1.00291E-06;0.93584648;3.46947E-06;0.93645938;9.73986E-06;0.93892734
0.963;0.037;2.43985E-07;0.93223786;9.3787E-07;0.93822644;3.26096E-06;0.93872341;9.18618E-06;0.94107071
0.964;0.036;2.26944E-07;0.93479825;8.76292E-07;0.94057453;3.06249E-06;0.94095903;8.657E-06;0.94318822
0.965;0.035;2.10908E-07;0.93732292;8.18012E-07;0.94289037;2.87364E-06;0.94316591;8.1514E-06;0.94527961
0.966;0.034;1.95825E-07;0.93981142;7.62876E-07;0.94517361;2.69401E-06;0.94534374;7.66849E-06;0.94734458
0.967;0.033;1.81643E-07;0.94226332;7.10737E-07;0.94742388;2.52322E-06;0.9474922;7.2074E-06;0.94938287
0.968;0.032;1.68317E-07;0.94467817;6.61454E-07;0.94964082;2.36089E-06;0.94961099;6.76732E-06;0.95139421
0.969;0.031;1.55799E-07;0.94705556;6.14889E-07;0.95182406;2.20666E-06;0.95169979;6.34742E-06;0.95337832
0.97;0.03;1.44047E-07;0.94939504;5.70914E-07;0.95397325;2.06018E-06;0.95375829;5.94693E-06;0.95533495
0.971;0.029;1.33019E-07;0.95169621;5.29404E-07;0.95608803;1.92114E-06;0.95578619;5.56511E-06;0.95726381
0.972;0.028;1.22676E-07;0.95395863;4.90241E-07;0.95816806;1.78919E-06;0.95778319;5.20121E-06;0.95916465
0.973;0.027;1.12981E-07;0.95618189;4.53309E-07;0.96021299;1.66405E-06;0.95974898;4.85455E-06;0.9610372
0.974;0.026;1.03899E-07;0.95836557;4.185E-07;0.96222247;1.54541E-06;0.96168327;4.52443E-06;0.9628812
0.975;0.025;9.53951E-08;0.96050926;3.85709E-07;0.96419615;1.43298E-06;0.96358575;4.2102E-06;0.96469639
0.976;0.024;8.74378E-08;0.96261257;3.54837E-07;0.96613371;1.32649E-06;0.96545614;3.91124E-06;0.96648252
0.977;0.023;7.99965E-08;0.96467508;3.25789E-07;0.9680348;1.22568E-06;0.96729413;3.62692E-06;0.96823932
0.978;0.022;7.30424E-08;0.96669641;2.98472E-07;0.96989909;1.1303E-06;0.96909945;3.35665E-06;0.96996655
0.979;0.021;6.65479E-08;0.96867614;2.728E-07;0.97172626;1.0401E-06;0.9708718;3.09988E-06;0.97166395
0.98;0.02;6.04868E-08;0.97061391;2.48689E-07;0.97351597;9.54846E-07;0.97261091;2.85603E-06;0.97333128
0.981;0.019;5.48345E-08;0.97250932;2.2606E-07;0.9752679;8.74316E-07;0.97431648;2.62459E-06;0.97496828
0.982;0.018;4.95673E-08;0.97436199;2.04836E-07;0.97698175;7.98292E-07;0.97598824;2.40505E-06;0.97657472
0.983;0.017;4.4663E-08;0.97617155;1.84945E-07;0.97865718;7.26568E-07;0.97762591;2.19689E-06;0.97815034
0.984;0.016;4.01004E-08;0.97793763;1.66318E-07;0.9802939;6.58944E-07;0.97922923;1.99966E-06;0.97969492
0.985;0.015;3.58593E-08;0.97965985;1.48888E-07;0.98189159;5.95229E-07;0.98079793;1.81288E-06;0.98120821
0.986;0.014;3.19209E-08;0.98133788;1.32592E-07;0.98344995;5.3524E-07;0.98233172;1.63613E-06;0.98268998
0.987;0.013;2.8267E-08;0.98297134;1.17369E-07;0.98496868;4.78801E-07;0.98383037;1.46896E-06;0.98413999
0.988;0.012;2.48805E-08;0.98455988;1.03163E-07;0.9864475;4.25742E-07;0.98529359;1.31096E-06;0.98555802
0.989;0.011;2.17453E-08;0.98610318;8.9919E-08;0.9878861;3.75903E-07;0.98672114;1.16175E-06;0.98694384
0.99;0.01;1.88461E-08;0.98760087;7.75837E-08;0.9892842;3.29127E-07;0.98811277;1.02093E-06;0.98829723
0.991;0.009;1.61683E-08;0.98905264;6.61079E-08;0.99064153;2.85265E-07;0.98946821;8.88141E-07;0.98961795
0.992;0.008;1.36983E-08;0.99045816;5.5444E-08;0.99195779;2.44176E-07;0.99078724;7.63026E-07;0.99090581
0.993;0.007;1.1423E-08;0.99181709;4.5547E-08;0.99323273;2.05722E-07;0.99206959;6.45245E-07;0.99216057
0.994;0.006;9.33027E-09;0.99312914;3.63739E-08;0.99446608;1.69772E-07;0.99331504;5.34467E-07;0.99338202
0.995;0.005;7.40842E-09;0.99439399;2.78836E-08;0.99565756;1.36201E-07;0.99452335;4.30378E-07;0.99456996
0.996;0.004;5.64652E-09;0.99561133;2.00372E-08;0.99680692;1.04888E-07;0.99569429;3.32672E-07;0.99572418
0.997;0.003;4.03422E-09;0.99678087;1.27977E-08;0.99791392;7.57199E-08;0.99682763;2.41057E-07;0.99684447
0.998;0.002;2.56176E-09;0.99790231;6.12978E-09;0.99897829;4.8585E-08;0.99792314;1.55253E-07;0.99793064
0.999;0.001;1.21992E-09;0.99897538;6.12978E-09;0.9999998;2.33786E-08;0.9989806;7.49868E-08;0.99898248
1;0;1.21992E-09;0.9999998;6.12978E-09;0.9999998;2.33786E-08;0.9999998;7.49868E-08;0.9999998
